row_id,predicted_trips
TEST-00001,37.181758485251606
TEST-00002,56.86885407399074
TEST-00003,32.42515661168939
TEST-00004,56.55433486385297
TEST-00005,18.038163771331806
TEST-00006,23.713023704537946
TEST-00007,10.227290277561655
TEST-00008,55.499984590474185
TEST-00009,37.271106311631414
TEST-00010,55.768981659579175
TEST-00011,17.23112143982059
TEST-00012,9.500345532735922
TEST-00013,43.40800864768478
TEST-00014,7.253789227346592
TEST-00015,31.509985072090263
TEST-00016,27.09802007007603
TEST-00017,38.67135846381452
TEST-00018,24.12250796251772
TEST-00019,101.72129146555008
TEST-00020,49.34628533012466
TEST-00021,16.72931123969706
TEST-00022,28.887627668174556
TEST-00023,86.57250019620648
TEST-00024,6.957912397508651
TEST-00025,50.6158566133841
TEST-00026,28.822557089295
TEST-00027,17.288940871867865
TEST-00028,7.083698139275645
TEST-00029,17.27333816189369
TEST-00030,11.261714467837955
TEST-00031,6.21958114175809
TEST-00032,68.09262557720379
TEST-00033,33.78095371599502
TEST-00034,38.5531123598817
TEST-00035,44.93944256393061
TEST-00036,39.206747036938616
TEST-00037,50.11457799873509
TEST-00038,39.672042098726564
TEST-00039,22.678223558904886
TEST-00040,38.35041951273331
TEST-00041,15.433254218600123
TEST-00042,11.13805544731298
TEST-00043,21.54984219032127
TEST-00044,15.400604293693075
TEST-00045,53.419705862716086
TEST-00046,6.581016730661671
TEST-00047,105.43883901850751
TEST-00048,27.4953522846823
TEST-00049,21.119628346205545
TEST-00050,49.30308634491722
TEST-00051,46.24350860569471
TEST-00052,11.448505807571678
TEST-00053,35.92688129556387
TEST-00054,30.163159119513384
TEST-00055,66.29113212312528
TEST-00056,33.48657731007466
TEST-00057,62.50606640057541
TEST-00058,55.548842542405666
TEST-00059,100.76499818933571
TEST-00060,27.359224348612976
TEST-00061,24.21667260609794
TEST-00062,20.34229906850171
TEST-00063,5.792886195507639
TEST-00064,9.739260922952276
TEST-00065,37.47399742482805
TEST-00066,68.90416757418029
TEST-00067,12.942846046110082
TEST-00068,25.441799959812748
TEST-00069,30.74521239157415
TEST-00070,30.283609076136912
TEST-00071,38.190233627207924
TEST-00072,37.005533156711074
TEST-00073,45.35846797632337
TEST-00074,29.205902573830087
TEST-00075,83.27957777062295
TEST-00076,36.77323499352745
TEST-00077,33.27384885112087
TEST-00078,11.352750498302825
TEST-00079,17.865802488965954
TEST-00080,10.052110855455492
TEST-00081,6.108172462829826
TEST-00082,21.016848314694876
TEST-00083,20.376673768370303
TEST-00084,26.474322796603705
TEST-00085,34.19697791087516
TEST-00086,39.71470829887192
TEST-00087,8.732782764051668
TEST-00088,25.510380621939348
TEST-00089,38.196644563935756
TEST-00090,38.307444820588074
TEST-00091,13.05449304501446
TEST-00092,29.891501866086916
TEST-00093,17.75413383741076
TEST-00094,37.90015625170065
TEST-00095,20.383773442226445
TEST-00096,78.20914019277181
TEST-00097,37.17668073656921
TEST-00098,5.7414871078399345
TEST-00099,23.76132487286027
TEST-00100,5.586679595426266
TEST-00101,18.026450969564184
TEST-00102,51.07377192819478
TEST-00103,19.559706597396413
TEST-00104,49.56197868148342
TEST-00105,54.03019989355297
TEST-00106,47.2465286777221
TEST-00107,33.757235167195056
TEST-00108,28.54800519409728
TEST-00109,34.311077345596054
TEST-00110,31.36021850721068
TEST-00111,21.381911474606788
TEST-00112,32.29480290773081
TEST-00113,6.304547021384843
TEST-00114,47.937590595789295
TEST-00115,5.98782201848315
TEST-00116,65.28966001989075
TEST-00117,27.167441980090853
TEST-00118,31.47650601050577
TEST-00119,28.898585254370325
TEST-00120,85.79768829831966
TEST-00121,32.27320739405406
TEST-00122,26.855402390118517
TEST-00123,30.25776651179803
TEST-00124,64.87332267257894
TEST-00125,22.574483338586607
TEST-00126,12.196577308026598
TEST-00127,35.3769953101462
TEST-00128,75.55588247592293
TEST-00129,19.698582058770373
TEST-00130,6.543858872902435
TEST-00131,46.40351466630303
TEST-00132,3.7343815899413983
TEST-00133,4.5448575098639585
TEST-00134,45.46366029503657
TEST-00135,36.82566543489717
TEST-00136,37.09273124692302
TEST-00137,28.744277451025134
TEST-00138,20.78997399566186
TEST-00139,18.24264724330466
TEST-00140,14.27312551386358
TEST-00141,7.245937932874304
TEST-00142,6.597664487309026
TEST-00143,19.227154932771487
TEST-00144,51.9955468280375
TEST-00145,40.71905953795011
TEST-00146,5.716234141428732
TEST-00147,21.13391536409286
TEST-00148,9.739260922952276
TEST-00149,7.253789227346592
TEST-00150,36.21682943788519
TEST-00151,5.389427561312375
TEST-00152,10.442668864058614
TEST-00153,53.68557656732096
TEST-00154,22.028014803987098
TEST-00155,20.069304450091423
TEST-00156,56.73345711692892
TEST-00157,22.071059068496442
TEST-00158,6.46241824580866
TEST-00159,18.742651692821084
TEST-00160,12.050553535012636
TEST-00161,47.1856731613692
TEST-00162,32.109798563393845
TEST-00163,99.56094365048618
TEST-00164,26.45061516476992
TEST-00165,5.989546805011341
TEST-00166,29.299473192480413
TEST-00167,6.4594806691339945
TEST-00168,71.56472864101752
TEST-00169,5.99666610059466
TEST-00170,4.601068256725129
TEST-00171,20.837108322493908
TEST-00172,34.24342300127877
TEST-00173,7.6480805813116275
TEST-00174,38.64873336366039
TEST-00175,35.715346270316054
TEST-00176,25.435943032790025
TEST-00177,22.64759942090245
TEST-00178,33.36084100254966
TEST-00179,46.792292952649134
TEST-00180,54.15450379398075
TEST-00181,11.873334695212527
TEST-00182,42.15669626859953
TEST-00183,36.57160273639482
TEST-00184,68.84530537117277
TEST-00185,83.1506586065258
TEST-00186,9.829704205254128
TEST-00187,34.0007508917369
TEST-00188,23.06543999562474
TEST-00189,52.379239948301674
TEST-00190,6.433471288819661
TEST-00191,35.80000658677909
TEST-00192,23.969245609477067
TEST-00193,9.30419016210825
TEST-00194,48.48416245283916
TEST-00195,20.676485758149944
TEST-00196,20.170826127527505
TEST-00197,54.74704453737459
TEST-00198,43.32625217700101
TEST-00199,65.5273939684346
TEST-00200,57.172001679695086
TEST-00201,7.514205662686673
TEST-00202,37.69173920646164
TEST-00203,45.803928719478016
TEST-00204,35.43557635318258
TEST-00205,16.79393705408249
TEST-00206,6.8574230545418375
TEST-00207,6.0428666021487345
TEST-00208,73.349536074278
TEST-00209,10.525076767158057
TEST-00210,37.42305357508804
TEST-00211,44.31267823164067
TEST-00212,12.768642446482797
TEST-00213,46.218997223731726
TEST-00214,11.891556587985448
TEST-00215,47.738041509270346
TEST-00216,22.768469633981624
TEST-00217,45.03945585761566
TEST-00218,7.517664592915396
TEST-00219,41.90401244409527
TEST-00220,48.337153075064805
TEST-00221,8.77219490235523
TEST-00222,75.7348232858615
TEST-00223,7.537043568989776
TEST-00224,6.208986765047792
TEST-00225,37.223031234474185
TEST-00226,48.79962683678686
TEST-00227,7.326423028740689
TEST-00228,40.00290674607602
TEST-00229,46.76147094711996
TEST-00230,61.8924302519172
TEST-00231,29.089348913905443
TEST-00232,26.257654667870767
TEST-00233,35.01961901923699
TEST-00234,23.892352329609245
TEST-00235,29.547168704416713
TEST-00236,6.820927055243658
TEST-00237,36.45987228807251
TEST-00238,6.690468196231509
TEST-00239,9.173546144545215
TEST-00240,6.478975235007987
TEST-00241,7.284613745676771
TEST-00242,6.036336502277003
TEST-00243,50.44783244396641
TEST-00244,37.32013383696031
TEST-00245,11.202763879912242
TEST-00246,48.765567688263715
TEST-00247,26.006059982236746
TEST-00248,17.518167261691552
TEST-00249,25.340492216109627
TEST-00250,20.74325159501997
TEST-00251,52.81559365837106
TEST-00252,4.471775376521442
TEST-00253,41.04177300513636
TEST-00254,6.169272789971249
TEST-00255,8.562032176000896
TEST-00256,50.99118814996448
TEST-00257,19.22210029341288
TEST-00258,57.49202903566173
TEST-00259,33.52340731149079
TEST-00260,33.98843611696678
TEST-00261,38.31411814558448
TEST-00262,5.792886195507639
TEST-00263,30.441334758440508
TEST-00264,46.2977581447157
TEST-00265,23.06174521835185
TEST-00266,97.74198002579789
TEST-00267,39.27841846697531
TEST-00268,25.792047293033246
TEST-00269,34.99587191476205
TEST-00270,27.20330894549824
TEST-00271,76.66373417727092
TEST-00272,24.948474808457565
TEST-00273,43.87518599787929
TEST-00274,22.67091858181079
TEST-00275,26.238873125960875
TEST-00276,18.337472896418852
TEST-00277,33.0491154835731
TEST-00278,11.041868591640169
TEST-00279,20.744889570879977
TEST-00280,15.07703474930245
TEST-00281,31.225699539270348
TEST-00282,39.560416171178026
TEST-00283,79.16444648588867
TEST-00284,6.9661291128253
TEST-00285,26.533177789914287
TEST-00286,10.099100468624297
TEST-00287,37.44122695504942
TEST-00288,4.739488622555941
TEST-00289,86.59246144240771
TEST-00290,63.44959113226777
TEST-00291,20.429369252267147
TEST-00292,58.070586118904345
TEST-00293,37.159783770122765
TEST-00294,3.6697706649546205
TEST-00295,23.918059148466728
TEST-00296,13.909356369775438
TEST-00297,7.865559680890132
TEST-00298,25.160118145058764
TEST-00299,5.112870283488695
TEST-00300,6.494003754226684
TEST-00301,6.459281980079798
TEST-00302,19.384119060255358
TEST-00303,6.331150686695364
TEST-00304,38.84546494175977
TEST-00305,34.96397380608336
TEST-00306,19.064799621788147
TEST-00307,50.17821534492777
TEST-00308,19.97882514512569
TEST-00309,12.268613557232952
TEST-00310,42.02440965176742
TEST-00311,4.995496493667905
TEST-00312,34.176867687755134
TEST-00313,8.737517509866766
TEST-00314,47.22210094020667
TEST-00315,44.399510191402534
TEST-00316,7.081896702981033
TEST-00317,45.55063574827895
TEST-00318,46.07145187857656
TEST-00319,12.016720611684935
TEST-00320,32.95106979202154
TEST-00321,32.788718398943764
TEST-00322,6.3742016727227
TEST-00323,93.51940941757277
TEST-00324,8.940714756127889
TEST-00325,10.399879705065395
TEST-00326,22.064329281690213
TEST-00327,6.7433134225950235
TEST-00328,35.60345063830779
TEST-00329,43.149270927002625
TEST-00330,28.770687506277653
TEST-00331,34.45403601874619
TEST-00332,6.009504711605677
TEST-00333,11.594952694354339
TEST-00334,7.750815060347977
TEST-00335,20.338102323676004
TEST-00336,29.25550471704772
TEST-00337,9.325151767861236
TEST-00338,5.9502110721840324
TEST-00339,37.22940402764785
TEST-00340,6.740437443334272
TEST-00341,5.208959145958251
TEST-00342,41.989955030764925
TEST-00343,50.42900643263283
TEST-00344,23.458014763517333
TEST-00345,41.19919107298076
TEST-00346,8.114221118005162
TEST-00347,6.879630260629688
TEST-00348,10.150906967550748
TEST-00349,34.59890271389569
TEST-00350,97.60309699791965
TEST-00351,4.60915362580199
TEST-00352,32.0807266454815
TEST-00353,19.451347061944418
TEST-00354,51.4133462883067
TEST-00355,21.134729986569422
TEST-00356,52.520420016050565
TEST-00357,86.52183435506886
TEST-00358,29.048732916299436
TEST-00359,46.81114081783253
TEST-00360,30.612343895470975
TEST-00361,26.48346188432114
TEST-00362,68.93190945454947
TEST-00363,5.2050311027522635
TEST-00364,12.138095542236096
TEST-00365,43.87704892628315
TEST-00366,33.11676254510978
TEST-00367,6.415189146443486
TEST-00368,6.069426719258271
TEST-00369,5.294869609743252
TEST-00370,38.65324903752715
TEST-00371,19.729492179954455
TEST-00372,5.850643629745806
TEST-00373,7.081896702981033
TEST-00374,10.370713420535438
TEST-00375,29.930867221372498
TEST-00376,8.991767411643902
TEST-00377,19.199786866026514
TEST-00378,26.69347042106444
TEST-00379,30.307311083176423
TEST-00380,12.060358684682754
TEST-00381,8.791100717572354
TEST-00382,8.226410649870132
TEST-00383,23.558000210558152
TEST-00384,62.9753667203543
TEST-00385,5.987569164104198
TEST-00386,5.5098276514913636
TEST-00387,31.048437985085393
TEST-00388,60.599068878430415
TEST-00389,52.23444331144903
TEST-00390,44.67749643139789
TEST-00391,42.27613525363497
TEST-00392,25.781273720277824
TEST-00393,18.527494061692895
TEST-00394,5.707360347706257
TEST-00395,48.03406785754292
TEST-00396,12.1250687939671
TEST-00397,39.417489549556265
TEST-00398,50.224642234419825
TEST-00399,64.13240784460014
TEST-00400,47.77949780310164
TEST-00401,18.69660210465951
TEST-00402,41.395543841134405
TEST-00403,27.390651268907916
TEST-00404,50.930204093424614
TEST-00405,76.36183227003666
TEST-00406,22.56586971805178
TEST-00407,6.182705660763464
TEST-00408,53.078163882285146
TEST-00409,8.53717390449499
TEST-00410,39.880946843919865
TEST-00411,17.49382825082787
TEST-00412,52.96658868477611
TEST-00413,16.00165814087989
TEST-00414,24.064106178137457
TEST-00415,7.084659206433109
TEST-00416,19.816985257503898
TEST-00417,8.567760161300598
TEST-00418,56.33657856593756
TEST-00419,29.55421500768637
TEST-00420,8.532553764611086
TEST-00421,5.465068790520073
TEST-00422,8.928750016074432
TEST-00423,53.477186805350236
TEST-00424,31.697169814591067
TEST-00425,38.54168313486102
TEST-00426,6.052302676605228
TEST-00427,19.48895187268581
TEST-00428,6.802052942585627
TEST-00429,28.090171890911982
TEST-00430,11.89225544217168
TEST-00431,59.124153607701324
TEST-00432,34.04051755812032
TEST-00433,19.445740637958764
TEST-00434,43.83210410962149
TEST-00435,42.75753396603512
TEST-00436,6.846937901021632
TEST-00437,36.67183959565255
TEST-00438,31.8776667825239
TEST-00439,76.10343591291972
TEST-00440,26.050136215339048
TEST-00441,42.312250484831395
TEST-00442,56.75582657277946
TEST-00443,36.29410535192354
TEST-00444,13.81078870285049
TEST-00445,64.19006883141749
TEST-00446,21.609911783009174
TEST-00447,6.52323508351474
TEST-00448,59.7325363615262
TEST-00449,49.10425285731058
TEST-00450,6.46302505535428
TEST-00451,16.168442455308814
TEST-00452,26.088419533453315
TEST-00453,20.270754756199043
TEST-00454,13.237476442497304
TEST-00455,47.53172288742243
TEST-00456,60.73798263670711
TEST-00457,61.3892874474129
TEST-00458,21.57124104889046
TEST-00459,50.40593883706262
TEST-00460,49.93021885498321
TEST-00461,87.3276043655383
TEST-00462,7.610637465121557
TEST-00463,8.125073517010302
TEST-00464,22.448594716819837
TEST-00465,44.08578116186358
TEST-00466,22.503709313181627
TEST-00467,50.98600724435643
TEST-00468,47.78330787248419
TEST-00469,56.64620632553182
TEST-00470,27.72218644936489
TEST-00471,8.414423665444444
TEST-00472,20.623133404718494
TEST-00473,45.11612974829471
TEST-00474,9.079453636134286
TEST-00475,8.81845895522564
TEST-00476,20.216244710340835
TEST-00477,84.91821845935449
TEST-00478,95.12028793233837
TEST-00479,30.299029475690002
TEST-00480,45.76232324739019
TEST-00481,57.245756169528775
TEST-00482,8.725076153252965
TEST-00483,10.706094870530917
TEST-00484,5.895433458741059
TEST-00485,48.79350462150782
TEST-00486,49.5863871043707
TEST-00487,33.891252327893554
TEST-00488,23.424009609629838
TEST-00489,14.825170907125097
TEST-00490,58.08436063557715
TEST-00491,18.979005539048455
TEST-00492,9.145324753710701
TEST-00493,5.633444576852174
TEST-00494,71.81403398583008
TEST-00495,31.663686388342693
TEST-00496,31.730838217412764
TEST-00497,10.842653993025262
TEST-00498,93.26187321654963
TEST-00499,48.61224465546356
TEST-00500,35.924602645619
TEST-00501,42.693027264042975
TEST-00502,11.237492890912991
TEST-00503,6.098703527031945
TEST-00504,45.30127057689266
TEST-00505,14.932431991128588
TEST-00506,19.648961399288627
TEST-00507,45.9051075048706
TEST-00508,7.473357378529564
TEST-00509,61.26401506135647
TEST-00510,49.63858056419987
TEST-00511,7.875332568665513
TEST-00512,25.729124550135467
TEST-00513,71.57026729408368
TEST-00514,5.861137767021381
TEST-00515,39.54807628446661
TEST-00516,65.38129264731288
TEST-00517,21.637090696259047
TEST-00518,70.12024768642367
TEST-00519,37.19190295889323
TEST-00520,39.57201460656906
TEST-00521,44.13859223782924
TEST-00522,33.742855170795956
TEST-00523,15.562462469193678
TEST-00524,64.12906100684077
TEST-00525,18.215168573742424
TEST-00526,15.342347973354437
TEST-00527,49.77344249058573
TEST-00528,4.412304597397415
TEST-00529,34.07627458845962
TEST-00530,26.862136025943105
TEST-00531,69.33426865686629
TEST-00532,5.99866746639307
TEST-00533,21.454025877872347
TEST-00534,31.926829266325118
TEST-00535,57.58011646023581
TEST-00536,33.68233300572532
TEST-00537,39.36151582588785
TEST-00538,95.59170858548094
TEST-00539,7.637059120306634
TEST-00540,24.52573739285552
TEST-00541,88.11338012360126
TEST-00542,45.454574991366336
TEST-00543,27.29926571082677
TEST-00544,10.237157596176504
TEST-00545,34.71285252799275
TEST-00546,7.013578490288657
TEST-00547,29.34506576050594
TEST-00548,18.396760619278023
TEST-00549,27.990149262768497
TEST-00550,23.584898339900004
TEST-00551,38.40883905969095
TEST-00552,31.079143608635135
TEST-00553,23.941321546284907
TEST-00554,60.94446037223713
TEST-00555,50.17887448357001
TEST-00556,64.6584099412672
TEST-00557,31.42222768431256
TEST-00558,41.32414317146958
TEST-00559,51.261408569888765
TEST-00560,48.804575637198546
TEST-00561,91.04522563955629
TEST-00562,34.30099619007286
TEST-00563,39.54043010181663
TEST-00564,36.73832616281756
TEST-00565,47.11397451103791
TEST-00566,6.684678228227176
TEST-00567,35.73252857231743
TEST-00568,28.090047797301605
TEST-00569,36.05123765522225
TEST-00570,58.73640026536802
TEST-00571,12.803315286463405
TEST-00572,46.81722848162211
TEST-00573,9.334466708377244
TEST-00574,10.366353199849012
TEST-00575,39.68187124667123
TEST-00576,4.784835243279361
TEST-00577,23.497825233722487
TEST-00578,12.138095542236096
TEST-00579,18.68305201281284
TEST-00580,81.44113492196688
TEST-00581,24.349311711006216
TEST-00582,9.51858858618286
TEST-00583,82.14890166114834
TEST-00584,6.690468196231509
TEST-00585,31.226702430850562
TEST-00586,12.263481576868516
TEST-00587,6.232769275913575
TEST-00588,11.049093416857982
TEST-00589,27.129683014042165
TEST-00590,4.816699226796985
TEST-00591,23.574858257779155
TEST-00592,41.10316238119008
TEST-00593,34.75317072880563
TEST-00594,32.742684037388784
TEST-00595,38.28607339525446
TEST-00596,32.594151731973554
TEST-00597,6.051350510445463
TEST-00598,26.72410744617004
TEST-00599,4.727202959629693
TEST-00600,48.59521143373925
TEST-00601,39.24647075304521
TEST-00602,59.913438102221136
TEST-00603,40.281193716511105
TEST-00604,44.65493217059425
TEST-00605,28.393734677324264
TEST-00606,32.281278509632386
TEST-00607,22.74527140515923
TEST-00608,44.083415336568905
TEST-00609,15.421333489708937
TEST-00610,4.471775376521442
TEST-00611,28.04972430519172
TEST-00612,38.119026010293865
TEST-00613,42.97844814200312
TEST-00614,9.482526072765111
TEST-00615,22.99541513128359
TEST-00616,42.48464579479324
TEST-00617,36.55585046784382
TEST-00618,36.00708364836438
TEST-00619,5.9502110721840324
TEST-00620,29.813651417294086
TEST-00621,60.46843481149204
TEST-00622,7.1823291292158284
TEST-00623,28.687025045649264
TEST-00624,42.72813398265471
TEST-00625,58.361680296017326
TEST-00626,53.01257248967505
TEST-00627,68.43864978458375
TEST-00628,38.666105208781715
TEST-00629,51.760437720567865
TEST-00630,8.201141346542059
TEST-00631,37.629939424777994
TEST-00632,30.29007860615026
TEST-00633,46.010447394937316
TEST-00634,12.320162001637852
TEST-00635,6.05151841575048
TEST-00636,13.022074618448356
TEST-00637,4.986829904453938
TEST-00638,57.615686301111815
TEST-00639,16.268360590113765
TEST-00640,8.26005319905926
TEST-00641,5.947799142472904
TEST-00642,49.94350986157708
TEST-00643,22.40768865337126
TEST-00644,11.70905256043308
TEST-00645,41.46733801337511
TEST-00646,49.56237276255588
TEST-00647,44.06145885476482
TEST-00648,15.702521488294819
TEST-00649,50.398867270030635
TEST-00650,21.83793245922982
TEST-00651,38.405766971064516
TEST-00652,45.45909146998492
TEST-00653,21.294378081910708
TEST-00654,5.6530236774969
TEST-00655,16.193599523986812
TEST-00656,43.75028136031388
TEST-00657,5.924673836479236
TEST-00658,40.309595480539826
TEST-00659,49.80308715256592
TEST-00660,79.88570586119805
TEST-00661,18.928429012489076
TEST-00662,21.00560247573061
TEST-00663,6.113643367709131
TEST-00664,36.9583305315283
TEST-00665,58.18889067356835
TEST-00666,36.94084176364673
TEST-00667,42.356890849010824
TEST-00668,38.45652190668497
TEST-00669,6.12282972034625
TEST-00670,39.432632842742564
TEST-00671,39.54605003091187
TEST-00672,36.26654643129446
TEST-00673,28.68970621109915
TEST-00674,38.93375208548821
TEST-00675,22.073687728104524
TEST-00676,58.205316661537964
TEST-00677,6.028345075435803
TEST-00678,29.006046363525762
TEST-00679,4.876696303871806
TEST-00680,39.88082284217971
TEST-00681,39.90467622896462
TEST-00682,22.013305341161423
TEST-00683,36.98930625140799
TEST-00684,36.875125245407055
TEST-00685,59.558433698250376
TEST-00686,65.48105314599579
TEST-00687,44.18423992719655
TEST-00688,21.631196068602033
TEST-00689,7.320043831131859
TEST-00690,11.701470838886694
TEST-00691,20.683581320204485
TEST-00692,63.1845915906013
TEST-00693,58.351990521364144
TEST-00694,33.83447888734343
TEST-00695,49.52828172706267
TEST-00696,7.435810927136174
TEST-00697,12.095561923851538
TEST-00698,4.972441217422051
TEST-00699,26.21728162156346
TEST-00700,67.00532093082411
TEST-00701,61.998753696361554
TEST-00702,18.197906808543344
TEST-00703,26.038398555686197
TEST-00704,10.905052862187782
TEST-00705,43.99378980556018
TEST-00706,27.53818697117526
TEST-00707,23.126357436162404
TEST-00708,7.190385779251981
TEST-00709,31.756962275194816
TEST-00710,6.801559662282425
TEST-00711,40.6154219585545
TEST-00712,6.717462574892147
TEST-00713,13.59392030205885
TEST-00714,45.90190970231211
TEST-00715,61.65222999940275
TEST-00716,42.114776740226645
TEST-00717,6.304885599186435
TEST-00718,44.098862901403685
TEST-00719,5.427768645720973
TEST-00720,45.59901623625064
TEST-00721,5.955131939491698
TEST-00722,7.486089274207062
TEST-00723,23.646262889859113
TEST-00724,36.89125622638345
TEST-00725,71.50012999114145
TEST-00726,37.29072767566793
TEST-00727,5.3505495719799745
TEST-00728,32.102116597867024
TEST-00729,6.167229445882319
TEST-00730,41.90448366981301
TEST-00731,5.877168888903206
TEST-00732,6.623095920138832
TEST-00733,26.637945964023334
TEST-00734,16.699876558274024
TEST-00735,27.095112199204245
TEST-00736,14.44012713042279
TEST-00737,66.63829362988461
TEST-00738,22.074680924786332
TEST-00739,26.83320176526709
TEST-00740,9.4210241465236
TEST-00741,37.05422952713043
TEST-00742,17.794325829750218
TEST-00743,18.725062890124754
TEST-00744,18.119906870848318
TEST-00745,14.552678460154729
TEST-00746,54.86569462036522
TEST-00747,128.14750792838902
TEST-00748,14.493105603689509
TEST-00749,13.973988656111223
TEST-00750,46.453121828210854
TEST-00751,6.657377979250241
TEST-00752,44.70797455240852
TEST-00753,12.823288022717549
TEST-00754,5.11082381442964
TEST-00755,29.74017953113003
TEST-00756,5.875364151484206
TEST-00757,15.741480958568854
TEST-00758,7.33480432457744
TEST-00759,5.770209361065887
TEST-00760,7.325765320268326
TEST-00761,14.771645508859246
TEST-00762,48.005485750417726
TEST-00763,13.166862020956284
TEST-00764,56.10049954611153
TEST-00765,10.08968486289698
TEST-00766,29.0576800416848
TEST-00767,6.074647703051745
TEST-00768,7.615830324077986
TEST-00769,18.23415970718606
TEST-00770,50.67604627672861
TEST-00771,16.44673010741322
TEST-00772,84.0446148349045
TEST-00773,5.599352707373483
TEST-00774,20.099918294848205
TEST-00775,5.649711873951432
TEST-00776,33.4436324250088
TEST-00777,6.215584961087194
TEST-00778,17.116685062736888
TEST-00779,37.29646451369661
TEST-00780,5.526319472000629
TEST-00781,6.52186327828523
TEST-00782,88.36839220499401
TEST-00783,4.893672878636064
TEST-00784,4.99911161721485
TEST-00785,31.849903080670774
TEST-00786,65.01506444003199
TEST-00787,24.961293466540525
TEST-00788,6.209727338441405
TEST-00789,39.349179128543604
TEST-00790,44.977652881719074
TEST-00791,59.64715043195596
TEST-00792,53.89149613751831
TEST-00793,40.920574965016186
TEST-00794,5.908400184387459
TEST-00795,29.067905260828173
TEST-00796,17.171292958563917
TEST-00797,43.332350027227456
TEST-00798,13.060541304651268
TEST-00799,29.390009500768826
TEST-00800,6.911190554621547
TEST-00801,13.406119419105735
TEST-00802,87.65537604458464
TEST-00803,73.10984221491961
TEST-00804,56.632505165138525
TEST-00805,70.68517644593209
TEST-00806,6.143859064315624
TEST-00807,41.89979608863154
TEST-00808,88.26756732468391
TEST-00809,5.1547842694970525
TEST-00810,29.277735119974796
TEST-00811,14.173230626683443
TEST-00812,46.50484750072306
TEST-00813,24.064995472890065
TEST-00814,43.99883897099007
TEST-00815,65.04059586096677
TEST-00816,22.018805096079678
TEST-00817,11.085441854905707
TEST-00818,41.46073936151354
TEST-00819,37.713746892488345
TEST-00820,17.293974312877136
TEST-00821,52.30749518882716
TEST-00822,24.54836497645259
TEST-00823,8.858628983087295
TEST-00824,25.887710156937736
TEST-00825,26.398193169304285
TEST-00826,50.77328506569466
TEST-00827,32.750026785191146
TEST-00828,9.961182768608095
TEST-00829,61.255965396392675
TEST-00830,6.543858872902435
TEST-00831,29.758336772756962
TEST-00832,26.028485573076953
TEST-00833,40.85905078704258
TEST-00834,25.904109770393156
TEST-00835,72.94838561755887
TEST-00836,9.315845536077639
TEST-00837,20.05746118441407
TEST-00838,61.657888965735594
TEST-00839,26.229633712761345
TEST-00840,28.94098393886453
TEST-00841,5.112870283488695
TEST-00842,4.9117927883085
TEST-00843,22.172645328372486
TEST-00844,69.0462613831287
TEST-00845,46.250839464651655
TEST-00846,43.772451883929115
TEST-00847,15.459987521421214
TEST-00848,39.49346543166772
TEST-00849,2.7573289671560475
TEST-00850,73.31204148154147
TEST-00851,16.646597104702668
TEST-00852,22.316606401350924
TEST-00853,19.858217782572776
TEST-00854,32.42320319106294
TEST-00855,7.182601761017886
TEST-00856,43.699909745059294
TEST-00857,34.705839831091154
TEST-00858,6.83934222821903
TEST-00859,50.30673842025784
TEST-00860,51.90880455652487
TEST-00861,53.82306036256568
TEST-00862,45.78516133325788
TEST-00863,19.16269956150152
TEST-00864,40.59448006830816
TEST-00865,6.0985825495186905
TEST-00866,47.0734942799267
TEST-00867,13.715150051814259
TEST-00868,27.46212456738865
TEST-00869,94.71130181810508
TEST-00870,37.34608722290043
TEST-00871,63.47017779459079
TEST-00872,11.86618587902386
TEST-00873,36.72616513710768
TEST-00874,58.77730713154162
TEST-00875,31.815570952049928
TEST-00876,54.75586005667459
TEST-00877,31.27013308626518
TEST-00878,17.932736613965503
TEST-00879,9.428474545145349
TEST-00880,22.330419292386072
TEST-00881,24.225766663790107
TEST-00882,40.94290462892901
TEST-00883,60.83363370729801
TEST-00884,26.629118436753902
TEST-00885,39.804638125721674
TEST-00886,76.38866790404082
TEST-00887,22.32876947862501
TEST-00888,81.60246606189638
TEST-00889,12.736641843482946
TEST-00890,80.86357641297747
TEST-00891,8.088692129763503
TEST-00892,20.208322425753376
TEST-00893,50.277163125204524
TEST-00894,83.17570070395455
TEST-00895,51.73214772564287
TEST-00896,6.31323779281097
TEST-00897,43.06928372729962
TEST-00898,29.301971661664865
TEST-00899,8.077949221789128
TEST-00900,5.207900097350215
TEST-00901,7.348614026171853
TEST-00902,14.553837166356768
TEST-00903,6.347901570040034
TEST-00904,34.95055795128514
TEST-00905,65.43692239743017
TEST-00906,21.500052897627874
TEST-00907,16.618969294374175
TEST-00908,18.54535856569336
TEST-00909,44.167885099580346
TEST-00910,51.80554052861575
TEST-00911,29.19988162547147
TEST-00912,23.089413041402373
TEST-00913,59.00047380594691
TEST-00914,60.898316810528755
TEST-00915,24.467372983148508
TEST-00916,17.595164554530196
TEST-00917,51.650648782401014
TEST-00918,66.65807067345925
TEST-00919,40.55900472484155
TEST-00920,28.359437755680688
TEST-00921,21.591282797380607
TEST-00922,23.702161764744375
TEST-00923,6.625380358852556
TEST-00924,42.48597764397243
TEST-00925,24.935141438631423
TEST-00926,48.0107853653384
TEST-00927,6.8574230545418375
TEST-00928,58.33584741356391
TEST-00929,4.887906380607322
TEST-00930,38.62136670336393
TEST-00931,35.94763430144578
TEST-00932,30.818598522876147
TEST-00933,25.081536330425447
TEST-00934,76.66396579928869
TEST-00935,38.94036998398066
TEST-00936,22.007403833333694
TEST-00937,6.4235113577177305
TEST-00938,90.88043748216835
TEST-00939,34.96271897699501
TEST-00940,26.55487216102643
TEST-00941,7.211841231592572
TEST-00942,15.269012095997802
TEST-00943,86.17447793647484
TEST-00944,9.812699923413561
TEST-00945,85.25492062978248
TEST-00946,57.08356714697488
TEST-00947,6.361792413500678
TEST-00948,7.33700182414747
TEST-00949,27.89983053253349
TEST-00950,6.232696423656433
TEST-00951,16.403034100913022
TEST-00952,6.558172436324331
TEST-00953,56.86434548848766
TEST-00954,57.197471402340845
TEST-00955,14.172849051771744
TEST-00956,82.11237835100928
TEST-00957,35.16562123965822
TEST-00958,46.28858698301475
TEST-00959,20.86291373659446
TEST-00960,7.047131114229248
TEST-00961,18.629611921682056
TEST-00962,22.309906028223438
TEST-00963,31.859694070171326
TEST-00964,39.58906047230269
TEST-00965,46.659004252588225
TEST-00966,16.34956143139612
TEST-00967,68.60949140503321
TEST-00968,43.97531511541135
TEST-00969,40.68978869548717
TEST-00970,19.023640696093178
TEST-00971,54.28988004900048
TEST-00972,36.58339380917193
TEST-00973,88.70316125811364
TEST-00974,54.73317827500617
TEST-00975,62.68088018688281
TEST-00976,22.60320448166176
TEST-00977,29.959492412379973
TEST-00978,60.23435434554449
TEST-00979,43.97965180247229
TEST-00980,9.365155221072667
TEST-00981,44.1950617190621
TEST-00982,10.91225571687491
TEST-00983,22.25310600349638
TEST-00984,37.8784109224732
TEST-00985,55.14591995320379
TEST-00986,63.55183692567197
TEST-00987,53.54887805595063
TEST-00988,50.17270470578065
TEST-00989,15.322267225767263
TEST-00990,28.7304337991446
TEST-00991,25.82015285491397
TEST-00992,55.923790867682115
TEST-00993,75.14031955472892
TEST-00994,5.598915193931219
TEST-00995,6.597664487309026
TEST-00996,40.709391888499255
TEST-00997,32.23520586859744
TEST-00998,41.30713221275128
TEST-00999,4.427676319175173
TEST-01000,35.80801355892517
TEST-01001,83.74641830849757
TEST-01002,17.78019239522735
TEST-01003,9.114506469613083
TEST-01004,34.58638158965022
TEST-01005,19.620694305333863
TEST-01006,29.505560327223495
TEST-01007,4.9335806608522335
TEST-01008,9.94786495598338
TEST-01009,16.79301201494018
TEST-01010,9.652086387713641
TEST-01011,8.327983282946235
TEST-01012,55.07658732228913
TEST-01013,55.70776166342154
TEST-01014,103.55422585585431
TEST-01015,13.229116949992706
TEST-01016,25.36495874007928
TEST-01017,6.52388512728007
TEST-01018,55.08694750483991
TEST-01019,18.872432875548423
TEST-01020,49.66198170161635
TEST-01021,6.350454485440695
TEST-01022,4.86678094645026
TEST-01023,5.750410313317968
TEST-01024,9.316143402393887
TEST-01025,60.893426304744075
TEST-01026,24.39934820639131
TEST-01027,52.63808674905981
TEST-01028,6.1636889676858
TEST-01029,45.20674177186763
TEST-01030,80.05261313119287
TEST-01031,5.158961992014044
TEST-01032,13.390489558791783
TEST-01033,5.348329163416859
TEST-01034,8.56237152193947
TEST-01035,48.83097340413652
TEST-01036,34.50123014704323
TEST-01037,18.283100542196244
TEST-01038,19.318084059578844
TEST-01039,48.21465625271105
TEST-01040,35.61507713887903
TEST-01041,16.705412106375764
TEST-01042,35.16906386874626
TEST-01043,5.494334014906399
TEST-01044,29.737144806882313
TEST-01045,5.394081805234037
TEST-01046,16.117124660779805
TEST-01047,12.413099897209282
TEST-01048,7.561895857226815
TEST-01049,33.28487695490352
TEST-01050,7.952334026896639
TEST-01051,39.44355001646826
TEST-01052,6.534703930673264
TEST-01053,53.47094690646766
TEST-01054,19.328707896096585
TEST-01055,29.994074403598848
TEST-01056,23.22729146783383
TEST-01057,38.981166642312076
TEST-01058,27.09824048261672
TEST-01059,37.46023886187899
TEST-01060,5.99242479525068
TEST-01061,6.036336502277003
TEST-01062,49.6886413070726
TEST-01063,31.088170636772077
TEST-01064,62.887327109932585
TEST-01065,38.29391613378802
TEST-01066,36.76894679453802
TEST-01067,17.685648799934675
TEST-01068,4.947075879724043
TEST-01069,7.119076537997403
TEST-01070,6.091513758049728
TEST-01071,11.534744273699829
TEST-01072,35.44243586181431
TEST-01073,53.70631494098319
TEST-01074,41.80019568659329
TEST-01075,40.49325743505618
TEST-01076,36.04229171614264
TEST-01077,29.744478406211893
TEST-01078,20.58508212262837
TEST-01079,40.96872564930448
TEST-01080,17.102879040824938
TEST-01081,36.433300370685295
TEST-01082,34.730161390629156
TEST-01083,39.265100554129035
TEST-01084,75.67418982288265
TEST-01085,12.130393522214312
TEST-01086,66.28142365246899
TEST-01087,30.166579837443965
TEST-01088,51.73102888932249
TEST-01089,8.492095715190766
TEST-01090,82.58623609897901
TEST-01091,27.25659232776426
TEST-01092,123.03238102261132
TEST-01093,32.080839837295706
TEST-01094,32.85525096395208
TEST-01095,11.361228551746057
TEST-01096,15.93988934315689
TEST-01097,6.069426719258271
TEST-01098,15.698026473412813
TEST-01099,6.860026973145231
TEST-01100,39.30629141041984
TEST-01101,18.38230584732801
TEST-01102,53.9913925831513
TEST-01103,21.207254225740105
TEST-01104,55.960455818493
TEST-01105,27.835619119363756
TEST-01106,39.40678565943651
TEST-01107,42.67723668991662
TEST-01108,6.072830437709963
TEST-01109,48.415189994046
TEST-01110,27.190694726346884
TEST-01111,32.652474482916304
TEST-01112,53.34227662054238
TEST-01113,72.22036648188983
TEST-01114,38.3036249280903
TEST-01115,20.7180874716925
TEST-01116,5.470084282424629
TEST-01117,80.93644845994454
TEST-01118,17.108642776886732
TEST-01119,19.796762539497745
TEST-01120,36.12044932202905
TEST-01121,58.43467302736731
TEST-01122,34.233099940021496
TEST-01123,30.626130672112975
TEST-01124,11.215632737484562
TEST-01125,8.366213515874954
TEST-01126,16.71488828370058
TEST-01127,33.664678149217956
TEST-01128,20.914386840584374
TEST-01129,49.774880694776
TEST-01130,19.200748590202902
TEST-01131,6.418690881039442
TEST-01132,61.92454004761665
TEST-01133,22.26748559404212
TEST-01134,20.66196157860619
TEST-01135,30.402279686020872
TEST-01136,2.435596079601611
TEST-01137,7.552090583747367
TEST-01138,63.063474999547346
TEST-01139,7.278098194721851
TEST-01140,31.587432163865635
TEST-01141,6.912562849541304
TEST-01142,88.81642182841895
TEST-01143,5.846566500619303
TEST-01144,4.926832533732908
TEST-01145,9.86318528637718
TEST-01146,67.73388451988758
TEST-01147,36.89745342158024
TEST-01148,28.183048909638828
TEST-01149,35.203605996952305
TEST-01150,13.423024605728282
TEST-01151,48.91409177601379
TEST-01152,12.283541312149403
TEST-01153,9.253999359330363
TEST-01154,27.87043459584467
TEST-01155,88.24313363338509
TEST-01156,34.93946143928763
TEST-01157,5.433289975574064
TEST-01158,21.519999765811804
TEST-01159,40.23834021679295
TEST-01160,29.724405633990013
TEST-01161,27.679700921641434
TEST-01162,43.432006827040915
TEST-01163,31.964002367265703
TEST-01164,33.432342324082285
TEST-01165,57.056290013626985
TEST-01166,74.48175482179498
TEST-01167,47.829596521897294
TEST-01168,25.136866100071085
TEST-01169,13.221499104405716
TEST-01170,39.41620868524617
TEST-01171,15.662904232613942
TEST-01172,21.083213784598517
TEST-01173,60.168552292936
TEST-01174,51.09458047544926
TEST-01175,32.05298977090326
TEST-01176,6.091513758049728
TEST-01177,33.11512057629763
TEST-01178,13.191443771360554
TEST-01179,86.54995678383922
TEST-01180,6.384712986580458
TEST-01181,47.806506852631216
TEST-01182,80.50630861130455
TEST-01183,10.61232557056562
TEST-01184,22.471730794613492
TEST-01185,28.168867854911326
TEST-01186,19.78133552979448
TEST-01187,9.416233652660736
TEST-01188,26.664752696479177
TEST-01189,11.37152273999378
TEST-01190,5.243235620993124
TEST-01191,46.660570360583705
TEST-01192,53.61567456008587
TEST-01193,25.672780685598408
TEST-01194,56.96673055647286
TEST-01195,18.540763374607774
TEST-01196,22.154674160844994
TEST-01197,35.328429903399226
TEST-01198,41.65436121629247
TEST-01199,57.8545708134815
TEST-01200,12.27932934580841
TEST-01201,5.947799142472904
TEST-01202,6.036336502277003
TEST-01203,50.68394634896928
TEST-01204,82.41602040293903
TEST-01205,20.518166657853744
TEST-01206,57.82855501079428
TEST-01207,25.673153136099753
TEST-01208,5.179216977477061
TEST-01209,38.828445424680154
TEST-01210,13.97398486696138
TEST-01211,59.03089182735349
TEST-01212,37.577083007950115
TEST-01213,22.083378121300772
TEST-01214,6.266952278038459
TEST-01215,8.226410649870132
TEST-01216,62.94735783869056
TEST-01217,18.253708680787444
TEST-01218,72.91964577374074
TEST-01219,5.50602822791177
TEST-01220,10.320260288094463
TEST-01221,16.254082195407374
TEST-01222,10.153469013672977
TEST-01223,32.75428081147504
TEST-01224,5.792886195507639
TEST-01225,43.28877926729894
TEST-01226,46.570032346750025
TEST-01227,44.67025462563615
TEST-01228,43.16422013107188
TEST-01229,36.22111471863119
TEST-01230,41.566487684426036
TEST-01231,14.968997726357857
TEST-01232,29.630410734161998
TEST-01233,36.475807043636635
TEST-01234,46.84025244463721
TEST-01235,40.08232953170075
TEST-01236,69.40814433220682
TEST-01237,4.828334646147769
TEST-01238,47.41842987943373
TEST-01239,30.502439124279352
TEST-01240,6.028345075435803
TEST-01241,8.397342975187644
TEST-01242,88.60306251327019
TEST-01243,43.08839644420127
TEST-01244,36.762647761964345
TEST-01245,50.2349940803112
TEST-01246,6.185669952112197
TEST-01247,42.38279400330149
TEST-01248,28.47834449069539
TEST-01249,63.371965062644264
TEST-01250,52.451921986800315
TEST-01251,20.772692274521766
TEST-01252,6.712421248204019
TEST-01253,20.67675435786931
TEST-01254,49.74576937802003
TEST-01255,47.39121774746882
TEST-01256,3.5633162722403338
TEST-01257,21.997577429563062
TEST-01258,60.70842085087948
TEST-01259,61.76123182425261
TEST-01260,11.493601502480505
TEST-01261,14.385276059892849
TEST-01262,28.03134808772439
TEST-01263,69.67104140543637
TEST-01264,82.05847910857433
TEST-01265,20.208280047076123
TEST-01266,23.264716227298905
TEST-01267,9.345409273341883
TEST-01268,7.31111017755342
TEST-01269,30.38116416345276
TEST-01270,9.329793497633638
TEST-01271,8.422717753243981
TEST-01272,65.36841072789385
TEST-01273,26.91535093235822
TEST-01274,4.695781733681225
TEST-01275,37.98677925358122
TEST-01276,9.114506469613083
TEST-01277,32.50574153461029
TEST-01278,21.272846925276333
TEST-01279,96.24623633555531
TEST-01280,13.318848722856929
TEST-01281,17.068010447071085
TEST-01282,29.824049635208738
TEST-01283,51.15683386482921
TEST-01284,8.03986945167545
TEST-01285,45.765178261154645
TEST-01286,12.99388786107799
TEST-01287,23.948673203774046
TEST-01288,33.71276026438977
TEST-01289,19.702069770726457
TEST-01290,74.43130593852986
TEST-01291,26.74038788580984
TEST-01292,12.015400433661549
TEST-01293,13.302901775361812
TEST-01294,39.87837216355203
TEST-01295,9.6287510159966
TEST-01296,50.22141228788866
TEST-01297,7.141514892787111
TEST-01298,39.23309701109711
TEST-01299,21.900254132320846
TEST-01300,45.754628202682426
TEST-01301,34.82848101807548
TEST-01302,33.18753964397704
TEST-01303,23.7848946165504
TEST-01304,47.07833709135121
TEST-01305,39.76235899722349
TEST-01306,17.847762543496028
TEST-01307,54.78136211794542
TEST-01308,19.918088352659243
TEST-01309,7.917853980265386
TEST-01310,81.14517212497769
TEST-01311,35.09104947898384
TEST-01312,10.562588070795842
TEST-01313,66.56249453304457
TEST-01314,12.320162001637852
TEST-01315,6.384325081490549
TEST-01316,10.743476175900144
TEST-01317,21.51524561318249
TEST-01318,22.959201870216457
TEST-01319,37.577307192101436
TEST-01320,29.24340819016201
TEST-01321,82.59824631202191
TEST-01322,7.751892982985404
TEST-01323,32.26414749207505
TEST-01324,19.63468971962009
TEST-01325,34.67907673517091
TEST-01326,26.19601937793525
TEST-01327,9.349603250699491
TEST-01328,5.427768645720973
TEST-01329,18.783909872904413
TEST-01330,7.7533038223704835
TEST-01331,28.856365747386057
TEST-01332,7.480926381617173
TEST-01333,14.082913801311593
TEST-01334,36.847955668844904
TEST-01335,38.739992070443996
TEST-01336,27.95202460917383
TEST-01337,26.625858042857498
TEST-01338,21.63247973982154
TEST-01339,51.36000559912593
TEST-01340,31.708391786390212
TEST-01341,4.6881156801100525
TEST-01342,7.491188371264072
TEST-01343,23.879225172256625
TEST-01344,61.45718110464693
TEST-01345,18.6673602887823
TEST-01346,31.830140191973467
TEST-01347,17.828399733196644
TEST-01348,4.788831423950258
TEST-01349,27.418147234300378
TEST-01350,17.782926301141632
TEST-01351,59.00796698933059
TEST-01352,9.003996562657408
TEST-01353,44.84771675978012
TEST-01354,21.790717784815556
TEST-01355,51.34134551693737
TEST-01356,21.083213784598517
TEST-01357,66.86266305239013
TEST-01358,39.9325854196497
TEST-01359,49.459784243353816
TEST-01360,91.1591921572844
TEST-01361,53.545238532824634
TEST-01362,21.13725767652224
TEST-01363,20.988634219053097
TEST-01364,23.438310547113034
TEST-01365,6.544546541304399
TEST-01366,5.698493432259773
TEST-01367,11.283327287590692
TEST-01368,30.737772789376024
TEST-01369,37.56619742844097
TEST-01370,31.44416521614735
TEST-01371,34.450379660863206
TEST-01372,64.43553636142401
TEST-01373,71.28760389920427
TEST-01374,45.84992997307474
TEST-01375,11.777019153756097
TEST-01376,57.45059776269179
TEST-01377,12.494692363820961
TEST-01378,19.136122786003376
TEST-01379,21.161060782486764
TEST-01380,29.301971661664865
TEST-01381,10.984107950735739
TEST-01382,40.488509187341
TEST-01383,17.440633362671253
TEST-01384,25.14498631558014
TEST-01385,5.9664964442101835
TEST-01386,71.3068908043648
TEST-01387,12.680413889683848
TEST-01388,40.56947305643185
TEST-01389,29.818917879521152
TEST-01390,31.13786962787647
TEST-01391,27.07616849253096
TEST-01392,3.1857776716672657
TEST-01393,25.057401013097675
TEST-01394,62.76172399072342
TEST-01395,30.997129984017963
TEST-01396,39.65960008521441
TEST-01397,39.141355010277465
TEST-01398,27.757063350314986
TEST-01399,59.61857551917377
TEST-01400,40.11540227513445
TEST-01401,45.80874075293519
TEST-01402,20.40189543942545
TEST-01403,42.792636238187214
TEST-01404,49.13347418830799
TEST-01405,16.29090757339023
TEST-01406,26.07335167751824
TEST-01407,40.72315045144831
TEST-01408,32.13344658923532
TEST-01409,32.61332999207808
TEST-01410,67.55203373030076
TEST-01411,40.81831867144085
TEST-01412,58.98192729238598
TEST-01413,109.15991407770106
TEST-01414,57.53004392363961
TEST-01415,32.62259094481805
TEST-01416,11.47840261006392
TEST-01417,6.576936562622163
TEST-01418,43.89707523223294
TEST-01419,74.71458005564556
TEST-01420,39.81851400608271
TEST-01421,45.97678498015421
TEST-01422,4.61263503658623
TEST-01423,18.04837651100646
TEST-01424,50.97196155982781
TEST-01425,58.77789982425981
TEST-01426,18.123805184264643
TEST-01427,44.926331789877096
TEST-01428,6.35162276959919
TEST-01429,6.241178757618165
TEST-01430,11.45001284324309
TEST-01431,5.179674942472018
TEST-01432,6.798796443081531
TEST-01433,32.915333983044974
TEST-01434,52.08054083637717
TEST-01435,45.497559582756104
TEST-01436,53.4000694118914
TEST-01437,52.53668420515767
TEST-01438,29.05580773613797
TEST-01439,6.399147847613965
TEST-01440,36.90240499743425
TEST-01441,23.048473751755694
TEST-01442,46.7294608200086
TEST-01443,56.93542704236892
TEST-01444,24.404219104341294
TEST-01445,35.905861331712394
TEST-01446,87.36034317695699
TEST-01447,49.72171285213537
TEST-01448,31.794870122253
TEST-01449,55.09925972742216
TEST-01450,6.404765663896923
TEST-01451,33.54052248188783
TEST-01452,15.295284585933798
TEST-01453,38.802460837059904
TEST-01454,34.09178519911395
TEST-01455,19.135648013800942
TEST-01456,11.972046704085274
TEST-01457,44.78000290289863
TEST-01458,6.306744808995532
TEST-01459,6.244952755667014
TEST-01460,79.7002412960874
TEST-01461,8.301057074250332
TEST-01462,7.256595139332011
TEST-01463,46.04759702068231
TEST-01464,26.532541317797467
TEST-01465,16.786277225453986
TEST-01466,12.423815226143823
TEST-01467,52.50474945699235
TEST-01468,6.769372939110922
TEST-01469,5.199413286469306
TEST-01470,42.78116600634754
TEST-01471,21.14254628474967
TEST-01472,22.273202846256964
TEST-01473,7.260025971214781
TEST-01474,26.037785678037295
TEST-01475,29.909686457026357
TEST-01476,6.840203515882301
TEST-01477,20.080220591872454
TEST-01478,16.1924409075116
TEST-01479,31.92249834542177
TEST-01480,32.457530681548135
TEST-01481,58.0118700320855
TEST-01482,11.397890355836159
TEST-01483,25.00493972801798
TEST-01484,6.35162276959919
TEST-01485,9.436159995940232
TEST-01486,5.506308995367624
TEST-01487,19.228265781707336
TEST-01488,92.2493929228872
TEST-01489,10.795874140899878
TEST-01490,18.64823735309941
TEST-01491,6.507699675019546
TEST-01492,40.71930630228568
TEST-01493,5.112870283488695
TEST-01494,33.602455660778126
TEST-01495,45.70442369284014
TEST-01496,20.076824987544878
TEST-01497,43.39797766229681
TEST-01498,37.57103587744503
TEST-01499,58.04399251473557
TEST-01500,34.07045208965331
TEST-01501,52.48787037561538
TEST-01502,13.251023762556542
TEST-01503,31.574524479497235
TEST-01504,37.643297194438105
TEST-01505,65.11691613347556
TEST-01506,6.232499018875468
TEST-01507,18.536614542806294
TEST-01508,9.972847489580838
TEST-01509,24.46771342572237
TEST-01510,28.779144463324755
TEST-01511,20.935463825263568
TEST-01512,54.871759234479754
TEST-01513,30.63212274327423
TEST-01514,44.49564220754652
TEST-01515,53.18516066721197
TEST-01516,22.901700057699255
TEST-01517,19.263753516162954
TEST-01518,84.03681208895557
TEST-01519,19.29072480869985
TEST-01520,30.50715084802836
TEST-01521,37.17227018682734
TEST-01522,31.007764609853297
TEST-01523,38.79956905633492
TEST-01524,25.46505005121596
TEST-01525,11.06361387817344
TEST-01526,41.35212101616087
TEST-01527,37.442211705817584
TEST-01528,20.118534331718735
TEST-01529,43.16449092642386
TEST-01530,6.478587329918079
TEST-01531,68.69666540257353
TEST-01532,6.74968535752181
TEST-01533,8.294196418300139
TEST-01534,8.256210520448935
TEST-01535,54.42778884777334
TEST-01536,21.87628412672495
TEST-01537,7.02601257528005
TEST-01538,7.353202003991569
TEST-01539,17.134534916018538
TEST-01540,6.52186327828523
TEST-01541,39.27011451477217
TEST-01542,5.950334001740869
TEST-01543,48.85752797937028
TEST-01544,34.856148895619704
TEST-01545,5.193925935998093
TEST-01546,21.794097422881237
TEST-01547,35.425638616897764
TEST-01548,35.78033891565131
TEST-01549,6.578308675717679
TEST-01550,25.859368411567807
TEST-01551,46.39304865536678
TEST-01552,29.766728666056952
TEST-01553,40.230368910760525
TEST-01554,7.307709072166556
TEST-01555,43.04611034612461
TEST-01556,38.9278999946485
TEST-01557,48.9106607726086
TEST-01558,7.737050509467735
TEST-01559,23.411308489246693
TEST-01560,19.0217666889585
TEST-01561,10.974628970273228
TEST-01562,50.798323059314136
TEST-01563,6.757322158213395
TEST-01564,7.20795088421167
TEST-01565,38.09566862874319
TEST-01566,6.7982351004584665
TEST-01567,85.65515832115733
TEST-01568,47.720069339552545
TEST-01569,39.615430569648545
TEST-01570,9.776353449430784
TEST-01571,66.15569846876792
TEST-01572,4.807310167326233
TEST-01573,10.45719640621149
TEST-01574,4.485386730739932
TEST-01575,26.95727782999277
TEST-01576,47.76824721697732
TEST-01577,25.111091890714572
TEST-01578,6.901760872791815
TEST-01579,29.06274269786734
TEST-01580,17.905270868665315
TEST-01581,17.06957141341112
TEST-01582,50.03375744998377
TEST-01583,58.184080633853014
TEST-01584,22.3213456070702
TEST-01585,17.72462341009497
TEST-01586,29.88042375054219
TEST-01587,16.88922440064064
TEST-01588,32.421720071735756
TEST-01589,19.68340169253871
TEST-01590,30.67105383868537
TEST-01591,41.68037146894374
TEST-01592,45.970582913020145
TEST-01593,33.11697664248255
TEST-01594,43.07869459197147
TEST-01595,55.11169352824297
TEST-01596,6.286507884849069
TEST-01597,22.763369480056518
TEST-01598,5.321056400723568
TEST-01599,35.061606418319414
TEST-01600,28.07621540608186
TEST-01601,43.60277234646023
TEST-01602,6.9178750310702775
TEST-01603,58.27823322175086
TEST-01604,38.3325969534361
TEST-01605,5.652969541908891
TEST-01606,7.00711747817369
TEST-01607,28.069927356885508
TEST-01608,69.59944501243841
TEST-01609,30.9104987060153
TEST-01610,58.93279428829154
TEST-01611,12.890333426307453
TEST-01612,25.276806588330622
TEST-01613,48.35123472972495
TEST-01614,34.618322479892385
TEST-01615,6.307064555184759
TEST-01616,96.85083090829725
TEST-01617,22.665533871867503
TEST-01618,19.431509314363325
TEST-01619,35.912663848433986
TEST-01620,43.32653400122066
TEST-01621,15.70188086358857
TEST-01622,65.66042245847179
TEST-01623,8.359380931561887
TEST-01624,66.5714571402411
TEST-01625,12.879078679369577
TEST-01626,7.013795491394906
TEST-01627,55.956077666566195
TEST-01628,15.616178844698808
TEST-01629,22.835476559903025
TEST-01630,41.36354920729683
TEST-01631,39.93499095267286
TEST-01632,46.18647722312266
TEST-01633,19.771686115617655
TEST-01634,42.66432038835047
TEST-01635,41.020172356439225
TEST-01636,59.06771907908761
TEST-01637,46.65746093737841
TEST-01638,11.562937708985741
TEST-01639,25.731606646012636
TEST-01640,13.529713319538063
TEST-01641,34.84337679731809
TEST-01642,41.4595596134988
TEST-01643,6.262697504705183
TEST-01644,17.18607228936764
TEST-01645,47.75048926422925
TEST-01646,10.170948581286908
TEST-01647,44.20680297416181
TEST-01648,16.12543481588034
TEST-01649,4.977273928534183
TEST-01650,28.860920896414033
TEST-01651,25.22517486099027
TEST-01652,7.471049013043823
TEST-01653,6.899830243579276
TEST-01654,51.14768411605244
TEST-01655,8.1727147731131
TEST-01656,38.37961805988619
TEST-01657,10.49669799824668
TEST-01658,47.52971349088609
TEST-01659,17.34050832131856
TEST-01660,56.40483083240757
TEST-01661,18.979683947661457
TEST-01662,10.699806726605289
TEST-01663,54.29297459801114
TEST-01664,49.793383779828076
TEST-01665,7.081896702981033
TEST-01666,6.954515360868046
TEST-01667,37.17227018682734
TEST-01668,9.449076131286139
TEST-01669,8.548390878518957
TEST-01670,36.77838306378715
TEST-01671,42.27516121011621
TEST-01672,17.91937472035656
TEST-01673,44.83790197649013
TEST-01674,12.306124532112301
TEST-01675,46.822154261864135
TEST-01676,82.38116469373911
TEST-01677,7.128018195473751
TEST-01678,34.83102517376148
TEST-01679,39.932137681459295
TEST-01680,9.178610482303315
TEST-01681,42.96119165592478
TEST-01682,48.7040717942456
TEST-01683,11.875332795663137
TEST-01684,22.33908010385798
TEST-01685,54.21410896910993
TEST-01686,22.503709313181627
TEST-01687,4.893672878636064
TEST-01688,27.046215821324342
TEST-01689,44.28525566759713
TEST-01690,44.58635516556053
TEST-01691,21.3264663122221
TEST-01692,41.30773562784637
TEST-01693,9.643186997479706
TEST-01694,42.00745506302922
TEST-01695,6.182705660763464
TEST-01696,16.042141420298908
TEST-01697,18.670440295603406
TEST-01698,9.228258459676201
TEST-01699,14.552678460154729
TEST-01700,48.62605380403509
TEST-01701,40.13642534922743
TEST-01702,57.13986207469496
TEST-01703,36.946627203436954
TEST-01704,18.570752685051207
TEST-01705,9.421472874640376
TEST-01706,17.169621080173282
TEST-01707,52.53873734985594
TEST-01708,13.823513106611397
TEST-01709,27.61171247535512
TEST-01710,26.738049814056023
TEST-01711,20.120909720970502
TEST-01712,11.978640269633097
TEST-01713,6.161464862851581
TEST-01714,51.23619687412537
TEST-01715,42.633145124854956
TEST-01716,12.5582377512745
TEST-01717,6.4421268478493
TEST-01718,25.883244589565493
TEST-01719,63.92234317921785
TEST-01720,26.819003531297952
TEST-01721,16.486233870865448
TEST-01722,10.743637918720715
TEST-01723,14.340363005644528
TEST-01724,72.24114439214674
TEST-01725,14.139347613383341
TEST-01726,8.680630716385087
TEST-01727,5.354564876819892
TEST-01728,13.5632639935081
TEST-01729,79.54788605145531
TEST-01730,10.690185536620799
TEST-01731,33.03254403442623
TEST-01732,28.58319410471233
TEST-01733,55.60849689684539
TEST-01734,11.913253083793716
TEST-01735,56.86353446353623
TEST-01736,45.242514253541216
TEST-01737,19.99786376278843
TEST-01738,44.162119077715445
TEST-01739,4.5730080183750434
TEST-01740,37.25088728381349
TEST-01741,24.143236142816562
TEST-01742,3.5788642511463498
TEST-01743,50.35207239326597
TEST-01744,13.983204494122434
TEST-01745,8.498697221038372
TEST-01746,54.90366302175678
TEST-01747,21.02635339708922
TEST-01748,5.897664562956652
TEST-01749,74.97242207078823
TEST-01750,6.298307712388237
TEST-01751,8.158096197644912
TEST-01752,36.605280186305386
TEST-01753,18.841155905296784
TEST-01754,51.651554336466724
TEST-01755,10.959892341735138
TEST-01756,21.465597391342712
TEST-01757,44.195457482190825
TEST-01758,6.106431951989642
TEST-01759,59.89782651950091
TEST-01760,6.6111315535717825
TEST-01761,35.21805636604253
TEST-01762,79.77016786928138
TEST-01763,21.84906063714925
TEST-01764,42.0479046803948
TEST-01765,59.109034147426875
TEST-01766,21.959574204923054
TEST-01767,56.62189236265594
TEST-01768,28.968296067305918
TEST-01769,40.251930856305506
TEST-01770,38.6062501916581
TEST-01771,6.6650783275775884
TEST-01772,32.40637380207183
TEST-01773,43.460737629859516
TEST-01774,66.56263287170111
TEST-01775,47.68097862454198
TEST-01776,16.263369083485607
TEST-01777,43.414470917481346
TEST-01778,46.82467758820597
TEST-01779,17.40018039700384
TEST-01780,52.3580980040852
TEST-01781,37.14873332683939
TEST-01782,64.7967471236875
TEST-01783,53.36692159295201
TEST-01784,48.20226860440833
TEST-01785,12.501588048462699
TEST-01786,12.174421160318717
TEST-01787,48.49578453476333
TEST-01788,27.767937506754574
TEST-01789,9.341289049681087
TEST-01790,45.92919914109342
TEST-01791,21.928971146287633
TEST-01792,26.931581954155668
TEST-01793,24.215015880599417
TEST-01794,66.4724733641337
TEST-01795,5.285767769159333
TEST-01796,18.33222673020668
TEST-01797,6.365621791619745
TEST-01798,40.969494762556295
TEST-01799,52.49850683634881
TEST-01800,16.929939692400417
TEST-01801,36.66509459609106
TEST-01802,15.024188100016683
TEST-01803,75.0110462107405
TEST-01804,30.8840421704549
TEST-01805,33.71537444895524
TEST-01806,10.403731426474646
TEST-01807,20.56279447544451
TEST-01808,19.260233070177208
TEST-01809,12.6172943754703
TEST-01810,20.905299286795167
TEST-01811,26.09180170753215
TEST-01812,97.82406432653372
TEST-01813,20.41174508555604
TEST-01814,6.779730946710785
TEST-01815,19.342866018810696
TEST-01816,30.86192999465607
TEST-01817,40.45868359787631
TEST-01818,30.25706907288483
TEST-01819,54.53929135358617
TEST-01820,50.35233936581552
TEST-01821,39.940552676340054
TEST-01822,8.880140030795307
TEST-01823,38.11498902721932
TEST-01824,64.63495851974929
TEST-01825,42.48597764397243
TEST-01826,60.99970755484786
TEST-01827,35.09344734903838
TEST-01828,64.1979046774034
TEST-01829,51.86302672002745
TEST-01830,32.256398818480186
TEST-01831,58.68498440580432
TEST-01832,49.90209924980957
TEST-01833,44.99639785654129
TEST-01834,10.296061748841234
TEST-01835,53.760128910994005
TEST-01836,46.24736973405059
TEST-01837,32.184319251185556
TEST-01838,58.373569183272465
TEST-01839,28.298237884994432
TEST-01840,30.75301916408791
TEST-01841,44.222894516660375
TEST-01842,48.30318287759621
TEST-01843,41.040094815120774
TEST-01844,24.196020283854143
TEST-01845,104.56467338592853
TEST-01846,48.23652919797083
TEST-01847,22.77663851086465
TEST-01848,102.7478297487178
TEST-01849,45.03824490881801
TEST-01850,5.994671285722173
TEST-01851,16.66980919870815
TEST-01852,89.93293629156399
TEST-01853,4.778146834592454
TEST-01854,22.064944071537386
TEST-01855,28.93899968901046
TEST-01856,7.245631526116714
TEST-01857,31.67647204437524
TEST-01858,77.13030647026882
TEST-01859,6.566156168632253
TEST-01860,5.299786084734256
TEST-01861,41.34639620072731
TEST-01862,37.47831038303483
TEST-01863,15.580368141492508
TEST-01864,33.217830023800516
TEST-01865,10.675298340888236
TEST-01866,26.055720650714907
TEST-01867,21.741517546868074
TEST-01868,33.451418040904095
TEST-01869,16.401289453250328
TEST-01870,7.07609523861518
TEST-01871,66.49360494759992
TEST-01872,11.72556803839898
TEST-01873,12.247768547351127
TEST-01874,33.13015923436157
TEST-01875,87.78987299508384
TEST-01876,52.737255142378295
TEST-01877,18.61384947892026
TEST-01878,11.271968990152692
TEST-01879,34.28514688950695
TEST-01880,32.06964272653008
TEST-01881,20.388341620981816
TEST-01882,6.489926790288998
TEST-01883,50.18340679578273
TEST-01884,19.224018835539336
TEST-01885,75.06828451276286
TEST-01886,58.36648254334675
TEST-01887,21.784585837195362
TEST-01888,51.36259021042357
TEST-01889,44.52523025355197
TEST-01890,43.61593504357131
TEST-01891,36.71294433214911
TEST-01892,79.42996823806769
TEST-01893,15.818999591246312
TEST-01894,44.48386300381648
TEST-01895,23.477013974183347
TEST-01896,5.135386639852123
TEST-01897,31.221633964895236
TEST-01898,18.537242928622028
TEST-01899,36.78743836180818
TEST-01900,6.875398563173858
TEST-01901,20.076778485652707
TEST-01902,66.64868823868163
TEST-01903,6.140567634345001
TEST-01904,9.560761850976196
TEST-01905,36.37766025473398
TEST-01906,23.491185232846394
TEST-01907,29.34269644696033
TEST-01908,76.93560554025423
TEST-01909,44.44096423231343
TEST-01910,81.71926404899058
TEST-01911,10.753815718205002
TEST-01912,35.64454673272887
TEST-01913,11.532403870950645
TEST-01914,18.756033339314744
TEST-01915,69.74283574014922
TEST-01916,57.461038905562916
TEST-01917,38.36631966921073
TEST-01918,29.509325088376066
TEST-01919,39.873514650433954
TEST-01920,55.613548118427346
TEST-01921,39.052238421224644
TEST-01922,12.762459709045828
TEST-01923,32.58962715430418
TEST-01924,53.27832262053988
TEST-01925,41.846840479244285
TEST-01926,6.190590819419863
TEST-01927,53.66241233966451
TEST-01928,6.93799428237111
TEST-01929,13.308269510011124
TEST-01930,30.615378033688327
TEST-01931,7.779649273640128
TEST-01932,78.2580783634221
TEST-01933,20.562177447729045
TEST-01934,66.7245279706082
TEST-01935,56.11158099325303
TEST-01936,83.79196568119418
TEST-01937,58.61653605381848
TEST-01938,8.631945752087564
TEST-01939,58.858320022557834
TEST-01940,18.944937956492897
TEST-01941,27.01749843150527
TEST-01942,33.67189523346231
TEST-01943,50.97164143762041
TEST-01944,65.36976698501692
TEST-01945,20.55300195597916
TEST-01946,77.97087076036671
TEST-01947,80.21060793319693
TEST-01948,44.106524431841976
TEST-01949,68.4874059984878
TEST-01950,41.5001172746298
TEST-01951,33.7018504572925
TEST-01952,39.877721810044264
TEST-01953,67.95016458351749
TEST-01954,4.755252512805252
TEST-01955,47.33040589382093
TEST-01956,97.78228686409746
TEST-01957,26.142207923690933
TEST-01958,39.23231235196677
TEST-01959,48.90198432353683
TEST-01960,20.712297681695183
TEST-01961,24.921503048475603
TEST-01962,58.63298661519922
TEST-01963,19.80514410606585
TEST-01964,19.566585678595217
TEST-01965,6.580645986917404
TEST-01966,26.82559467917084
TEST-01967,52.61331567769682
TEST-01968,37.21341432563391
TEST-01969,50.58401071801444
TEST-01970,5.208959145958251
TEST-01971,20.24287776247345
TEST-01972,5.98782201848315
TEST-01973,44.13856827283155
TEST-01974,31.305660693512245
TEST-01975,20.730348657769863
TEST-01976,21.559733036685824
TEST-01977,34.60695719172685
TEST-01978,31.265059995786455
TEST-01979,24.46742799769867
TEST-01980,77.14786353066212
TEST-01981,5.0448061786629355
TEST-01982,46.014956454343036
TEST-01983,50.79506369360162
TEST-01984,35.399584970085115
TEST-01985,46.93416324969903
TEST-01986,44.13472218942695
TEST-01987,19.937615891744215
TEST-01988,7.228985364227317
TEST-01989,43.57204442182147
TEST-01990,6.899830243579276
TEST-01991,47.77789911578457
TEST-01992,45.97967613525094
TEST-01993,12.815108665887621
TEST-01994,22.609175057125086
TEST-01995,19.120252239575837
TEST-01996,19.71602262274862
TEST-01997,39.989103708058664
TEST-01998,35.906443235499516
TEST-01999,22.860314168198112
TEST-02000,50.104827787704814
TEST-02001,54.72074290782932
TEST-02002,4.828334646147769
TEST-02003,54.264941409962994
TEST-02004,8.815119325168455
TEST-02005,46.269784478085484
TEST-02006,73.16643265772731
TEST-02007,53.77361062581309
TEST-02008,6.271795382205167
TEST-02009,31.892894374556278
TEST-02010,53.501775624752426
TEST-02011,17.41491962806018
TEST-02012,48.50693464098861
TEST-02013,7.76731115908261
TEST-02014,67.4497125384616
TEST-02015,6.697563801227929
TEST-02016,36.04409120350279
TEST-02017,28.854042888480205
TEST-02018,94.51801239653129
TEST-02019,4.755252512805252
TEST-02020,25.62628856842559
TEST-02021,28.17611580863486
TEST-02022,18.019818798077324
TEST-02023,5.908400184387459
TEST-02024,23.06070628309517
TEST-02025,80.60545540408225
TEST-02026,20.073438864583192
TEST-02027,26.913436700053367
TEST-02028,5.348329163416859
TEST-02029,5.199413286469306
TEST-02030,5.193901326934843
TEST-02031,8.12748115350734
TEST-02032,14.777745730499522
TEST-02033,40.6231033652707
TEST-02034,60.802775699264565
TEST-02035,37.80805031926609
TEST-02036,41.5489646561719
TEST-02037,26.830386571517376
TEST-02038,36.946001713873436
TEST-02039,43.442301404608095
TEST-02040,43.98933624735757
TEST-02041,18.96828459419399
TEST-02042,81.11532448148492
TEST-02043,5.657009303792925
TEST-02044,7.258399387171526
TEST-02045,54.2725889248714
TEST-02046,47.64610426902847
TEST-02047,9.434111395254217
TEST-02048,6.615055649674178
TEST-02049,47.197378850186546
TEST-02050,19.506026788250843
TEST-02051,56.46621003191496
TEST-02052,81.91490807331499
TEST-02053,23.44808178096297
TEST-02054,54.54498743254015
TEST-02055,26.969172888043136
TEST-02056,9.877377451445119
TEST-02057,6.960345562896509
TEST-02058,7.236726076835768
TEST-02059,34.532343029935305
TEST-02060,43.07124775248126
TEST-02061,55.25409635952538
TEST-02062,25.935177831008552
TEST-02063,8.244265157489199
TEST-02064,6.607967056428826
TEST-02065,47.53423517574334
TEST-02066,20.158367217820736
TEST-02067,32.64061373102944
TEST-02068,12.145407670184708
TEST-02069,45.78104300395487
TEST-02070,11.118668709479353
TEST-02071,90.63863270561298
TEST-02072,20.440054802252618
TEST-02073,11.536759514170493
TEST-02074,81.51244118257911
TEST-02075,14.209991022825859
TEST-02076,22.503709313181627
TEST-02077,37.94460376182693
TEST-02078,37.74898707211506
TEST-02079,93.68869383003573
TEST-02080,4.009240465102297
TEST-02081,64.09042602725268
TEST-02082,49.90269598054307
TEST-02083,38.3145958131556
TEST-02084,38.45737586886174
TEST-02085,39.93432872700369
TEST-02086,25.104980640520346
TEST-02087,60.49894366367661
TEST-02088,43.28009990398283
TEST-02089,12.73963402717737
TEST-02090,34.89085067882111
TEST-02091,40.24469910511765
TEST-02092,48.22262224093084
TEST-02093,34.109165169960036
TEST-02094,35.028175388852375
TEST-02095,22.67417306806478
TEST-02096,55.37459796934136
TEST-02097,70.88103075382107
TEST-02098,50.669914199619704
TEST-02099,26.400916408643205
TEST-02100,4.705889881891523
TEST-02101,26.213801594643858
TEST-02102,6.575953599215002
TEST-02103,15.44336209961605
TEST-02104,11.977582268977931
TEST-02105,25.882718842917942
TEST-02106,47.20987448061264
TEST-02107,62.6525362217456
TEST-02108,7.723612233093986
TEST-02109,63.55705422413515
TEST-02110,12.758699901924954
TEST-02111,18.030725953035365
TEST-02112,37.28103530837789
TEST-02113,42.93879843812148
TEST-02114,48.01292549968481
TEST-02115,26.22633990665508
TEST-02116,15.413856873742152
TEST-02117,22.55435624331206
TEST-02118,45.17224924703483
TEST-02119,8.766611811050609
TEST-02120,20.97908693424589
TEST-02121,27.129255214734457
TEST-02122,75.33811186595749
TEST-02123,37.51181928171343
TEST-02124,30.805108900709453
TEST-02125,8.376858283274128
TEST-02126,4.893672878636064
TEST-02127,41.29242903936406
TEST-02128,13.40971165809891
TEST-02129,19.406952792830037
TEST-02130,16.50994911717498
TEST-02131,115.80524582989466
TEST-02132,67.26511734650532
TEST-02133,21.471131930279736
TEST-02134,81.3607718127848
TEST-02135,49.94830607962987
TEST-02136,50.906022832504696
TEST-02137,31.03120268111666
TEST-02138,7.581374147715826
TEST-02139,6.160665918979835
TEST-02140,5.442411058047828
TEST-02141,21.33346900930473
TEST-02142,54.25556097867364
TEST-02143,27.380485881645992
TEST-02144,8.30296119714325
TEST-02145,29.144524831781997
TEST-02146,41.952706033860174
TEST-02147,26.707100405377364
TEST-02148,21.175127494626523
TEST-02149,21.0323072456619
TEST-02150,31.50816742953106
TEST-02151,23.934914640824992
TEST-02152,8.975594268241046
TEST-02153,7.52474614369623
TEST-02154,52.43072888511782
TEST-02155,50.17758585045991
TEST-02156,35.84017022549486
TEST-02157,30.41219796492271
TEST-02158,47.78000513738067
TEST-02159,68.27239876522525
TEST-02160,37.72519039409038
TEST-02161,11.63034887953877
TEST-02162,58.97944495902071
TEST-02163,23.910276882903336
TEST-02164,26.50799459816648
TEST-02165,53.388470071644655
TEST-02166,5.325529623992579
TEST-02167,72.36380463191274
TEST-02168,37.541470070563925
TEST-02169,6.483061189262051
TEST-02170,50.330735850786674
TEST-02171,23.969245609477067
TEST-02172,36.855216511348445
TEST-02173,23.96768061930033
TEST-02174,26.933721993174906
TEST-02175,32.07243337186607
TEST-02176,60.99729117118953
TEST-02177,47.060557030228374
TEST-02178,4.5448575098639585
TEST-02179,51.03343276644155
TEST-02180,54.50688169118019
TEST-02181,7.805306956608236
TEST-02182,23.639577274246896
TEST-02183,55.608449351441294
TEST-02184,29.523730610756008
TEST-02185,21.79184571217774
TEST-02186,46.50818824399956
TEST-02187,33.05872063207268
TEST-02188,49.580571181509
TEST-02189,11.487925307301412
TEST-02190,21.86066011612479
TEST-02191,16.593697794233037
TEST-02192,40.85528447821477
TEST-02193,42.9439751618206
TEST-02194,17.780045940966197
TEST-02195,8.200427465405197
TEST-02196,6.033003207807756
TEST-02197,58.72001336437824
TEST-02198,16.085849529050673
TEST-02199,49.5018728392163
TEST-02200,6.15748458215824
TEST-02201,8.215276515785886
TEST-02202,6.453610099021453
TEST-02203,25.403632426363654
TEST-02204,14.795277191263137
TEST-02205,27.9441250769707
TEST-02206,6.2847879740715875
TEST-02207,26.718755610509206
TEST-02208,33.99802822407211
TEST-02209,19.431427004497753
TEST-02210,18.461675038072652
TEST-02211,45.30146208232318
TEST-02212,15.754064103015516
TEST-02213,46.53965966409917
TEST-02214,15.766896533136116
TEST-02215,6.757390011981259
TEST-02216,19.214903284597018
TEST-02217,17.739644304162034
TEST-02218,37.85937627482009
TEST-02219,37.87234719736858
TEST-02220,16.60268552939764
TEST-02221,9.07116322327113
TEST-02222,52.218598492287605
TEST-02223,19.632858506739748
TEST-02224,82.73300626524316
TEST-02225,53.79510569418111
TEST-02226,33.68802417764132
TEST-02227,66.03786532657293
TEST-02228,9.692957518503102
TEST-02229,31.103032667903697
TEST-02230,6.660498291345448
TEST-02231,32.12489783641032
TEST-02232,61.26556015018553
TEST-02233,90.05569876175295
TEST-02234,34.04661974054841
TEST-02235,8.795155955441148
TEST-02236,29.143279610249948
TEST-02237,43.70314766859919
TEST-02238,36.52950994241966
TEST-02239,24.592853304723306
TEST-02240,43.204386732704236
TEST-02241,7.445603958794711
TEST-02242,33.787597449851766
TEST-02243,60.26435677893419
TEST-02244,7.979511115776535
TEST-02245,33.942256266927735
TEST-02246,23.68931603360745
TEST-02247,75.08157231037711
TEST-02248,26.28460655675631
TEST-02249,10.263651172566423
TEST-02250,74.63049734217567
TEST-02251,18.946793027143553
TEST-02252,19.67971804255381
TEST-02253,10.561402385240678
TEST-02254,44.28996313519132
TEST-02255,6.951799443473956
TEST-02256,6.789735556766627
TEST-02257,23.123419483045225
TEST-02258,41.88845497442606
TEST-02259,37.05651319404395
TEST-02260,83.2365200808762
TEST-02261,41.6914336266009
TEST-02262,6.757322158213395
TEST-02263,47.283580329695575
TEST-02264,5.285395320002603
TEST-02265,13.04474364411258
TEST-02266,5.979536002261244
TEST-02267,23.882570145663472
TEST-02268,41.80363428591371
TEST-02269,10.716519913412524
TEST-02270,12.12386614718726
TEST-02271,60.77189309289716
TEST-02272,5.555991012485334
TEST-02273,24.417872720511202
TEST-02274,46.212274008530684
TEST-02275,47.83451113748173
TEST-02276,39.46970118096982
TEST-02277,11.280808817441052
TEST-02278,33.86501756376808
TEST-02279,36.994893508275695
TEST-02280,9.360698041696306
TEST-02281,6.80052426634164
TEST-02282,51.98871841972482
TEST-02283,64.68264564373702
TEST-02284,5.7011608577527735
TEST-02285,48.171327287496936
TEST-02286,11.943328649419872
TEST-02287,16.48623450863983
TEST-02288,16.461310526632563
TEST-02289,33.06129689709698
TEST-02290,16.635120102681622
TEST-02291,86.20301562305228
TEST-02292,36.88765125884662
TEST-02293,18.603802393279384
TEST-02294,9.86318528637718
TEST-02295,53.27832262053988
TEST-02296,49.513187244441795
TEST-02297,16.12433710638855
TEST-02298,28.994564301321965
TEST-02299,59.045618309149596
TEST-02300,6.915901758790198
TEST-02301,15.632600178664163
TEST-02302,25.92234284057857
TEST-02303,75.19108705710676
TEST-02304,22.069119517743776
TEST-02305,50.458980242728124
TEST-02306,78.40449060274427
TEST-02307,31.884888753222356
TEST-02308,21.735380233765103
TEST-02309,33.747020744395826
TEST-02310,51.437194012438226
TEST-02311,7.253789227346592
TEST-02312,5.971221617526882
TEST-02313,16.751378715343158
TEST-02314,36.56613832256856
TEST-02315,32.83593443917185
TEST-02316,44.13575491090367
TEST-02317,20.99532305566257
TEST-02318,29.557635486799242
TEST-02319,78.86943225426229
TEST-02320,7.723789794917987
TEST-02321,25.22958339079247
TEST-02322,66.37875579908294
TEST-02323,39.1127787652755
TEST-02324,39.417174809934096
TEST-02325,39.753446627940185
TEST-02326,47.69294498546953
TEST-02327,89.67261052853509
TEST-02328,35.56563851882036
TEST-02329,34.38502364808369
TEST-02330,21.108949438115122
TEST-02331,22.7349157905906
TEST-02332,36.438458201165865
TEST-02333,21.074592634800226
TEST-02334,6.067296189412347
TEST-02335,5.882152246196879
TEST-02336,36.530241689283315
TEST-02337,48.45726699854005
TEST-02338,14.64645899876207
TEST-02339,13.802924013006088
TEST-02340,7.025884424809913
TEST-02341,4.412304597397415
TEST-02342,33.59293209368768
TEST-02343,48.67328415239735
TEST-02344,25.45039428438239
TEST-02345,17.656831147270477
TEST-02346,67.71175390772545
TEST-02347,42.17398531733367
TEST-02348,20.254669791736372
TEST-02349,41.785255388069054
TEST-02350,9.743995321274124
TEST-02351,18.54452221310676
TEST-02352,6.018268055294848
TEST-02353,15.564703140715201
TEST-02354,39.06501442926056
TEST-02355,34.822404722857385
TEST-02356,6.15748458215824
TEST-02357,50.24387920718457
TEST-02358,80.854441235192
TEST-02359,6.779730946710785
TEST-02360,24.539849451781897
TEST-02361,38.33173976595924
TEST-02362,14.041997307914585
TEST-02363,45.26186780881203
TEST-02364,68.0872397404539
TEST-02365,42.85716880872909
TEST-02366,74.69025006325472
TEST-02367,28.229307275983043
TEST-02368,23.28158534230733
TEST-02369,48.47823579470394
TEST-02370,30.432298235001973
TEST-02371,45.057915058818246
TEST-02372,37.47238091528055
TEST-02373,7.20494059269124
TEST-02374,71.43194896683144
TEST-02375,34.41603782449331
TEST-02376,50.858777194489626
TEST-02377,20.77644617847632
TEST-02378,43.85034453302938
TEST-02379,53.54369649579533
TEST-02380,101.23095918136872
TEST-02381,41.95539467771218
TEST-02382,20.231389026937805
TEST-02383,20.07745477102392
TEST-02384,17.87370745959611
TEST-02385,40.2360031771173
TEST-02386,37.17227018682734
TEST-02387,36.155617886623276
TEST-02388,49.92039096611533
TEST-02389,8.877003838882839
TEST-02390,31.20687282747457
TEST-02391,57.29615389620211
TEST-02392,36.30652450784599
TEST-02393,7.099448799574391
TEST-02394,6.406800025371915
TEST-02395,32.22629689160714
TEST-02396,10.179938697086936
TEST-02397,29.603698899665574
TEST-02398,22.65177530891845
TEST-02399,31.662121646297532
TEST-02400,17.47846515722664
TEST-02401,45.582852458745656
TEST-02402,52.66328154831226
TEST-02403,40.0813599811509
TEST-02404,71.93474277529718
TEST-02405,41.496987112517644
TEST-02406,43.317172643102076
TEST-02407,7.039489513943597
TEST-02408,77.97723594589404
TEST-02409,44.413301964483686
TEST-02410,46.46430190715363
TEST-02411,25.679958996672323
TEST-02412,31.71987844610815
TEST-02413,24.276729424199825
TEST-02414,20.186557840504623
TEST-02415,24.553325036733078
TEST-02416,6.3633777849211794
TEST-02417,28.139679666163556
TEST-02418,7.635256050651905
TEST-02419,53.14108695893289
TEST-02420,39.86800047229037
TEST-02421,23.61528245918261
TEST-02422,19.45168733664491
TEST-02423,9.919191268470932
TEST-02424,52.246430907775604
TEST-02425,41.41109833735329
TEST-02426,9.213882178123129
TEST-02427,47.41991682069073
TEST-02428,54.06107943249083
TEST-02429,77.91190492039955
TEST-02430,75.24279980806014
TEST-02431,4.589309195378318
TEST-02432,32.666306199656866
TEST-02433,72.34675345876603
TEST-02434,19.217805309641523
TEST-02435,19.578873964633413
TEST-02436,6.755284356367907
TEST-02437,7.8238971936904935
TEST-02438,5.07015087503753
TEST-02439,32.7895761691375
TEST-02440,18.90193751268123
TEST-02441,59.04558846692548
TEST-02442,5.427768645720973
TEST-02443,13.88404961650123
TEST-02444,19.003625992726935
TEST-02445,5.300637194159
TEST-02446,26.055246313333672
TEST-02447,26.347914639303678
TEST-02448,41.77739668141011
TEST-02449,47.05383176786952
TEST-02450,26.82339443274494
TEST-02451,20.313936166704774
TEST-02452,44.43433321479319
TEST-02453,23.184610946166472
TEST-02454,26.832962464426743
TEST-02455,81.91771524708145
TEST-02456,33.59418960423458
TEST-02457,42.61606879214009
TEST-02458,5.955131939491698
TEST-02459,45.48963335175173
TEST-02460,85.12549347820439
TEST-02461,42.77360268668279
TEST-02462,15.237004339084557
TEST-02463,7.993829610289177
TEST-02464,49.265067539643184
TEST-02465,5.397985696924009
TEST-02466,25.78281341691513
TEST-02467,40.81186718515389
TEST-02468,17.70244926897545
TEST-02469,6.0759645707169385
TEST-02470,48.03406785754292
TEST-02471,4.927924744607687
TEST-02472,39.05425700126015
TEST-02473,18.61987587725552
TEST-02474,14.576637612210352
TEST-02475,20.291760163065348
TEST-02476,69.26814774267994
TEST-02477,27.91334702378502
TEST-02478,55.609291491096165
TEST-02479,45.26224679524431
TEST-02480,21.67319870368236
TEST-02481,43.99908339223659
TEST-02482,6.786264880188862
TEST-02483,6.984053558704654
TEST-02484,59.75299708954618
TEST-02485,51.123403999852016
TEST-02486,16.81455896861463
TEST-02487,35.0011007682547
TEST-02488,66.84501936743956
TEST-02489,100.86798673553997
TEST-02490,43.869000528807895
TEST-02491,36.695378077046655
TEST-02492,14.232483499467248
TEST-02493,15.50195218894591
TEST-02494,5.112870283488695
TEST-02495,30.219895299844524
TEST-02496,10.623087373264708
TEST-02497,64.98893629410335
TEST-02498,44.95425715597374
TEST-02499,41.79066831546146
TEST-02500,41.08519341710265
TEST-02501,41.04871812104126
TEST-02502,40.32708763919755
TEST-02503,33.32221975696342
TEST-02504,38.95416796910702
TEST-02505,29.0288489613076
TEST-02506,54.89315243216367
TEST-02507,36.72209829453136
TEST-02508,51.2064721876086
TEST-02509,23.969245609477067
TEST-02510,60.893426304744075
TEST-02511,42.95673318766525
TEST-02512,38.38062788480095
TEST-02513,80.88822082751663
TEST-02514,49.25161342967055
TEST-02515,89.67852415657075
TEST-02516,32.89640183234638
TEST-02517,15.830412196947885
TEST-02518,16.358171457665954
TEST-02519,43.92641589346361
TEST-02520,28.409068686690283
TEST-02521,13.50673003868274
TEST-02522,30.918470384366465
TEST-02523,44.964328561518585
TEST-02524,6.899830243579276
TEST-02525,21.689946326028974
TEST-02526,9.005346579777553
TEST-02527,9.728371334279233
TEST-02528,6.522175619373542
TEST-02529,25.079986163957194
TEST-02530,17.52688139707948
TEST-02531,25.036027725747132
TEST-02532,92.38111425397142
TEST-02533,5.98782201848315
TEST-02534,9.836989042255366
TEST-02535,48.38407168213086
TEST-02536,42.66737348298504
TEST-02537,37.26303675390963
TEST-02538,13.533211476545949
TEST-02539,38.24474259971203
TEST-02540,38.96039439234442
TEST-02541,17.790369016755662
TEST-02542,19.141560124212123
TEST-02543,9.437352499926865
TEST-02544,10.767954700590996
TEST-02545,41.01411568067742
TEST-02546,6.75521593402196
TEST-02547,8.13075463594679
TEST-02548,38.34200777943754
TEST-02549,64.94959960405907
TEST-02550,22.013111793908852
TEST-02551,10.129739739654202
TEST-02552,38.288842586951226
TEST-02553,13.439446911420077
TEST-02554,94.97637120140826
TEST-02555,32.21890994961831
TEST-02556,33.81556406454
TEST-02557,6.8367616405175085
TEST-02558,23.850786832805188
TEST-02559,21.037302276759114
TEST-02560,7.7721221260731195
TEST-02561,53.33294238347448
TEST-02562,46.50429062384543
TEST-02563,52.51147256699207
TEST-02564,7.741159441518799
TEST-02565,38.73085312456001
TEST-02566,20.131476563987967
TEST-02567,19.250610464114015
TEST-02568,41.29122523366923
TEST-02569,15.731186699485313
TEST-02570,18.345913521751886
TEST-02571,6.104225633463799
TEST-02572,47.722803986802504
TEST-02573,7.6818680944890545
TEST-02574,5.947246780835299
TEST-02575,24.637011132272477
TEST-02576,14.078043202267663
TEST-02577,26.689085015987317
TEST-02578,45.94644760771552
TEST-02579,5.233844812300762
TEST-02580,25.54459136519394
TEST-02581,59.171499629369016
TEST-02582,25.284994125766424
TEST-02583,10.936602250077595
TEST-02584,84.49772634734649
TEST-02585,47.76586632872668
TEST-02586,7.9528425905818825
TEST-02587,7.894734190383386
TEST-02588,37.48059406373047
TEST-02589,25.130047315296604
TEST-02590,23.295968474953558
TEST-02591,15.637460241226666
TEST-02592,15.410237643963312
TEST-02593,22.837948996929974
TEST-02594,7.196685260757096
TEST-02595,24.217385543612604
TEST-02596,33.54342147474503
TEST-02597,35.45823832619777
TEST-02598,29.0576800416848
TEST-02599,6.510801956540941
TEST-02600,18.794398642331227
TEST-02601,28.970720193065368
TEST-02602,18.876985563791873
TEST-02603,40.2591277141063
TEST-02604,32.929144578073796
TEST-02605,10.164615860132342
TEST-02606,44.415718632873286
TEST-02607,13.191443771360554
TEST-02608,7.046929485387132
TEST-02609,5.811427408665143
TEST-02610,11.855940634425144
TEST-02611,37.48084832375907
TEST-02612,62.613648333846896
TEST-02613,6.22850283820457
TEST-02614,25.1902232797704
TEST-02615,56.25056112363484
TEST-02616,40.82801396801109
TEST-02617,44.3921070680072
TEST-02618,44.93944256393061
TEST-02619,34.710334901935795
TEST-02620,8.43759816975328
TEST-02621,34.052348829945046
TEST-02622,20.69611363108105
TEST-02623,36.721391598462866
TEST-02624,35.40967436442906
TEST-02625,58.59842531738185
TEST-02626,28.034124692279
TEST-02627,22.88999227772309
TEST-02628,12.108358444175495
TEST-02629,36.82977740115402
TEST-02630,7.837597901776649
TEST-02631,53.69399725963482
TEST-02632,20.61633770649633
TEST-02633,6.478587329918079
TEST-02634,42.71475702288305
TEST-02635,16.996338196757197
TEST-02636,20.828658958753387
TEST-02637,7.111742547438072
TEST-02638,7.014582452895668
TEST-02639,66.02100582172814
TEST-02640,29.3942343704203
TEST-02641,26.004730359283116
TEST-02642,33.941086502077724
TEST-02643,54.3487573377554
TEST-02644,73.4507685381503
TEST-02645,28.802069383654665
TEST-02646,17.98783799236794
TEST-02647,36.779385834005
TEST-02648,48.52832065570073
TEST-02649,4.383520802274451
TEST-02650,10.65828029165564
TEST-02651,9.207976864895773
TEST-02652,7.039489513943597
TEST-02653,16.754880573996886
TEST-02654,6.657377979250241
TEST-02655,31.537307455817647
TEST-02656,27.180306589066017
TEST-02657,6.0001218134259
TEST-02658,7.997845057290978
TEST-02659,39.13845422042618
TEST-02660,53.13568130889347
TEST-02661,5.8168184668529825
TEST-02662,6.7138949220582
TEST-02663,43.37832061712943
TEST-02664,15.97115242375767
TEST-02665,21.413266112621724
TEST-02666,7.049369205020544
TEST-02667,40.74810121483977
TEST-02668,22.82123459178495
TEST-02669,5.465701977824609
TEST-02670,23.334254680636082
TEST-02671,19.016045321098588
TEST-02672,5.989546805011341
TEST-02673,25.45467737601598
TEST-02674,11.9377433810544
TEST-02675,32.106015740937714
TEST-02676,77.49330443936957
TEST-02677,7.346843812153119
TEST-02678,38.62695090748483
TEST-02679,23.585772558784214
TEST-02680,26.47133832829492
TEST-02681,13.737745555806438
TEST-02682,38.5047611503847
TEST-02683,45.90129084541543
TEST-02684,27.455345414001016
TEST-02685,58.619863244858124
TEST-02686,9.548545956132108
TEST-02687,24.698214521132453
TEST-02688,72.81463208783161
TEST-02689,23.304926372348284
TEST-02690,6.993526484299153
TEST-02691,14.0338855191569
TEST-02692,28.169295308699347
TEST-02693,18.616411742425324
TEST-02694,9.910969374754172
TEST-02695,19.241987869042145
TEST-02696,12.83841624694591
TEST-02697,44.73528444940704
TEST-02698,84.48470474155582
TEST-02699,7.253409182464608
TEST-02700,37.60622487693048
TEST-02701,20.817111231570575
TEST-02702,26.12227085876784
TEST-02703,32.58700660183983
TEST-02704,40.25507514734819
TEST-02705,44.11962359400058
TEST-02706,22.70964100371075
TEST-02707,13.002060548465083
TEST-02708,43.86775233882845
TEST-02709,29.51437497521592
TEST-02710,48.882157511331705
TEST-02711,44.289565986224815
TEST-02712,26.379334609246143
TEST-02713,37.876821261051596
TEST-02714,17.26450126908897
TEST-02715,39.882397271823486
TEST-02716,6.232769275913575
TEST-02717,7.805226779229055
TEST-02718,6.625380358852556
TEST-02719,49.351525176755736
TEST-02720,33.25656474306165
TEST-02721,48.39877306944627
TEST-02722,31.788581729305825
TEST-02723,41.7293546358308
TEST-02724,39.037160458796144
TEST-02725,8.066279945500703
TEST-02726,19.59997570534705
TEST-02727,15.370477912299448
TEST-02728,21.59579340147187
TEST-02729,37.162075799029374
TEST-02730,15.292399466440855
TEST-02731,5.428363695162777
TEST-02732,49.635859593331254
TEST-02733,6.361792413500678
TEST-02734,8.218132982846571
TEST-02735,6.728613350384566
TEST-02736,40.822554984869825
TEST-02737,4.899135031872151
TEST-02738,18.359502801298373
TEST-02739,56.03772981178991
TEST-02740,63.826469412465094
TEST-02741,56.76739098370859
TEST-02742,57.724572836786415
TEST-02743,60.7637731684831
TEST-02744,39.97359902580207
TEST-02745,8.508204672812669
TEST-02746,32.591205443505245
TEST-02747,12.138095542236096
TEST-02748,19.0078583441523
TEST-02749,39.48776220901493
TEST-02750,75.44113768546657
TEST-02751,5.947246780835299
TEST-02752,44.31032043787302
TEST-02753,5.586679595426266
TEST-02754,57.153542422034874
TEST-02755,20.940316705006026
TEST-02756,60.954238158391966
TEST-02757,22.521157589562247
TEST-02758,62.35440440428992
TEST-02759,16.510705269811428
TEST-02760,26.926868999140414
TEST-02761,11.30948271806395
TEST-02762,35.683819589023514
TEST-02763,64.08587492343358
TEST-02764,58.04330873295583
TEST-02765,51.96160367844533
TEST-02766,15.594126704441562
TEST-02767,19.890458385842212
TEST-02768,43.362647330509965
TEST-02769,31.3162617932406
TEST-02770,30.05307994574713
TEST-02771,86.0751608551852
TEST-02772,5.445526006110279
TEST-02773,81.87757291079278
TEST-02774,52.80323586561992
TEST-02775,68.29940048616211
TEST-02776,7.119107456244797
TEST-02777,54.74346907955206
TEST-02778,26.483508884057215
TEST-02779,34.40004539698329
TEST-02780,39.896474867626814
TEST-02781,14.322803536960706
TEST-02782,19.746130606651924
TEST-02783,15.771840062271325
TEST-02784,83.77283555835854
TEST-02785,100.04147168567158
TEST-02786,10.247322939644457
TEST-02787,8.44427186924364
TEST-02788,7.232153832193602
TEST-02789,28.552439255487425
TEST-02790,31.448551643957597
TEST-02791,13.203994151991846
TEST-02792,6.171117781771374
TEST-02793,6.57459075780125
TEST-02794,35.22032633187529
TEST-02795,21.498487069195836
TEST-02796,44.66361323604224
TEST-02797,40.84954627993072
TEST-02798,98.00621457832106
TEST-02799,51.946644818317566
TEST-02800,8.301905460173694
TEST-02801,40.58101908207552
TEST-02802,5.351843971831647
TEST-02803,37.81117179038658
TEST-02804,11.3605223764292
TEST-02805,85.50685853683714
TEST-02806,34.906342139436994
TEST-02807,57.67286864466684
TEST-02808,62.28355321245478
TEST-02809,84.44042271463609
TEST-02810,48.88998188326145
TEST-02811,44.98779414751705
TEST-02812,38.85319840484718
TEST-02813,27.199271114850497
TEST-02814,101.35757794039769
TEST-02815,18.921814761204775
TEST-02816,10.127611328550202
TEST-02817,39.439734960971926
TEST-02818,7.073370788058407
TEST-02819,23.343557243694246
TEST-02820,23.430423163254055
TEST-02821,9.451609325023572
TEST-02822,6.543858872902435
TEST-02823,6.974311276020308
TEST-02824,69.20710592616251
TEST-02825,28.35257025504568
TEST-02826,19.07930747742084
TEST-02827,34.18019992978511
TEST-02828,64.72311544069255
TEST-02829,20.91622082514165
TEST-02830,19.850752407309347
TEST-02831,32.41158060492594
TEST-02832,30.43621931385139
TEST-02833,21.083213784598517
TEST-02834,8.38569370189884
TEST-02835,38.275454990637705
TEST-02836,22.812351412832157
TEST-02837,34.013634301506094
TEST-02838,60.932113520201526
TEST-02839,14.88300235747316
TEST-02840,31.04108105752572
TEST-02841,48.116747471249376
TEST-02842,17.96337579619163
TEST-02843,41.38330045313612
TEST-02844,53.84477598243546
TEST-02845,12.360691415773648
TEST-02846,6.7976282160266015
TEST-02847,47.88223670500818
TEST-02848,8.835153623595353
TEST-02849,11.391182330970022
TEST-02850,30.00524392670662
TEST-02851,46.49759322863111
TEST-02852,28.973814224489914
TEST-02853,10.427020596790054
TEST-02854,6.4179859750250285
TEST-02855,15.571445252503674
TEST-02856,52.25450861797571
TEST-02857,23.78784825230719
TEST-02858,18.026450969564184
TEST-02859,15.482633955745053
TEST-02860,11.68891679660942
TEST-02861,30.69343127969956
TEST-02862,97.13592203298435
TEST-02863,21.616577998445255
TEST-02864,71.30053675320953
TEST-02865,31.689691986496204
TEST-02866,11.18310802888948
TEST-02867,12.106521419781835
TEST-02868,19.215095276354532
TEST-02869,104.11220603903492
TEST-02870,29.778725804812954
TEST-02871,42.96333004877254
TEST-02872,15.923885121186268
TEST-02873,37.36305950100929
TEST-02874,39.18027222562231
TEST-02875,32.27214575338803
TEST-02876,67.30604900839013
TEST-02877,28.45547960655806
TEST-02878,45.748485435747725
TEST-02879,25.870997208138412
TEST-02880,22.745416766781936
TEST-02881,40.395017432075484
TEST-02882,49.32805940478226
TEST-02883,45.06903101460539
TEST-02884,19.79126141240904
TEST-02885,9.650362545314069
TEST-02886,35.31855175073345
TEST-02887,37.06168182719637
TEST-02888,11.387598857497972
TEST-02889,51.55452526246889
TEST-02890,33.42426028692516
TEST-02891,33.81479784228998
TEST-02892,6.048479422688901
TEST-02893,38.92727123608208
TEST-02894,44.33792884865644
TEST-02895,11.062904243705491
TEST-02896,32.00042908055524
TEST-02897,31.468885837068655
TEST-02898,6.4141255812652025
TEST-02899,42.005276748908216
TEST-02900,21.490117761275314
TEST-02901,23.934888649245877
TEST-02902,7.40158898926088
TEST-02903,48.42094994563717
TEST-02904,31.26337149378134
TEST-02905,32.9612441691896
TEST-02906,28.778428537635094
TEST-02907,6.304885599186435
TEST-02908,4.860392494478934
TEST-02909,6.10775412319419
TEST-02910,18.171724695156435
TEST-02911,14.936522705976495
TEST-02912,41.05318450048051
TEST-02913,62.6381807003095
TEST-02914,89.73567931198718
TEST-02915,81.97618956123591
TEST-02916,14.204768703040404
TEST-02917,32.4093429327129
TEST-02918,58.602820365243986
TEST-02919,7.001062885432879
TEST-02920,43.7187179328355
TEST-02921,6.750859848609185
TEST-02922,37.5541825441888
TEST-02923,6.631407361853884
TEST-02924,64.00687700001318
TEST-02925,61.10070457783095
TEST-02926,6.2250056849395055
TEST-02927,7.176870254555158
TEST-02928,49.63497804959631
TEST-02929,13.469977909698938
TEST-02930,89.68711000830221
TEST-02931,36.81795470115302
TEST-02932,9.041600682154371
TEST-02933,39.772909690043946
TEST-02934,15.135973356604678
TEST-02935,6.861850519809542
TEST-02936,10.73599155762288
TEST-02937,6.238673857555345
TEST-02938,91.02096260737609
TEST-02939,47.541517895803345
TEST-02940,39.229446219043936
TEST-02941,24.88176275515131
TEST-02942,25.00517071512703
TEST-02943,14.175848446090438
TEST-02944,15.007223194357318
TEST-02945,20.189474741836047
TEST-02946,77.46591719663901
TEST-02947,26.079372625876857
TEST-02948,109.76526085768548
TEST-02949,48.88998188326145
TEST-02950,40.14872687236302
TEST-02951,26.016131622029096
TEST-02952,51.6732354315291
TEST-02953,31.100804635965932
TEST-02954,17.72225059020474
TEST-02955,31.166987590896497
TEST-02956,53.730632295046746
TEST-02957,6.166916217399585
TEST-02958,19.53066456727544
TEST-02959,37.148452086310414
TEST-02960,84.38007370496958
TEST-02961,4.755252512805252
TEST-02962,8.225665233302784
TEST-02963,37.39573119136065
TEST-02964,5.846566500619303
TEST-02965,37.78257556175978
TEST-02966,52.29078076459892
TEST-02967,7.811490805326801
TEST-02968,37.69610464106631
TEST-02969,8.636780270582124
TEST-02970,33.25752408784779
TEST-02971,40.32836850350765
TEST-02972,19.123178888237486
TEST-02973,28.666194496954205
TEST-02974,103.49698780783108
TEST-02975,40.475202197948164
TEST-02976,49.51189718909285
TEST-02977,54.084455698144026
TEST-02978,23.691827506053805
TEST-02979,22.16816809165853
TEST-02980,35.20914044644975
TEST-02981,13.974584834842867
TEST-02982,14.644091054062418
TEST-02983,34.41603670384016
TEST-02984,31.901666180495432
TEST-02985,49.28688145248068
TEST-02986,23.650392668282926
TEST-02987,41.18058382684979
TEST-02988,15.686782140356192
TEST-02989,45.7856734592529
TEST-02990,28.425722455596908
TEST-02991,50.10367511527954
TEST-02992,68.28736593291349
TEST-02993,81.96467946094401
TEST-02994,51.74037994578127
TEST-02995,22.791447035456024
TEST-02996,8.831978111413234
TEST-02997,48.239317833790004
TEST-02998,54.21897596446587
TEST-02999,20.44835898571568
TEST-03000,44.1446948021705
TEST-03001,89.52773130411651
TEST-03002,6.162920036728687
TEST-03003,6.0897395033649815
TEST-03004,42.63187055037013
TEST-03005,49.580571181509
TEST-03006,6.876283667509908
TEST-03007,15.989644288028016
TEST-03008,55.135534145180415
TEST-03009,23.967923658500364
TEST-03010,43.285557817977676
TEST-03011,60.08908661000667
TEST-03012,15.814321897380509
TEST-03013,9.313113364755404
TEST-03014,30.683892392822752
TEST-03015,13.912053039468386
TEST-03016,85.81345747061272
TEST-03017,20.717499757454995
TEST-03018,5.414010082771919
TEST-03019,48.111005113027375
TEST-03020,4.443440034832513
TEST-03021,48.81082948745486
TEST-03022,6.006080147538694
TEST-03023,38.72722905623062
TEST-03024,11.996551393465
TEST-03025,43.757843068860055
TEST-03026,58.52547276510946
TEST-03027,99.87620970677375
TEST-03028,6.794829034421871
TEST-03029,31.0941719668487
TEST-03030,27.85141265272381
TEST-03031,57.21133161963071
TEST-03032,64.8962879105976
TEST-03033,74.97935200518532
TEST-03034,7.184341548221861
TEST-03035,27.792227741810084
TEST-03036,64.19125821350016
TEST-03037,19.500639317085824
TEST-03038,36.8060853542107
TEST-03039,53.23511794614586
TEST-03040,23.317635798771796
TEST-03041,40.39946229534963
TEST-03042,20.682937078377975
TEST-03043,19.372229177633326
TEST-03044,37.183272157852144
TEST-03045,26.861883439668418
TEST-03046,5.716180636582935
TEST-03047,14.82372454753184
TEST-03048,65.65037724947759
TEST-03049,7.741140241158047
TEST-03050,30.55514730075378
TEST-03051,66.82727609046597
TEST-03052,87.73064225976964
TEST-03053,8.266539265935824
TEST-03054,41.06149761427057
TEST-03055,6.262145143067578
TEST-03056,39.21964039857683
TEST-03057,9.042875187678002
TEST-03058,7.029068896613836
TEST-03059,53.44225141608341
TEST-03060,77.00719608233157
TEST-03061,7.879698677747827
TEST-03062,11.257052668874705
TEST-03063,108.32259810454366
TEST-03064,4.7822535978169025
TEST-03065,37.919986815646816
TEST-03066,18.551665397485078
TEST-03067,45.86857682465665
TEST-03068,6.183555332217986
TEST-03069,15.5114476169656
TEST-03070,5.348329163416859
TEST-03071,9.007781711968098
TEST-03072,7.365290468218809
TEST-03073,39.001318302389826
TEST-03074,38.57299217101636
TEST-03075,73.7106840501544
TEST-03076,6.378531729355225
TEST-03077,33.782847700643394
TEST-03078,36.535708082652306
TEST-03079,22.592582850645655
TEST-03080,48.21418854886758
TEST-03081,44.78413787539019
TEST-03082,20.216783824322803
TEST-03083,9.397721685356546
TEST-03084,68.5642542625659
TEST-03085,37.90717174429477
TEST-03086,45.27342940650044
TEST-03087,39.15423972626722
TEST-03088,6.443313899450797
TEST-03089,38.934441432285375
TEST-03090,44.47976841044311
TEST-03091,26.80257634760396
TEST-03092,7.254810299563878
TEST-03093,11.294669426462535
TEST-03094,11.023203717352299
TEST-03095,5.860060960553096
TEST-03096,6.271795382205167
TEST-03097,48.16433047846488
TEST-03098,45.58377107404881
TEST-03099,76.06386056190757
TEST-03100,83.9992688155617
TEST-03101,28.136233662258377
TEST-03102,4.849825346877121
TEST-03103,26.440368047662307
TEST-03104,15.115685429856843
TEST-03105,33.30073933864113
TEST-03106,37.38708934306761
TEST-03107,6.428401739334351
TEST-03108,6.162808352198378
TEST-03109,6.271795382205167
TEST-03110,30.442188759576066
TEST-03111,41.69752567201956
TEST-03112,4.541634499299017
TEST-03113,5.692738848173337
TEST-03114,30.124054938736432
TEST-03115,28.209756532755225
TEST-03116,38.210005074213676
TEST-03117,35.9749033631475
TEST-03118,4.86678094645026
TEST-03119,39.99604013790756
TEST-03120,27.080268917364542
TEST-03121,44.98417046124599
TEST-03122,96.40763200653095
TEST-03123,9.7803945202591
TEST-03124,19.591975642916847
TEST-03125,41.343420611604294
TEST-03126,30.768907597807413
TEST-03127,8.843039417984441
TEST-03128,32.26084806240249
TEST-03129,59.460350925157236
TEST-03130,5.947799142472904
TEST-03131,61.2005108252096
TEST-03132,12.541259188169308
TEST-03133,45.326902508044114
TEST-03134,40.464001155960574
TEST-03135,82.12172979995164
TEST-03136,32.04175491425742
TEST-03137,65.75722729156847
TEST-03138,25.33935643394009
TEST-03139,88.87167485693561
TEST-03140,19.174522402573768
TEST-03141,6.8574230545418375
TEST-03142,36.665651301939356
TEST-03143,12.255976523348025
TEST-03144,18.870215622497685
TEST-03145,27.91596108244734
TEST-03146,44.75433066258368
TEST-03147,76.42610557601611
TEST-03148,11.18961773777706
TEST-03149,28.666936862334904
TEST-03150,10.00096744973357
TEST-03151,7.1082310656235475
TEST-03152,42.76318479037035
TEST-03153,83.81084719353575
TEST-03154,6.152937958690315
TEST-03155,21.111317855262055
TEST-03156,15.07111301020281
TEST-03157,36.03699850506985
TEST-03158,50.88324482612223
TEST-03159,96.00795838575188
TEST-03160,50.849025479438914
TEST-03161,12.045056335813515
TEST-03162,66.00661301908296
TEST-03163,5.010680095913504
TEST-03164,35.68023524903028
TEST-03165,56.77481772983065
TEST-03166,6.229685812621701
TEST-03167,7.4268018119633785
TEST-03168,58.6894385125451
TEST-03169,49.09523185950853
TEST-03170,27.907326075426404
TEST-03171,19.792455644950266
TEST-03172,39.014135588810674
TEST-03173,19.02283923929847
TEST-03174,19.750245004125638
TEST-03175,30.692836633241406
TEST-03176,9.564604729479937
TEST-03177,5.066410967958999
TEST-03178,23.874106759461643
TEST-03179,21.68426644975409
TEST-03180,48.43821842098328
TEST-03181,48.983490893464435
TEST-03182,6.43573659327933
TEST-03183,46.00917818110391
TEST-03184,32.8279401862551
TEST-03185,6.2817827115323706
TEST-03186,7.468110262075014
TEST-03187,38.01554356811175
TEST-03188,50.193544521410395
TEST-03189,28.68970621109915
TEST-03190,39.82700484122969
TEST-03191,27.64519225361933
TEST-03192,55.304828752959686
TEST-03193,30.84925200670824
TEST-03194,58.30110893147974
TEST-03195,46.52377917466143
TEST-03196,28.493055468455545
TEST-03197,45.57156738916164
TEST-03198,19.760583997771626
TEST-03199,44.32138522632729
TEST-03200,59.55664607901629
TEST-03201,41.364426078385044
TEST-03202,22.786960367753437
TEST-03203,29.673793782305612
TEST-03204,6.2847879740715875
TEST-03205,21.343637987694137
TEST-03206,7.0481379497831425
TEST-03207,99.46490975117192
TEST-03208,17.42549816013975
TEST-03209,64.16345165030039
TEST-03210,24.741820083517613
TEST-03211,15.662904232613942
TEST-03212,40.61300300034354
TEST-03213,34.294706900954154
TEST-03214,69.24723758485176
TEST-03215,22.858523997098327
TEST-03216,6.604120074666234
TEST-03217,34.948498181703975
TEST-03218,26.405052380332343
TEST-03219,27.970536234076494
TEST-03220,5.5621870068349795
TEST-03221,7.531110382155706
TEST-03222,33.16578649663033
TEST-03223,34.30875301208917
TEST-03224,43.13657689204886
TEST-03225,83.75531297963845
TEST-03226,43.28263710737763
TEST-03227,8.891803326407155
TEST-03228,6.915186930937231
TEST-03229,20.308163879182562
TEST-03230,15.111846704632365
TEST-03231,22.184269351151755
TEST-03232,31.48970140442692
TEST-03233,27.21375312705274
TEST-03234,18.52065622559394
TEST-03235,38.25487585903777
TEST-03236,36.48533568283498
TEST-03237,29.750208823327885
TEST-03238,7.843959764995389
TEST-03239,36.18167137998271
TEST-03240,17.125631859699567
TEST-03241,32.04003530941369
TEST-03242,5.98782201848315
TEST-03243,20.616854829838896
TEST-03244,48.49698757558724
TEST-03245,10.946340828515321
TEST-03246,33.03621318776759
TEST-03247,16.82172515994406
TEST-03248,7.084339873406535
TEST-03249,7.904918400361166
TEST-03250,19.380471547235498
TEST-03251,27.251279918591717
TEST-03252,8.501790700366708
TEST-03253,51.647166195418315
TEST-03254,9.019989398954236
TEST-03255,40.230660588005875
TEST-03256,10.869423448635702
TEST-03257,48.04884019689211
TEST-03258,5.937329501969605
TEST-03259,22.910810219569786
TEST-03260,57.8036541426287
TEST-03261,35.05620719117843
TEST-03262,20.049473336628335
TEST-03263,52.36760430141203
TEST-03264,24.342905496537384
TEST-03265,19.619480044863344
TEST-03266,24.08203210696795
TEST-03267,39.33696000194167
TEST-03268,41.99840734458932
TEST-03269,18.444962423595666
TEST-03270,21.286231456370636
TEST-03271,78.52686650069782
TEST-03272,22.57615705659604
TEST-03273,36.79440762827287
TEST-03274,39.05200520270918
TEST-03275,43.79065092871233
TEST-03276,4.300594635180436
TEST-03277,29.28795135596634
TEST-03278,27.02437497886867
TEST-03279,34.941100922601
TEST-03280,17.91610126684281
TEST-03281,54.02477033736102
TEST-03282,53.244485461474845
TEST-03283,49.11425005911661
TEST-03284,44.63861793988144
TEST-03285,44.15793611651845
TEST-03286,63.45524450182855
TEST-03287,34.22298388512736
TEST-03288,41.89658502445422
TEST-03289,27.847328997754897
TEST-03290,6.478587329918079
TEST-03291,43.02421099133514
TEST-03292,31.052020955270418
TEST-03293,63.16664084421881
TEST-03294,6.343213003122354
TEST-03295,28.11537975917544
TEST-03296,53.90184431157861
TEST-03297,31.126591949128805
TEST-03298,35.21884084011492
TEST-03299,7.576031925398643
TEST-03300,34.27028827438754
TEST-03301,26.086730054113723
TEST-03302,42.98457210909709
TEST-03303,20.046213983573598
TEST-03304,5.792886195507639
TEST-03305,17.71999519811967
TEST-03306,7.27174271909935
TEST-03307,36.83207876631839
TEST-03308,22.683586508194853
TEST-03309,39.7994419935196
TEST-03310,40.78545435293974
TEST-03311,85.8312573383561
TEST-03312,5.846566500619303
TEST-03313,15.116364988061452
TEST-03314,53.0513112940984
TEST-03315,22.710935133794518
TEST-03316,49.26357266523433
TEST-03317,6.958655696395439
TEST-03318,50.374458106001136
TEST-03319,25.532118881067024
TEST-03320,35.16344150343383
TEST-03321,17.012925424993295
TEST-03322,36.82733529500811
TEST-03323,44.672685883621114
TEST-03324,71.29508862225042
TEST-03325,39.58347900757837
TEST-03326,30.334560198715167
TEST-03327,28.02897200136643
TEST-03328,51.84727408954367
TEST-03329,46.88072284897477
TEST-03330,20.38614469769786
TEST-03331,52.92277864365951
TEST-03332,20.146110782669005
TEST-03333,17.025186320163584
TEST-03334,35.205660107715374
TEST-03335,17.716366284196702
TEST-03336,76.40692308658076
TEST-03337,10.19104938109441
TEST-03338,20.950870773365054
TEST-03339,63.990819209731285
TEST-03340,30.715463061973782
TEST-03341,10.904362057426319
TEST-03342,12.27962922913561
TEST-03343,27.478974307508334
TEST-03344,5.67084079404202
TEST-03345,49.515390979353796
TEST-03346,33.066175022785664
TEST-03347,38.06450535075451
TEST-03348,38.04187432037049
TEST-03349,54.76934066956022
TEST-03350,31.80642927790579
TEST-03351,31.029633914949073
TEST-03352,54.90380194351524
TEST-03353,23.72152194030014
TEST-03354,4.5448575098639585
TEST-03355,92.89683235794003
TEST-03356,38.63423231770817
TEST-03357,64.10929825506483
TEST-03358,16.989033216440554
TEST-03359,48.156356484049255
TEST-03360,10.32437548423684
TEST-03361,56.147392823051604
TEST-03362,72.77630953133274
TEST-03363,34.079216285574006
TEST-03364,22.011286049916663
TEST-03365,12.027949954628125
TEST-03366,37.3750687974457
TEST-03367,68.28905238928726
TEST-03368,5.958374228204086
TEST-03369,8.136999496635957
TEST-03370,21.76770070237259
TEST-03371,31.31236383247057
TEST-03372,20.098373103353527
TEST-03373,17.776389701696925
TEST-03374,6.93354384393624
TEST-03375,85.55618219045654
TEST-03376,99.05170777483217
TEST-03377,5.867412032977147
TEST-03378,24.5404662449021
TEST-03379,26.644859928511735
TEST-03380,14.967490750997746
TEST-03381,93.88098848460133
TEST-03382,6.365621791619745
TEST-03383,39.87061115224755
TEST-03384,7.240030664397538
TEST-03385,41.524114147969264
TEST-03386,44.01492076039288
TEST-03387,40.61300300034354
TEST-03388,54.00360852356621
TEST-03389,62.35233313542548
TEST-03390,15.286668921722205
TEST-03391,7.533897852146208
TEST-03392,7.936343482686052
TEST-03393,18.96324423633791
TEST-03394,33.016223600558774
TEST-03395,1.775919331568917
TEST-03396,42.91348596990672
TEST-03397,45.36845924455243
TEST-03398,9.6829972437168
TEST-03399,89.09790661125862
TEST-03400,8.922584795810147
TEST-03401,42.97596400879793
TEST-03402,11.205472562749607
TEST-03403,8.04040841644325
TEST-03404,5.445526006110279
TEST-03405,6.810373478190972
TEST-03406,56.28907308786247
TEST-03407,60.75455297060193
TEST-03408,5.949091005364755
TEST-03409,73.26216404139339
TEST-03410,102.17802566597649
TEST-03411,14.278759995432964
TEST-03412,6.555766026488945
TEST-03413,5.087648870071428
TEST-03414,37.51587167875196
TEST-03415,6.599686336303866
TEST-03416,11.237492890912991
TEST-03417,23.354760761018202
TEST-03418,90.04329141587763
TEST-03419,17.467634201185934
TEST-03420,44.51719973355718
TEST-03421,32.52559279841606
TEST-03422,6.672742945594551
TEST-03423,52.14737843239779
TEST-03424,24.89879320899461
TEST-03425,31.437180147386528
TEST-03426,93.37274058992718
TEST-03427,6.262697504705183
TEST-03428,28.85616525654839
TEST-03429,54.79886377892221
TEST-03430,6.033003207807756
TEST-03431,10.109658210914603
TEST-03432,42.481299827587954
TEST-03433,81.54522339408722
TEST-03434,21.506076078487666
TEST-03435,59.793215062565494
TEST-03436,23.854469461277088
TEST-03437,12.042756474012348
TEST-03438,57.51507748301833
TEST-03439,22.749011948912763
TEST-03440,39.00466186448748
TEST-03441,41.74815109240251
TEST-03442,76.27870011299727
TEST-03443,9.294395133339314
TEST-03444,38.60579602204092
TEST-03445,5.128434078996237
TEST-03446,40.74509516817309
TEST-03447,37.765823029678394
TEST-03448,13.03725951528043
TEST-03449,36.95444339702763
TEST-03450,44.479559178353455
TEST-03451,19.326320043262356
TEST-03452,23.677092169593394
TEST-03453,10.027263278378562
TEST-03454,35.02656526793432
TEST-03455,31.19587405888822
TEST-03456,22.997050702282042
TEST-03457,20.498998310304874
TEST-03458,47.18116508210556
TEST-03459,9.286546113923693
TEST-03460,33.40482824114935
TEST-03461,65.12433523938597
TEST-03462,45.005032117546236
TEST-03463,61.845459931680914
TEST-03464,39.462388054880265
TEST-03465,27.23794196215868
TEST-03466,9.601093830453408
TEST-03467,33.872437255045995
TEST-03468,6.0759645707169385
TEST-03469,61.94071100889696
TEST-03470,50.37007469008629
TEST-03471,8.38015603284501
TEST-03472,43.400289937009866
TEST-03473,48.172675367102265
TEST-03474,22.12708546470396
TEST-03475,34.42418039247608
TEST-03476,39.25288673338892
TEST-03477,45.64823791461198
TEST-03478,7.082619263594241
TEST-03479,117.3242730607582
TEST-03480,43.86486314829423
TEST-03481,59.60641446646851
TEST-03482,59.37239827897916
TEST-03483,10.906122178877034
TEST-03484,26.172864053734916
TEST-03485,69.00614874147783
TEST-03486,47.4211077071205
TEST-03487,6.481413813513817
TEST-03488,61.24291509681259
TEST-03489,42.774695765225395
TEST-03490,32.55970017962082
TEST-03491,50.6334414894785
TEST-03492,15.733675309599672
TEST-03493,39.37646337916708
TEST-03494,31.4853929660386
TEST-03495,40.512919958680314
TEST-03496,49.523733243168955
TEST-03497,22.88538907692846
TEST-03498,53.26918150548004
TEST-03499,44.766987798064115
TEST-03500,6.237182576947268
TEST-03501,16.190530364425577
TEST-03502,32.76569656138237
TEST-03503,22.659120685302053
TEST-03504,26.43684574223948
TEST-03505,26.6222858198838
TEST-03506,5.507240113122152
TEST-03507,19.131952781382118
TEST-03508,53.5827645931881
TEST-03509,79.16723080241053
TEST-03510,56.159035234158786
TEST-03511,30.876967017414515
TEST-03512,14.150532858774444
TEST-03513,38.3977779568282
TEST-03514,7.570385803913022
TEST-03515,6.62043278630765
TEST-03516,21.18444642645212
TEST-03517,49.588447443329656
TEST-03518,28.20998855303871
TEST-03519,5.826828387410008
TEST-03520,36.9857337359541
TEST-03521,49.42638412827496
TEST-03522,37.714532046833284
TEST-03523,7.596710966963248
TEST-03524,31.799907833459386
TEST-03525,36.86515531874794
TEST-03526,27.930768252662563
TEST-03527,17.90190868245939
TEST-03528,5.501701429423645
TEST-03529,66.63787442493212
TEST-03530,57.564405168275286
TEST-03531,20.696394100907856
TEST-03532,24.90285012694228
TEST-03533,88.946022359173
TEST-03534,107.32817798706965
TEST-03535,48.45698616707414
TEST-03536,90.78999446375346
TEST-03537,26.987891445207886
TEST-03538,11.763753347882794
TEST-03539,31.165356568029342
TEST-03540,57.63273713076131
TEST-03541,31.67401856270757
TEST-03542,67.69709942928061
TEST-03543,22.680447184833202
TEST-03544,6.310503415469393
TEST-03545,25.891840728475373
TEST-03546,36.12144830044177
TEST-03547,43.497392581646594
TEST-03548,28.28992710805099
TEST-03549,46.552735323392305
TEST-03550,35.76099965139
TEST-03551,56.92595671026582
TEST-03552,43.69578763050322
TEST-03553,8.412862221810894
TEST-03554,32.803729480800335
TEST-03555,19.631780337441025
TEST-03556,40.16725360555192
TEST-03557,40.27208672301478
TEST-03558,42.203450597394784
TEST-03559,40.43025436278005
TEST-03560,5.208571240868342
TEST-03561,35.88541039584863
TEST-03562,16.686295886323684
TEST-03563,86.49346762837921
TEST-03564,19.578079432525556
TEST-03565,5.308515201963704
TEST-03566,24.53257185596497
TEST-03567,20.42118786180968
TEST-03568,34.078067908990306
TEST-03569,6.698897129162628
TEST-03570,6.861850519809542
TEST-03571,55.57340808222089
TEST-03572,11.750175134088447
TEST-03573,6.343213003122354
TEST-03574,63.516111068952135
TEST-03575,49.057589034571684
TEST-03576,4.298106233774915
TEST-03577,46.810644138516466
TEST-03578,46.2886920677082
TEST-03579,13.846082740553982
TEST-03580,24.892538221720176
TEST-03581,23.11201822029924
TEST-03582,48.06457416107019
TEST-03583,19.765377212582123
TEST-03584,57.85464280693393
TEST-03585,7.473381150227386
TEST-03586,17.91139222057409
TEST-03587,52.6351174037831
TEST-03588,4.828334646147769
TEST-03589,9.35299822619521
TEST-03590,37.81902137126113
TEST-03591,46.25993223229046
TEST-03592,33.67269946047482
TEST-03593,25.13749616705943
TEST-03594,19.891561344129517
TEST-03595,21.836603483456265
TEST-03596,29.74064082859746
TEST-03597,6.883455611533489
TEST-03598,7.026065871461069
TEST-03599,16.66378337069556
TEST-03600,38.290506097370844
TEST-03601,6.810373478190972
TEST-03602,9.49055569387919
TEST-03603,5.112870283488695
TEST-03604,22.69403277732163
TEST-03605,52.95850107361281
TEST-03606,6.798537351437143
TEST-03607,38.44841299789592
TEST-03608,4.4474362155034095
TEST-03609,55.65396926102354
TEST-03610,58.80000603140014
TEST-03611,30.47056075480045
TEST-03612,39.28364534607928
TEST-03613,36.30621695284216
TEST-03614,39.57550082433629
TEST-03615,27.63448613385103
TEST-03616,22.321124251278196
TEST-03617,24.80563199510108
TEST-03618,7.270129737745888
TEST-03619,22.751382520010168
TEST-03620,74.26005724961063
TEST-03621,27.982054171535825
TEST-03622,7.3744547179875495
TEST-03623,20.735694368699598
TEST-03624,7.083747026229197
TEST-03625,63.434370702841306
TEST-03626,22.20891041939259
TEST-03627,5.129131758564228
TEST-03628,6.140078733698064
TEST-03629,45.429364968856106
TEST-03630,63.449056796814304
TEST-03631,40.75926513832111
TEST-03632,8.686275950970998
TEST-03633,34.979949357715846
TEST-03634,22.931026440661203
TEST-03635,5.800005644257626
TEST-03636,6.0706515223808495
TEST-03637,10.59551637000409
TEST-03638,26.744964067155003
TEST-03639,16.580606090846235
TEST-03640,22.333769980471605
TEST-03641,31.469189530189002
TEST-03642,5.12729402061849
TEST-03643,39.13538478811105
TEST-03644,10.910601915762882
TEST-03645,9.010533783214774
TEST-03646,13.937042091498272
TEST-03647,21.631378393465138
TEST-03648,54.31633820108397
TEST-03649,38.59700910372216
TEST-03650,28.364332193898466
TEST-03651,77.98070247889379
TEST-03652,27.82158193006046
TEST-03653,11.320610085114984
TEST-03654,47.56290584378343
TEST-03655,31.989562750712974
TEST-03656,6.849896628386817
TEST-03657,16.761285710567176
TEST-03658,16.73756884728439
TEST-03659,25.214870753843403
TEST-03660,65.79055657763088
TEST-03661,22.17737249707512
TEST-03662,27.863403189888054
TEST-03663,40.58458885489285
TEST-03664,32.83107508014142
TEST-03665,42.169015300159344
TEST-03666,18.33936341817294
TEST-03667,38.816455537720515
TEST-03668,16.60376977884732
TEST-03669,5.070538780127439
TEST-03670,58.566473698364995
TEST-03671,42.11588187866367
TEST-03672,37.157671579732174
TEST-03673,33.326631717291654
TEST-03674,6.3266087724966535
TEST-03675,53.5820611605949
TEST-03676,10.31602947273681
TEST-03677,37.39243024609997
TEST-03678,33.121718781528706
TEST-03679,43.1728096339336
TEST-03680,8.277588190161358
TEST-03681,46.757061913425865
TEST-03682,31.12667315700465
TEST-03683,34.74652152506455
TEST-03684,23.003807740740978
TEST-03685,24.4364542502615
TEST-03686,44.15793611651845
TEST-03687,66.01842786074609
TEST-03688,35.26272011510515
TEST-03689,71.66520842761165
TEST-03690,29.07195993046882
TEST-03691,84.08927772809695
TEST-03692,22.1053981986932
TEST-03693,85.59750513476867
TEST-03694,5.087648870071428
TEST-03695,35.2860108168945
TEST-03696,16.97153643670886
TEST-03697,51.082961989958704
TEST-03698,28.276594483342453
TEST-03699,18.31384423876547
TEST-03700,68.51050387390943
TEST-03701,33.53827187598968
TEST-03702,6.561930616631828
TEST-03703,22.101414317063494
TEST-03704,7.608952407754604
TEST-03705,18.804752536364145
TEST-03706,39.05947678174115
TEST-03707,15.543728546916745
TEST-03708,44.24968882505303
TEST-03709,58.19799509825291
TEST-03710,18.761096640806297
TEST-03711,39.989082854331414
TEST-03712,6.717531062746526
TEST-03713,34.86340688646776
TEST-03714,61.10446672604575
TEST-03715,43.943131456114045
TEST-03716,32.8302410281275
TEST-03717,36.497520238427704
TEST-03718,55.938312042956326
TEST-03719,45.787125649686324
TEST-03720,21.974124211824375
TEST-03721,21.969269293748543
TEST-03722,19.364637395386005
TEST-03723,52.2323521588801
TEST-03724,20.02026145346479
TEST-03725,22.953169410061285
TEST-03726,42.5084688053033
TEST-03727,6.069426719258271
TEST-03728,16.96017016124572
TEST-03729,38.52380569531702
TEST-03730,6.421627629548225
TEST-03731,14.735876021743772
TEST-03732,55.1105525699843
TEST-03733,81.38931166429771
TEST-03734,17.47846515722664
TEST-03735,55.62567026250842
TEST-03736,14.931491614616768
TEST-03737,6.797481837761267
TEST-03738,56.76763507367204
TEST-03739,53.34333499172417
TEST-03740,52.5910106494337
TEST-03741,35.244217434886515
TEST-03742,46.9877238897704
TEST-03743,47.22060773584752
TEST-03744,56.35061311615249
TEST-03745,40.98563136183149
TEST-03746,32.68461297419018
TEST-03747,29.61402606748829
TEST-03748,25.482316586295923
TEST-03749,14.695740923898375
TEST-03750,5.3532028483693805
TEST-03751,13.017190421215872
TEST-03752,37.049164175506604
TEST-03753,12.101306344301625
TEST-03754,14.588955998097529
TEST-03755,20.73020978993181
TEST-03756,50.61624402321612
TEST-03757,16.14208094560509
TEST-03758,12.470858447575818
TEST-03759,82.18184212891168
TEST-03760,20.408959156700995
TEST-03761,11.739780473222378
TEST-03762,45.791342021997025
TEST-03763,51.18964100553591
TEST-03764,28.053957072214804
TEST-03765,40.82644542099235
TEST-03766,12.320162001637852
TEST-03767,58.263359448411
TEST-03768,56.25056112363484
TEST-03769,24.053675164374027
TEST-03770,49.77060461931897
TEST-03771,30.396365675991824
TEST-03772,31.739052054156673
TEST-03773,28.824010729011718
TEST-03774,22.195466417661695
TEST-03775,33.15543769636792
TEST-03776,16.67404461391983
TEST-03777,29.820021655486496
TEST-03778,6.597664487309026
TEST-03779,46.775403871034555
TEST-03780,29.34950121003438
TEST-03781,18.156469755763002
TEST-03782,41.081978698621214
TEST-03783,88.23175555700952
TEST-03784,4.936250388722959
TEST-03785,16.486484165123237
TEST-03786,7.454232264610217
TEST-03787,6.248393262908466
TEST-03788,47.31736656581343
TEST-03789,25.53135944289189
TEST-03790,26.64597035439668
TEST-03791,5.297805047216071
TEST-03792,53.497252985201186
TEST-03793,17.069225186251575
TEST-03794,8.206281379799801
TEST-03795,6.8004743661137
TEST-03796,34.23461089716344
TEST-03797,18.189846300501856
TEST-03798,29.917216203119118
TEST-03799,61.84198708981542
TEST-03800,22.079238442617687
TEST-03801,31.46243618313631
TEST-03802,43.15274387195539
TEST-03803,39.806700871039276
TEST-03804,44.86829146166933
TEST-03805,44.59473122790433
TEST-03806,3.919327424917751
TEST-03807,37.1023861833625
TEST-03808,5.376321575662812
TEST-03809,41.89477448840321
TEST-03810,41.34589739110533
TEST-03811,60.27728841214341
TEST-03812,4.887906380607322
TEST-03813,48.22056715383782
TEST-03814,5.947246780835299
TEST-03815,41.32308716970372
TEST-03816,72.11839368273229
TEST-03817,22.896800293175815
TEST-03818,7.76731115908261
TEST-03819,22.11428491972611
TEST-03820,26.45164986686622
TEST-03821,3.8159943231815023
TEST-03822,45.785156616269
TEST-03823,19.901054110037837
TEST-03824,31.2761702904692
TEST-03825,52.85371393379179
TEST-03826,9.663333998301638
TEST-03827,45.40564416224224
TEST-03828,54.115517697883185
TEST-03829,31.3554827099214
TEST-03830,16.77379357754758
TEST-03831,20.291967220534126
TEST-03832,39.47878448767062
TEST-03833,55.77225517492404
TEST-03834,6.480411635595178
TEST-03835,7.273222076133948
TEST-03836,55.325372265305006
TEST-03837,27.195431130223845
TEST-03838,44.57751515217591
TEST-03839,60.50418728656909
TEST-03840,29.80852003469466
TEST-03841,8.171511881061333
TEST-03842,4.98127010920508
TEST-03843,21.266115485154394
TEST-03844,70.56407332449574
TEST-03845,19.611787048039446
TEST-03846,13.959062125776226
TEST-03847,32.47755869745195
TEST-03848,69.63172045128547
TEST-03849,42.73434207951251
TEST-03850,6.361792413500678
TEST-03851,13.087456654378364
TEST-03852,16.84064333693407
TEST-03853,6.861850519809542
TEST-03854,8.631945752087564
TEST-03855,6.174428199152567
TEST-03856,49.156628085463815
TEST-03857,44.119494701642836
TEST-03858,44.419184723414006
TEST-03859,31.771134709010145
TEST-03860,29.914595230089898
TEST-03861,12.958062620136497
TEST-03862,4.5730080183750434
TEST-03863,31.195161028649448
TEST-03864,32.54648123321992
TEST-03865,33.94410786205436
TEST-03866,38.75467808226012
TEST-03867,5.838424717084847
TEST-03868,13.16579220246008
TEST-03869,27.65847627108233
TEST-03870,39.67320706014033
TEST-03871,51.5478168128282
TEST-03872,13.527200870020707
TEST-03873,20.477292376830817
TEST-03874,7.69522986273256
TEST-03875,38.362997789617886
TEST-03876,44.746955888592204
TEST-03877,6.544546541304399
TEST-03878,27.40795683045549
TEST-03879,27.0718319338261
TEST-03880,47.88766778660942
TEST-03881,40.58931921207642
TEST-03882,7.847411587862879
TEST-03883,25.34462544596171
TEST-03884,89.57799168994268
TEST-03885,55.08034897810492
TEST-03886,13.180757234694216
TEST-03887,24.31199906068023
TEST-03888,24.24934258339809
TEST-03889,33.478058984842406
TEST-03890,28.83332789328693
TEST-03891,44.61209412521429
TEST-03892,12.387743345037919
TEST-03893,5.846566500619303
TEST-03894,43.105039547852336
TEST-03895,52.61175918720708
TEST-03896,38.56271725383944
TEST-03897,66.62154166539449
TEST-03898,47.2737697824499
TEST-03899,34.002644044404
TEST-03900,34.10105567906493
TEST-03901,54.81890724579998
TEST-03902,45.257312521379276
TEST-03903,83.28949435581481
TEST-03904,63.33246226167235
TEST-03905,100.53597821368002
TEST-03906,24.648686128980916
TEST-03907,12.032643539148177
TEST-03908,32.00505991130264
TEST-03909,7.950562073488704
TEST-03910,13.821862389582177
TEST-03911,5.269715329473187
TEST-03912,15.599574771511408
TEST-03913,6.52186327828523
TEST-03914,50.174260602032824
TEST-03915,91.78116275826234
TEST-03916,5.9152424631781475
TEST-03917,73.49076346532608
TEST-03918,47.50278630494663
TEST-03919,18.33073362164594
TEST-03920,14.61909273431391
TEST-03921,30.337941447531342
TEST-03922,13.426516482810047
TEST-03923,5.465701977824609
TEST-03924,22.12593408532652
TEST-03925,49.09115010045143
TEST-03926,45.83326796127193
TEST-03927,34.07458228600458
TEST-03928,20.82961569461887
TEST-03929,57.3131334957384
TEST-03930,29.839907212885297
TEST-03931,33.488828612558144
TEST-03932,57.341600396139796
TEST-03933,13.386226728388976
TEST-03934,40.74315547451761
TEST-03935,5.066410967958999
TEST-03936,53.24175443026516
TEST-03937,14.003320723639323
TEST-03938,4.899927759923958
TEST-03939,34.97773236903242
TEST-03940,36.62037267220271
TEST-03941,34.196528950497395
TEST-03942,34.26207892607953
TEST-03943,19.750778952721326
TEST-03944,31.591572423650025
TEST-03945,13.51447371263826
TEST-03946,42.53825734459119
TEST-03947,18.724960420088877
TEST-03948,6.144916759137707
TEST-03949,21.25707522241252
TEST-03950,67.6525195790137
TEST-03951,7.051751822050751
TEST-03952,4.5730080183750434
TEST-03953,6.469832082426761
TEST-03954,6.036336502277003
TEST-03955,10.001097182480922
TEST-03956,35.14592529524683
TEST-03957,29.99182146259587
TEST-03958,39.51311578064502
TEST-03959,9.906639303649927
TEST-03960,48.85437959273654
TEST-03961,6.835391564064447
TEST-03962,10.039799458800777
TEST-03963,4.823892503297915
TEST-03964,10.413692613600606
TEST-03965,6.208986765047792
TEST-03966,52.68913734301948
TEST-03967,17.239371276587196
TEST-03968,18.863220863741045
TEST-03969,65.94983732687136
TEST-03970,28.001650827131762
TEST-03971,70.2949077706444
TEST-03972,36.251390018870396
TEST-03973,41.982348409628976
TEST-03974,40.86946481216726
TEST-03975,25.3091546526096
TEST-03976,24.143213158107198
TEST-03977,30.644283768984124
TEST-03978,6.959213804559931
TEST-03979,40.64121756513812
TEST-03980,99.99421295773553
TEST-03981,60.6138770592926
TEST-03982,7.284076789052176
TEST-03983,20.039651790362225
TEST-03984,51.12117799083412
TEST-03985,4.485276954068547
TEST-03986,53.24711604434662
TEST-03987,36.09005932373499
TEST-03988,25.852010896019735
TEST-03989,39.9054235920144
TEST-03990,36.25126314104281
TEST-03991,46.26797537448943
TEST-03992,72.23630611146486
TEST-03993,20.934674257087728
TEST-03994,51.224177027501305
TEST-03995,55.49535702722886
TEST-03996,31.395023393648284
TEST-03997,38.2335604795033
TEST-03998,50.66107265488668
TEST-03999,97.37358931174303
TEST-04000,27.234007024908454
TEST-04001,36.60524718519459
TEST-04002,46.571853626878124
TEST-04003,46.41210061776256
TEST-04004,4.678221356507131
TEST-04005,16.56465089756072
TEST-04006,86.37613823886917
TEST-04007,19.761554699671343
TEST-04008,26.015687647537586
TEST-04009,9.18957529141945
TEST-04010,24.31028041887911
TEST-04011,36.66679803608935
TEST-04012,30.391760686398666
TEST-04013,41.800515373406874
TEST-04014,26.80212521944318
TEST-04015,106.84564995219438
TEST-04016,52.99981176169207
TEST-04017,44.88969460081739
TEST-04018,72.37457609261008
TEST-04019,8.537365902763387
TEST-04020,39.71225598626929
TEST-04021,38.70965223829456
TEST-04022,37.67772504397125
TEST-04023,23.610103989546722
TEST-04024,23.728068308073066
TEST-04025,16.769031793694385
TEST-04026,55.920312654803546
TEST-04027,50.39342839861961
TEST-04028,30.118832581021827
TEST-04029,12.523971299466922
TEST-04030,8.108786512649884
TEST-04031,65.70016328282662
TEST-04032,36.428560143669
