timestamp,temp_c,rain_mm,humidity_pct,wind_kmh,data_type
2024-12-31 00:00:00,10.8,0.0,84.0,10.2,observed
2024-12-31 01:00:00,9.9,0.0,100.0,5.5,observed
2024-12-31 02:00:00,8.8,0.0,93.0,11.3,observed
2024-12-31 03:00:00,9.3,0.0,92.0,9.1,observed
2024-12-31 04:00:00,9.7,0.0,91.0,4.3,observed
2024-12-31 05:00:00,10.8,0.0,98.0,4.2,observed
2024-12-31 06:00:00,11.4,0.0,74.0,7.2,observed
2024-12-31 07:00:00,14.0,0.0,74.0,10.5,observed
2024-12-31 08:00:00,13.7,0.0,80.0,10.5,observed
2024-12-31 09:00:00,16.4,0.0,80.0,8.6,observed
2024-12-31 10:00:00,17.7,0.0,70.0,18.6,observed
2024-12-31 11:00:00,19.3,0.0,66.0,15.3,observed
2024-12-31 12:00:00,20.4,0.0,68.0,9.5,observed
2024-12-31 13:00:00,21.4,0.0,59.0,22.1,observed
2024-12-31 14:00:00,21.775,0.0,57.75,14.200000000000003,imputed_gap
2024-12-31 15:00:00,22.15,0.0,56.5,6.300000000000001,observed
2024-12-31 16:00:00,21.9,0.0,58.0,8.8,observed
2024-12-31 17:00:00,21.8,0.0,59.0,16.3,observed
2024-12-31 18:00:00,20.35,0.0,68.5,14.45,imputed_gap
2024-12-31 19:00:00,18.9,0.0,78.0,12.6,observed
2024-12-31 20:00:00,18.0,0.0,66.0,8.0,observed
2024-12-31 21:00:00,15.4,0.0,86.0,17.3,observed
2024-12-31 22:00:00,13.8,0.0,75.0,10.1,observed
2024-12-31 23:00:00,12.1,0.0,80.0,5.6,observed
2025-01-01 00:00:00,8.7,0.0,87.5,11.2,observed
2025-01-01 01:00:00,8.0,0.0,87.0,13.6,observed
2025-01-01 02:00:00,7.2,0.0,100.0,9.0,observed
2025-01-01 03:00:00,6.95,0.0,96.0,10.45,imputed_gap
2025-01-01 04:00:00,6.7,0.0,92.0,11.9,observed
2025-01-01 05:00:00,8.1,0.0,95.0,7.3,observed
2025-01-01 06:00:00,8.9,0.0,89.0,8.0,observed
2025-01-01 07:00:00,10.4,0.0,88.0,11.4,observed
2025-01-01 08:00:00,12.2,0.0,90.0,14.6,observed
2025-01-01 09:00:00,13.3,0.0,74.0,10.4,observed
2025-01-01 10:00:00,16.1,0.0,78.0,15.4,observed
2025-01-01 11:00:00,16.9,0.0,75.0,19.1,observed
2025-01-01 12:00:00,20.25,0.0,64.5,7.85,observed
2025-01-01 13:00:00,19.5,0.0,67.0,5.0,observed
2025-01-01 14:00:00,20.6,0.0,73.0,15.9,observed
2025-01-01 15:00:00,20.6,0.0,69.5,11.85,imputed_gap
2025-01-01 16:00:00,20.6,0.0,66.0,7.8,observed
2025-01-01 17:00:00,19.3,0.0,63.0,5.7,observed
2025-01-01 18:00:00,18.9,0.0,67.0,13.2,observed
2025-01-01 19:00:00,17.0,0.0,61.0,20.3,observed
2025-01-01 20:00:00,15.6,0.0,79.0,7.3,observed
2025-01-01 21:00:00,14.3,0.0,77.0,10.7,observed
2025-01-01 22:00:00,11.7,0.0,77.0,11.0,observed
2025-01-01 23:00:00,11.5,0.0,85.0,20.5,observed
2025-01-02 00:00:00,10.3,0.0,91.0,11.2,observed
2025-01-02 01:00:00,8.7,0.0,92.0,10.2,observed
2025-01-02 02:00:00,9.3,0.0,91.0,13.950000000000001,observed
2025-01-02 03:00:00,7.8,0.0,94.0,5.4,observed
2025-01-02 04:00:00,8.2,0.0,83.0,8.4,observed
2025-01-02 05:00:00,9.1,0.0,85.5,8.3,imputed_gap
2025-01-02 06:00:00,10.0,0.0,88.0,8.2,observed
2025-01-02 07:00:00,11.7,0.0,93.0,12.6,observed
2025-01-02 08:00:00,15.95,0.0,75.0,13.100000000000001,observed
2025-01-02 09:00:00,15.3,0.0,79.0,7.4,observed
2025-01-02 10:00:00,16.6,0.0,75.0,14.3,observed
2025-01-02 11:00:00,18.15,0.0,73.5,16.5,imputed_gap
2025-01-02 12:00:00,19.7,0.0,72.0,18.7,observed
2025-01-02 13:00:00,20.2,0.0,64.5,10.9,observed
2025-01-02 14:00:00,21.1,0.0,57.0,10.7,observed
2025-01-02 15:00:00,21.6,0.0,56.0,10.7,observed
2025-01-02 16:00:00,20.8,0.5,65.0,7.9,observed
2025-01-02 17:00:00,20.0,0.25,69.0,7.75,imputed_gap
2025-01-02 18:00:00,19.2,0.0,73.0,7.6,observed
2025-01-02 19:00:00,15.4,5.7,87.0,17.0,observed
2025-01-02 20:00:00,15.6,0.0,76.0,10.6,observed
2025-01-02 21:00:00,13.7,0.3,82.0,12.5,observed
2025-01-02 22:00:00,13.0,0.0,79.0,18.0,observed
2025-01-02 23:00:00,9.35,0.0,93.0,8.55,observed
2025-01-03 00:00:00,8.8,0.0,93.0,15.0,observed
2025-01-03 01:00:00,8.4,0.0,93.0,13.7,observed
2025-01-03 02:00:00,8.416666666666668,0.0,93.5,10.633333333333333,imputed_gap
2025-01-03 03:00:00,8.433333333333334,0.0,94.0,7.566666666666666,observed
2025-01-03 04:00:00,7.7,0.0,86.0,21.1,observed
2025-01-03 05:00:00,8.9,0.0,100.0,13.5,observed
2025-01-03 06:00:00,10.25,0.0,92.5,12.35,imputed_gap
2025-01-03 07:00:00,11.6,0.0,85.0,11.2,observed
2025-01-03 08:00:00,12.0,0.0,86.0,12.2,observed
2025-01-03 09:00:00,14.7,0.0,79.0,12.1,observed
2025-01-03 10:00:00,15.8,0.0,78.0,9.9,observed
2025-01-03 11:00:00,17.4,0.0,66.0,6.2,observed
2025-01-03 12:00:00,19.7,0.0,69.0,17.3,observed
2025-01-03 13:00:00,20.8,0.0,59.0,14.3,observed
2025-01-03 14:00:00,20.8,0.0,60.0,7.6,observed
2025-01-03 15:00:00,21.4,0.0,55.0,4.5,observed
2025-01-03 16:00:00,19.75,0.0,63.5,9.25,observed
2025-01-03 17:00:00,18.450000000000003,0.0,67.5,13.649999999999999,observed
2025-01-03 18:00:00,18.9,0.0,70.0,8.4,observed
2025-01-03 19:00:00,17.466666666666665,0.0,73.33333333333333,8.2,imputed_gap
2025-01-03 20:00:00,16.03333333333333,0.0,76.66666666666667,8.0,imputed_gap
2025-01-03 21:00:00,14.6,0.0,80.0,7.8,observed
2025-01-03 22:00:00,12.5,0.0,82.0,9.6,observed
2025-01-03 23:00:00,11.5,0.0,85.0,15.4,observed
2025-01-04 00:00:00,9.5,0.0,90.0,21.5,observed
2025-01-04 01:00:00,7.9,0.0,91.0,7.8,observed
2025-01-04 02:00:00,7.7,0.0,95.0,11.5,observed
2025-01-04 03:00:00,7.0,0.0,100.0,7.9,observed
2025-01-04 04:00:00,8.75,0.0,95.0,7.7,observed
2025-01-04 05:00:00,8.3,0.0,90.0,18.1,observed
2025-01-04 06:00:00,9.2,0.0,88.0,8.7,observed
2025-01-04 07:00:00,12.899999999999999,0.0,81.0,14.6,observed
2025-01-04 08:00:00,15.049999999999999,0.0,79.0,12.6,observed
2025-01-04 09:00:00,14.0,0.0,87.0,6.3,observed
2025-01-04 10:00:00,17.3,0.0,77.5,9.4,imputed_gap
2025-01-04 11:00:00,20.6,0.0,68.0,12.5,observed
2025-01-04 12:00:00,19.4,0.0,66.0,12.8,observed
2025-01-04 13:00:00,20.35,0.0,64.0,11.75,observed
2025-01-04 14:00:00,20.125,0.0,63.5,11.475,imputed_gap
2025-01-04 15:00:00,19.9,0.0,63.0,11.2,observed
2025-01-04 16:00:00,20.15,0.0,61.0,11.75,imputed_gap
2025-01-04 17:00:00,20.4,0.0,59.0,12.3,observed
2025-01-04 18:00:00,19.2,0.0,61.0,7.1,observed
2025-01-04 19:00:00,18.1,0.0,61.0,8.3,observed
2025-01-04 20:00:00,15.3,0.0,81.0,16.0,observed
2025-01-04 21:00:00,13.8,0.0,81.0,5.3,observed
2025-01-04 22:00:00,12.4,0.0,84.0,11.2,observed
2025-01-04 23:00:00,10.5,0.0,87.0,10.0,observed
2025-01-05 00:00:00,7.2,0.0,100.0,10.1,observed
2025-01-05 01:00:00,6.15,0.0,97.5,20.4,observed
2025-01-05 02:00:00,5.4,0.0,99.0,15.2,observed
2025-01-05 03:00:00,6.1,0.0,100.0,17.6,observed
2025-01-05 04:00:00,6.199999999999999,0.0,99.0,12.3,imputed_gap
2025-01-05 05:00:00,6.3,0.0,98.0,7.0,observed
2025-01-05 06:00:00,7.8,0.0,96.0,5.3,observed
2025-01-05 07:00:00,8.0,0.0,98.0,7.2,observed
2025-01-05 08:00:00,10.9,0.0,92.0,10.9,observed
2025-01-05 09:00:00,12.7,0.0,78.0,11.8,observed
2025-01-05 10:00:00,13.8,0.0,83.0,6.3,observed
2025-01-05 11:00:00,16.1,0.0,80.0,7.7,observed
2025-01-05 12:00:00,17.7,0.0,71.0,12.2,observed
2025-01-05 13:00:00,19.1,0.0,69.0,11.4,observed
2025-01-05 14:00:00,19.2,0.0,64.0,5.8,observed
2025-01-05 15:00:00,18.9,0.0,75.0,14.3,observed
2025-01-05 16:00:00,19.6,0.0,72.0,20.7,observed
2025-01-05 17:00:00,19.3,0.0,65.0,13.2,observed
2025-01-05 18:00:00,15.7,0.0,63.0,4.0,observed
2025-01-05 19:00:00,16.3,0.0,73.0,6.3,observed
2025-01-05 20:00:00,13.2,0.0,69.0,5.5,observed
2025-01-05 21:00:00,12.6,0.0,84.0,9.6,observed
2025-01-05 22:00:00,11.3,0.0,85.0,10.1,observed
2025-01-05 23:00:00,8.9,0.0,97.0,19.8,observed
2025-01-06 00:00:00,9.0,0.0,86.0,14.3,observed
2025-01-06 01:00:00,8.1,0.0,91.0,11.0,observed
2025-01-06 02:00:00,7.7,0.0,96.0,21.4,observed
2025-01-06 03:00:00,7.9,0.0,93.0,5.9,observed
2025-01-06 04:00:00,8.0,0.0,88.0,14.3,observed
2025-01-06 05:00:00,8.8,0.0,90.0,7.1,observed
2025-01-06 06:00:00,9.9,0.0,85.0,9.0,observed
2025-01-06 07:00:00,9.9,0.0,91.0,16.1,observed
2025-01-06 08:00:00,11.8,0.0,77.0,10.8,observed
2025-01-06 09:00:00,13.9,0.0,74.0,6.7,observed
2025-01-06 10:00:00,15.9,0.0,70.0,3.6,observed
2025-01-06 11:00:00,18.0,0.0,69.0,10.2,observed
2025-01-06 12:00:00,18.7,0.0,73.0,11.5,observed
2025-01-06 13:00:00,20.8,0.0,66.0,16.9,observed
2025-01-06 14:00:00,21.0,0.0,60.0,16.5,observed
2025-01-06 15:00:00,20.0,0.0,57.0,8.0,observed
2025-01-06 16:00:00,20.8,0.0,53.0,7.3,observed
2025-01-06 17:00:00,20.0,0.0,61.0,7.4,observed
2025-01-06 18:00:00,19.2,0.0,60.0,6.8,observed
2025-01-06 19:00:00,17.2,0.0,69.0,9.0,observed
2025-01-06 20:00:00,16.6,0.0,64.0,14.7,observed
2025-01-06 21:00:00,14.1,0.0,82.0,5.4,observed
2025-01-06 22:00:00,10.3,0.0,92.5,15.0,observed
2025-01-06 23:00:00,11.0,0.0,94.125,15.0,observed
2025-01-07 00:00:00,8.7,0.0,95.75,10.0,observed
2025-01-07 01:00:00,8.149999999999999,0.0,97.375,11.45,imputed_gap
2025-01-07 02:00:00,7.6,0.0,99.0,12.9,observed
2025-01-07 03:00:00,7.7,0.0,100.0,4.2,observed
2025-01-07 04:00:00,8.0,0.0,89.0,12.5,observed
2025-01-07 05:00:00,8.6,0.0,89.0,19.7,observed
2025-01-07 06:00:00,8.8,0.0,85.0,12.9,observed
2025-01-07 07:00:00,10.8,0.0,88.0,8.7,observed
2025-01-07 08:00:00,13.1,0.0,79.0,5.7,observed
2025-01-07 09:00:00,15.1,0.0,77.0,10.5,observed
2025-01-07 10:00:00,17.0,0.0,78.0,14.7,observed
2025-01-07 11:00:00,17.2,0.0,72.0,16.7,observed
2025-01-07 12:00:00,19.4,0.0,68.0,10.1,observed
2025-01-07 13:00:00,20.2,0.0,67.0,9.0,observed
2025-01-07 14:00:00,21.7,0.0,58.0,10.8,observed
2025-01-07 15:00:00,20.9,0.0,69.0,9.6,observed
2025-01-07 16:00:00,19.5,0.0,61.0,11.6,observed
2025-01-07 17:00:00,20.6,0.0,62.0,7.6,observed
2025-01-07 18:00:00,19.4,0.0,67.0,7.4,observed
2025-01-07 19:00:00,16.3,0.0,70.0,14.7,observed
2025-01-07 20:00:00,15.6,0.0,77.0,14.5,observed
2025-01-07 21:00:00,14.6,0.0,77.0,10.4,observed
2025-01-07 22:00:00,12.7,0.0,75.0,7.7,observed
2025-01-07 23:00:00,10.1,0.0,84.0,6.2,observed
2025-01-08 00:00:00,10.2,0.0,86.5,7.9,observed
2025-01-08 01:00:00,8.9,0.0,89.0,7.9,observed
2025-01-08 02:00:00,7.7,0.0,94.0,11.5,observed
2025-01-08 03:00:00,7.9,0.0,89.0,5.4,observed
2025-01-08 04:00:00,8.8,0.0,91.0,10.7,observed
2025-01-08 05:00:00,9.45,0.0,88.0,10.55,imputed_gap
2025-01-08 06:00:00,10.1,0.0,85.0,10.4,observed
2025-01-08 07:00:00,10.6,0.0,87.0,12.9,observed
2025-01-08 08:00:00,15.399999999999999,0.0,77.5,7.75,observed
2025-01-08 09:00:00,15.1,0.0,82.0,9.3,observed
2025-01-08 10:00:00,16.7,0.0,76.0,6.0,observed
2025-01-08 11:00:00,18.0,0.0,74.0,10.0,imputed_gap
2025-01-08 12:00:00,19.3,0.0,72.0,14.0,observed
2025-01-08 13:00:00,20.8,0.0,61.0,9.1,observed
2025-01-08 14:00:00,21.0,0.0,57.0,17.0,observed
2025-01-08 15:00:00,21.9,0.0,66.0,11.3,observed
2025-01-08 16:00:00,21.9,0.0,63.0,13.8,observed
2025-01-08 17:00:00,20.9,0.0,66.0,7.8,observed
2025-01-08 18:00:00,20.4,0.0,70.0,13.9,observed
2025-01-08 19:00:00,17.9,0.0,69.0,10.0,observed
2025-01-08 20:00:00,16.2,0.0,77.0,7.5,observed
2025-01-08 21:00:00,14.2,0.0,84.0,12.1,observed
2025-01-08 22:00:00,12.2,0.0,81.0,6.1,observed
2025-01-08 23:00:00,11.3,0.0,86.0,12.3,observed
2025-01-09 00:00:00,11.9,0.0,75.0,12.8,observed
2025-01-09 01:00:00,10.0,0.0,91.0,13.9,observed
2025-01-09 02:00:00,9.1,0.0,85.0,10.7,observed
2025-01-09 03:00:00,8.7,0.0,92.0,7.2,observed
2025-01-09 04:00:00,9.6,0.0,87.0,15.0,observed
2025-01-09 05:00:00,9.8,0.0,90.0,14.4,observed
2025-01-09 06:00:00,10.7,0.0,90.0,14.1,observed
2025-01-09 07:00:00,12.1,0.0,85.0,13.4,observed
2025-01-09 08:00:00,13.8,0.0,82.0,21.4,observed
2025-01-09 09:00:00,15.2,0.0,89.0,12.3,observed
2025-01-09 10:00:00,18.4,0.0,66.0,16.0,observed
2025-01-09 11:00:00,19.1,0.0,72.0,19.5,observed
2025-01-09 12:00:00,20.7,0.0,62.0,7.9,observed
2025-01-09 13:00:00,22.2,0.0,59.0,8.3,observed
2025-01-09 14:00:00,22.25,0.0,59.0,11.45,observed
2025-01-09 15:00:00,22.4,0.0,58.0,13.9,observed
2025-01-09 16:00:00,22.2,0.0,61.0,9.2,observed
2025-01-09 17:00:00,17.5,0.0,70.0,8.2,observed
2025-01-09 18:00:00,21.0,0.0,67.0,11.8,observed
2025-01-09 19:00:00,16.7,0.0,69.0,10.05,observed
2025-01-09 20:00:00,16.549999999999997,0.0,71.0,8.275,imputed_gap
2025-01-09 21:00:00,16.4,0.0,73.0,6.5,observed
2025-01-09 22:00:00,14.75,0.0,82.5,8.25,imputed_gap
2025-01-09 23:00:00,13.1,0.0,92.0,10.0,observed
2025-01-10 00:00:00,11.9,0.0,83.0,13.7,observed
2025-01-10 01:00:00,9.5,0.0,85.0,9.6,observed
2025-01-10 02:00:00,9.7,0.0,91.0,10.0,observed
2025-01-10 03:00:00,10.0,0.0,91.0,7.0,observed
2025-01-10 04:00:00,10.2,0.0,86.0,10.1,observed
2025-01-10 05:00:00,9.9,0.0,90.0,10.7,observed
2025-01-10 06:00:00,11.4,0.0,82.0,11.9,observed
2025-01-10 07:00:00,13.0,0.0,95.0,11.3,observed
2025-01-10 08:00:00,14.2,0.0,80.0,6.7,observed
2025-01-10 09:00:00,16.4,0.0,69.0,14.4,observed
2025-01-10 10:00:00,18.1,0.0,67.0,11.9,observed
2025-01-10 11:00:00,20.4,0.0,64.0,28.8,observed
2025-01-10 12:00:00,21.4,0.0,63.0,12.7,observed
2025-01-10 13:00:00,21.9,0.0,59.0,11.6,observed
2025-01-10 14:00:00,23.5,0.0,48.0,15.6,observed
2025-01-10 15:00:00,24.2,0.0,53.0,20.0,observed
2025-01-10 16:00:00,23.1,0.0,59.0,12.3,observed
2025-01-10 17:00:00,22.5,0.0,66.0,11.6,observed
2025-01-10 18:00:00,21.1,0.0,60.0,4.1,observed
2025-01-10 19:00:00,19.6,0.0,72.0,9.8,observed
2025-01-10 20:00:00,18.1,0.0,64.0,14.0,observed
2025-01-10 21:00:00,15.8,0.0,76.0,21.5,observed
2025-01-10 22:00:00,14.6,0.0,82.0,11.9,observed
2025-01-10 23:00:00,12.1,0.0,85.0,8.3,observed
2025-01-11 00:00:00,11.0,0.0,88.0,9.3,observed
2025-01-11 01:00:00,10.7,0.0,88.0,9.1,observed
2025-01-11 02:00:00,10.3,0.0,92.0,9.8,observed
2025-01-11 03:00:00,9.0,0.0,91.0,8.8,observed
2025-01-11 04:00:00,9.5,0.0,94.0,13.1,observed
2025-01-11 05:00:00,9.5,0.0,84.0,10.5,observed
2025-01-11 06:00:00,11.0,0.0,90.0,10.5,observed
2025-01-11 07:00:00,12.6,0.0,71.0,7.1,observed
2025-01-11 08:00:00,14.4,0.0,72.0,13.8,observed
2025-01-11 09:00:00,16.2,0.0,72.0,14.25,imputed_gap
2025-01-11 10:00:00,18.0,0.0,72.0,14.7,observed
2025-01-11 11:00:00,19.1,0.0,58.0,14.1,observed
2025-01-11 12:00:00,20.2,0.0,75.0,9.1,observed
2025-01-11 13:00:00,21.5,0.0,67.0,7.6,imputed_gap
2025-01-11 14:00:00,22.8,0.0,59.0,6.1,observed
2025-01-11 15:00:00,22.5,0.0,47.0,12.5,observed
2025-01-11 16:00:00,22.7,0.0,60.0,18.9,observed
2025-01-11 17:00:00,22.3,0.0,58.0,4.7,observed
2025-01-11 18:00:00,20.3,0.0,63.0,8.7,observed
2025-01-11 19:00:00,16.700000000000003,0.0,67.5,10.3,observed
2025-01-11 20:00:00,17.8,0.0,64.0,14.1,observed
2025-01-11 21:00:00,14.9,0.0,64.0,10.3,observed
2025-01-11 22:00:00,13.65,0.0,71.0,14.0,imputed_gap
2025-01-11 23:00:00,12.4,0.0,78.0,17.7,observed
2025-01-12 00:00:00,11.5,0.0,90.0,5.2,observed
2025-01-12 01:00:00,10.5,0.0,86.5,6.55,observed
2025-01-12 02:00:00,9.7,0.0,96.0,13.7,observed
2025-01-12 03:00:00,10.1,0.0,83.0,8.5,observed
2025-01-12 04:00:00,10.649999999999999,0.0,86.0,10.3,imputed_gap
2025-01-12 05:00:00,11.2,0.0,89.0,12.1,observed
2025-01-12 06:00:00,11.5,0.0,82.0,7.4,observed
2025-01-12 07:00:00,13.9,0.0,75.0,10.2,observed
2025-01-12 08:00:00,14.8,0.0,85.0,10.4,observed
2025-01-12 09:00:00,16.1,0.0,72.0,4.9,observed
2025-01-12 10:00:00,18.5,0.0,54.0,10.9,observed
2025-01-12 11:00:00,19.8,0.0,56.0,5.8,observed
2025-01-12 12:00:00,21.7,0.0,61.0,26.3,observed
2025-01-12 13:00:00,23.2,0.0,51.0,12.2,observed
2025-01-12 14:00:00,24.1,0.0,53.0,12.6,observed
2025-01-12 15:00:00,23.5,0.0,60.0,13.4,observed
2025-01-12 16:00:00,23.4,0.0,55.0,12.3,observed
2025-01-12 17:00:00,20.4,0.0,64.0,11.9,observed
2025-01-12 18:00:00,21.2,0.0,59.0,8.3,observed
2025-01-12 19:00:00,20.6,0.0,63.0,12.4,observed
2025-01-12 20:00:00,19.0,0.0,70.0,13.55,imputed_gap
2025-01-12 21:00:00,17.4,0.0,77.0,14.7,observed
2025-01-12 22:00:00,14.9,0.0,81.0,5.4,observed
2025-01-12 23:00:00,13.0,0.0,79.0,8.8,observed
2025-01-13 00:00:00,11.7,0.0,89.0,12.0,observed
2025-01-13 01:00:00,10.7,0.0,96.0,7.8,observed
2025-01-13 02:00:00,9.4,0.0,99.0,13.9,observed
2025-01-13 03:00:00,9.6,0.0,90.0,13.5,observed
2025-01-13 04:00:00,10.1,0.0,99.0,17.8,observed
2025-01-13 05:00:00,11.0,0.0,88.0,7.1,observed
2025-01-13 06:00:00,11.4,0.0,76.0,14.7,observed
2025-01-13 07:00:00,13.2,0.0,83.0,6.7,observed
2025-01-13 08:00:00,15.9,0.0,78.0,13.2,observed
2025-01-13 09:00:00,17.2,0.0,73.0,8.6,observed
2025-01-13 10:00:00,18.4,0.0,78.0,13.6,observed
2025-01-13 11:00:00,21.433333333333334,0.0,63.666666666666664,4.933333333333334,observed
2025-01-13 12:00:00,22.26666666666667,0.0,55.83333333333333,12.466666666666669,imputed_gap
2025-01-13 13:00:00,23.1,0.0,48.0,20.0,observed
2025-01-13 14:00:00,22.6,0.0,59.0,5.2,observed
2025-01-13 15:00:00,24.4,0.0,46.0,15.3,observed
2025-01-13 16:00:00,23.1,0.0,57.0,15.1,observed
2025-01-13 17:00:00,18.7,0.0,65.0,18.4,observed
2025-01-13 18:00:00,19.4,0.0,63.5,17.15,observed
2025-01-13 19:00:00,20.5,0.0,65.0,8.8,observed
2025-01-13 20:00:00,18.53333333333333,0.0,68.33333333333333,8.966666666666667,imputed_gap
2025-01-13 21:00:00,16.566666666666666,0.0,71.66666666666667,9.133333333333335,imputed_gap
2025-01-13 22:00:00,14.6,0.0,75.0,9.3,observed
2025-01-13 23:00:00,13.3,0.0,80.0,9.7,observed
2025-01-14 00:00:00,11.05,0.0,87.5,7.55,observed
2025-01-14 01:00:00,11.4,0.0,96.0,7.1,observed
2025-01-14 02:00:00,10.3,0.0,93.0,6.4,observed
2025-01-14 03:00:00,10.45,0.0,90.0,14.65,imputed_gap
2025-01-14 04:00:00,10.6,0.0,87.0,22.9,observed
2025-01-14 05:00:00,11.1,0.0,79.0,9.5,observed
2025-01-14 06:00:00,12.0,0.0,89.0,11.3,observed
2025-01-14 07:00:00,13.4,0.0,80.0,9.5,observed
2025-01-14 08:00:00,15.6,0.0,80.0,8.1,observed
2025-01-14 09:00:00,17.8,0.0,70.0,15.6,observed
2025-01-14 10:00:00,18.7,0.0,70.0,11.5,observed
2025-01-14 11:00:00,20.9,0.0,64.0,15.1,observed
2025-01-14 12:00:00,22.3,0.0,69.0,11.2,observed
2025-01-14 13:00:00,23.5,0.0,60.0,6.7,observed
2025-01-14 14:00:00,23.6,0.0,57.0,9.3,observed
2025-01-14 15:00:00,24.2,0.0,66.0,14.2,observed
2025-01-14 16:00:00,24.0,0.0,60.0,5.7,observed
2025-01-14 17:00:00,24.0,0.0,43.0,6.6,observed
2025-01-14 18:00:00,21.9,0.0,59.0,6.7,observed
2025-01-14 19:00:00,21.1,0.0,69.0,13.0,observed
2025-01-14 20:00:00,19.7,0.0,76.0,8.9,observed
2025-01-14 21:00:00,17.1,0.0,70.0,15.4,observed
2025-01-14 22:00:00,15.0,0.0,87.0,10.1,observed
2025-01-14 23:00:00,13.6,0.0,69.0,12.5,observed
2025-01-15 00:00:00,10.9,0.0,83.0,10.6,observed
2025-01-15 01:00:00,9.3,0.0,95.0,8.5,observed
2025-01-15 02:00:00,8.3,0.0,92.0,11.0,observed
2025-01-15 03:00:00,8.3,0.0,87.0,11.6,observed
2025-01-15 04:00:00,8.0,0.0,93.0,4.4,observed
2025-01-15 05:00:00,9.9,0.0,84.0,7.7,observed
2025-01-15 06:00:00,10.3,0.0,86.5,10.3,observed
2025-01-15 07:00:00,11.5,0.0,89.0,11.1,observed
2025-01-15 08:00:00,13.4,0.0,80.0,5.4,observed
2025-01-15 09:00:00,15.5,0.0,76.0,13.9,observed
2025-01-15 10:00:00,17.6,0.0,66.0,11.7,observed
2025-01-15 11:00:00,19.8,0.0,69.0,8.0,observed
2025-01-15 12:00:00,20.4,0.0,59.0,12.6,observed
2025-01-15 13:00:00,20.5,0.0,67.0,10.8,observed
2025-01-15 14:00:00,21.4,0.0,66.0,10.0,observed
2025-01-15 15:00:00,21.9,0.0,68.0,15.3,observed
2025-01-15 16:00:00,22.1,0.0,66.0,14.5,observed
2025-01-15 17:00:00,21.1,0.0,59.0,16.1,observed
2025-01-15 18:00:00,20.6,0.0,64.0,14.0,observed
2025-01-15 19:00:00,18.5,0.0,72.0,7.5,observed
2025-01-15 20:00:00,14.0,0.0,81.0,12.5,observed
2025-01-15 21:00:00,14.9,0.0,70.0,6.8,observed
2025-01-15 22:00:00,13.9,0.0,78.0,10.1,observed
2025-01-15 23:00:00,12.0,0.0,82.5,11.9,imputed_gap
2025-01-16 00:00:00,10.1,0.0,87.0,13.7,observed
2025-01-16 01:00:00,9.9,0.0,87.0,12.2,observed
2025-01-16 02:00:00,8.7,0.0,87.0,12.1,imputed_gap
2025-01-16 03:00:00,7.5,0.0,87.0,12.0,observed
2025-01-16 04:00:00,8.6,0.0,85.0,14.8,observed
2025-01-16 05:00:00,10.850000000000001,0.0,92.0,14.149999999999999,observed
2025-01-16 06:00:00,10.2,0.0,100.0,10.1,observed
2025-01-16 07:00:00,11.7,0.0,96.0,14.2,observed
2025-01-16 08:00:00,13.85,0.0,83.0,11.6,imputed_gap
2025-01-16 09:00:00,16.0,0.0,70.0,9.0,observed
2025-01-16 10:00:00,16.9,0.0,70.0,5.6,observed
2025-01-16 11:00:00,18.0,0.0,78.0,14.2,observed
2025-01-16 12:00:00,20.1,0.0,72.0,16.3,observed
2025-01-16 13:00:00,21.8,0.0,53.0,10.4,observed
2025-01-16 14:00:00,21.5,0.0,59.0,10.4,observed
2025-01-16 15:00:00,22.4,0.0,54.0,10.9,observed
2025-01-16 16:00:00,22.2,0.0,66.0,13.8,observed
2025-01-16 17:00:00,20.9,0.0,60.0,8.4,observed
2025-01-16 18:00:00,19.0,0.0,65.0,6.7,observed
2025-01-16 19:00:00,19.1,0.0,70.0,21.0,observed
2025-01-16 20:00:00,16.65,0.0,68.0,5.5,observed
2025-01-16 21:00:00,15.5,0.0,68.0,6.4,observed
2025-01-16 22:00:00,12.9,0.0,87.0,11.7,observed
2025-01-16 23:00:00,12.2,0.0,88.0,15.8,observed
2025-01-17 00:00:00,11.1,0.0,89.0,9.8,observed
2025-01-17 01:00:00,8.8,0.0,91.0,10.5,observed
2025-01-17 02:00:00,8.0,0.0,100.0,15.7,observed
2025-01-17 03:00:00,7.1,0.0,92.0,18.8,observed
2025-01-17 04:00:00,8.5,0.0,87.0,26.8,observed
2025-01-17 05:00:00,8.4,0.0,93.0,13.1,observed
2025-01-17 06:00:00,10.4,0.0,81.0,10.2,observed
2025-01-17 07:00:00,11.45,0.0,90.0,10.6,observed
2025-01-17 08:00:00,12.6,0.0,77.0,10.7,observed
2025-01-17 09:00:00,15.0,0.0,78.0,7.8,observed
2025-01-17 10:00:00,16.4,0.0,82.0,12.5,observed
2025-01-17 11:00:00,19.799999999999997,0.0,66.0,11.85,observed
2025-01-17 12:00:00,19.8,0.0,69.0,8.2,observed
2025-01-17 13:00:00,20.6,0.0,63.0,10.15,observed
2025-01-17 14:00:00,21.3,0.0,58.0,7.475,imputed_gap
2025-01-17 15:00:00,22.0,0.0,53.0,4.8,observed
2025-01-17 16:00:00,21.6,0.0,57.0,9.45,imputed_gap
2025-01-17 17:00:00,21.200000000000003,0.0,61.0,14.1,observed
2025-01-17 18:00:00,19.4,0.0,64.0,16.9,observed
2025-01-17 19:00:00,18.5,0.0,69.0,5.1,observed
2025-01-17 20:00:00,17.0,0.0,71.0,13.8,observed
2025-01-17 21:00:00,14.5,0.0,77.0,24.5,observed
2025-01-17 22:00:00,14.0,0.0,81.0,12.7,observed
2025-01-17 23:00:00,10.8,0.0,78.0,15.9,observed
2025-01-18 00:00:00,13.4,0.0,76.0,11.4,observed
2025-01-18 01:00:00,11.7,0.0,79.0,15.1,observed
2025-01-18 02:00:00,11.8,0.0,85.0,12.8,observed
2025-01-18 03:00:00,10.5,0.0,99.0,17.4,observed
2025-01-18 04:00:00,12.75,0.0,82.5,9.399999999999999,observed
2025-01-18 05:00:00,12.0,0.0,75.0,18.3,observed
2025-01-18 06:00:00,13.2,0.0,80.0,25.0,observed
2025-01-18 07:00:00,14.399999999999999,0.0,78.5,17.05,imputed_gap
2025-01-18 08:00:00,15.6,0.0,77.0,9.1,observed
2025-01-18 09:00:00,17.4,0.0,76.0,13.2,observed
2025-01-18 10:00:00,19.1,0.0,60.0,9.5,observed
2025-01-18 11:00:00,20.9,0.0,58.0,13.9,observed
2025-01-18 12:00:00,22.7,0.0,55.0,11.1,observed
2025-01-18 13:00:00,23.2,0.0,56.5,9.9,observed
2025-01-18 14:00:00,23.4,0.0,58.0,10.5,observed
2025-01-18 15:00:00,23.6,0.0,60.0,9.7,observed
2025-01-18 16:00:00,24.3,0.0,58.0,4.8,observed
2025-01-18 17:00:00,23.9,0.0,61.0,8.2,observed
2025-01-18 18:00:00,21.9,0.0,61.0,12.7,observed
2025-01-18 19:00:00,20.8,0.0,64.0,13.2,observed
2025-01-18 20:00:00,19.1,0.0,67.0,13.2,observed
2025-01-18 21:00:00,18.4,0.0,61.0,12.2,observed
2025-01-18 22:00:00,15.7,0.0,72.0,16.8,observed
2025-01-18 23:00:00,14.9,0.0,74.0,8.4,observed
2025-01-19 00:00:00,11.6,0.0,86.0,13.0,observed
2025-01-19 01:00:00,10.7,0.0,82.0,12.2,observed
2025-01-19 02:00:00,10.1,0.0,92.0,6.3,observed
2025-01-19 03:00:00,9.0,0.0,89.0,10.7,observed
2025-01-19 04:00:00,10.1,0.0,91.0,12.7,observed
2025-01-19 05:00:00,10.7,0.0,92.0,11.7,observed
2025-01-19 06:00:00,12.0,0.0,94.0,16.8,observed
2025-01-19 07:00:00,13.0,0.0,88.0,12.3,observed
2025-01-19 08:00:00,17.4,0.0,76.5,10.55,observed
2025-01-19 09:00:00,15.9,0.0,78.0,12.0,observed
2025-01-19 10:00:00,18.4,0.0,61.0,7.9,observed
2025-01-19 11:00:00,19.9,0.0,63.5,11.4,imputed_gap
2025-01-19 12:00:00,21.4,0.0,66.0,14.9,observed
2025-01-19 13:00:00,22.2,0.0,50.0,17.8,observed
2025-01-19 14:00:00,22.5,0.0,59.0,5.2,observed
2025-01-19 15:00:00,23.7,0.0,56.0,14.0,observed
2025-01-19 16:00:00,22.9,0.0,64.0,7.6,observed
2025-01-19 17:00:00,22.2,0.0,55.0,8.8,observed
2025-01-19 18:00:00,21.2,0.0,58.0,8.5,observed
2025-01-19 19:00:00,19.9,0.0,63.0,20.7,observed
2025-01-19 20:00:00,18.8,0.0,73.0,15.5,observed
2025-01-19 21:00:00,16.7,0.0,87.0,15.1,observed
2025-01-19 22:00:00,15.3,0.0,78.0,8.2,observed
2025-01-19 23:00:00,13.1,0.0,82.0,10.4,observed
2025-01-20 00:00:00,13.3,0.0,78.0,9.5,observed
2025-01-20 01:00:00,11.1,0.0,92.0,14.1,observed
2025-01-20 02:00:00,11.1,0.0,88.0,8.6,observed
2025-01-20 03:00:00,11.3,0.0,82.0,8.7,observed
2025-01-20 04:00:00,11.3,0.0,82.0,8.5,observed
2025-01-20 05:00:00,11.5,0.0,73.0,13.6,observed
2025-01-20 06:00:00,14.850000000000001,0.0,80.0,14.6,observed
2025-01-20 07:00:00,14.925,0.0,88.0,8.5,observed
2025-01-20 08:00:00,15.0,0.0,78.0,9.5,observed
2025-01-20 09:00:00,17.95,0.0,72.0,10.55,imputed_gap
2025-01-20 10:00:00,20.9,0.0,66.0,11.6,observed
2025-01-20 11:00:00,21.4,0.0,66.0,4.5,observed
2025-01-20 12:00:00,23.45,0.0,62.5,8.850000000000001,observed
2025-01-20 13:00:00,23.8,0.0,52.0,6.1,observed
2025-01-20 14:00:00,24.3,0.0,56.0,17.3,observed
2025-01-20 15:00:00,23.700000000000003,0.0,54.0,18.05,imputed_gap
2025-01-20 16:00:00,23.1,0.0,52.0,18.8,observed
2025-01-20 17:00:00,23.8,0.0,55.0,6.9,observed
2025-01-20 18:00:00,22.6,0.0,63.0,15.0,observed
2025-01-20 19:00:00,19.3,0.0,65.0,12.2,observed
2025-01-20 20:00:00,17.049999999999997,0.0,69.5,8.899999999999999,observed
2025-01-20 21:00:00,17.5,0.0,78.0,15.0,observed
2025-01-20 22:00:00,15.8,0.0,72.0,16.1,observed
2025-01-20 23:00:00,13.350000000000001,0.0,76.5,11.8,imputed_gap
2025-01-21 00:00:00,10.9,0.0,81.0,7.5,observed
2025-01-21 01:00:00,10.1,0.0,86.0,11.0,observed
2025-01-21 02:00:00,9.1,0.0,96.0,11.6,observed
2025-01-21 03:00:00,9.45,0.0,88.5,12.2,observed
2025-01-21 04:00:00,10.1,0.0,84.0,7.1,observed
2025-01-21 05:00:00,10.7,0.0,89.0,6.7,observed
2025-01-21 06:00:00,11.399999999999999,0.0,87.5,10.15,imputed_gap
2025-01-21 07:00:00,12.1,0.0,86.0,13.6,observed
2025-01-21 08:00:00,13.9,0.0,75.0,13.6,observed
2025-01-21 09:00:00,16.0,0.0,70.0,16.4,observed
2025-01-21 10:00:00,17.7,0.0,72.0,5.9,observed
2025-01-21 11:00:00,19.6,0.0,64.0,15.2,observed
2025-01-21 12:00:00,19.2,0.0,57.0,13.6,observed
2025-01-21 13:00:00,21.1,0.0,54.0,7.9,observed
2025-01-21 14:00:00,22.4,0.0,57.5,7.0,observed
2025-01-21 15:00:00,21.8,0.0,61.0,18.4,observed
2025-01-21 16:00:00,20.4,0.0,66.0,10.0,observed
2025-01-21 17:00:00,21.2,0.0,55.0,11.1,observed
2025-01-21 18:00:00,18.05,0.0,70.0,13.25,observed
2025-01-21 19:00:00,17.975,0.0,68.5,11.825,imputed_gap
2025-01-21 20:00:00,17.9,0.0,67.0,10.4,observed
2025-01-21 21:00:00,15.649999999999999,0.0,76.0,8.2,imputed_gap
2025-01-21 22:00:00,13.4,0.0,85.0,6.0,observed
2025-01-21 23:00:00,12.5,0.0,87.0,12.4,observed
2025-01-22 00:00:00,10.3,0.0,83.0,15.7,observed
2025-01-22 01:00:00,9.3,0.0,91.0,9.9,observed
2025-01-22 02:00:00,9.1,0.0,97.0,7.3,observed
2025-01-22 03:00:00,9.0,0.0,95.0,4.5,observed
2025-01-22 04:00:00,8.6,0.0,93.0,10.6,observed
2025-01-22 05:00:00,9.4,0.0,88.0,7.7,observed
2025-01-22 06:00:00,10.8,0.0,94.0,6.2,observed
2025-01-22 07:00:00,14.450000000000001,0.0,77.0,11.95,observed
2025-01-22 08:00:00,13.2,0.0,80.0,14.2,observed
2025-01-22 09:00:00,15.1,0.0,84.0,11.6,observed
2025-01-22 10:00:00,16.6,0.0,77.66666666666667,8.45,imputed_gap
2025-01-22 11:00:00,18.1,0.0,71.33333333333333,5.3,observed
2025-01-22 12:00:00,20.5,0.0,65.0,9.1,observed
2025-01-22 13:00:00,21.6,0.0,58.0,6.7,observed
2025-01-22 14:00:00,21.7,0.0,59.0,13.5,observed
2025-01-22 15:00:00,22.2,0.0,61.0,7.1,observed
2025-01-22 16:00:00,22.4,0.0,63.0,7.2,observed
2025-01-22 17:00:00,22.1,0.0,59.0,15.1,observed
2025-01-22 18:00:00,20.4,0.0,66.0,10.1,observed
2025-01-22 19:00:00,19.6,0.0,61.0,5.8,observed
2025-01-22 20:00:00,16.2,0.0,74.0,6.1,observed
2025-01-22 21:00:00,15.5,0.0,73.0,18.3,observed
2025-01-22 22:00:00,14.2,0.0,83.0,12.8,observed
2025-01-22 23:00:00,12.3,0.0,86.0,12.7,observed
2025-01-23 00:00:00,10.0,0.0,95.0,7.3,observed
2025-01-23 01:00:00,8.6,0.0,91.0,15.2,observed
2025-01-23 02:00:00,7.2,0.0,98.0,9.2,observed
2025-01-23 03:00:00,7.5,0.0,90.0,16.1,observed
2025-01-23 04:00:00,8.1,0.0,98.0,13.8,observed
2025-01-23 05:00:00,8.6,0.0,88.0,11.0,observed
2025-01-23 06:00:00,9.4,0.0,86.0,3.2,observed
2025-01-23 07:00:00,11.3,0.0,86.0,6.3,observed
2025-01-23 08:00:00,12.5,0.0,82.0,7.1,observed
2025-01-23 09:00:00,14.7,0.0,79.0,15.0,observed
2025-01-23 10:00:00,18.3,0.0,71.5,15.399999999999999,observed
2025-01-23 11:00:00,18.2,0.0,67.0,5.9,observed
2025-01-23 12:00:00,20.0,0.0,62.0,6.5,observed
2025-01-23 13:00:00,20.65,0.0,61.0,8.5,imputed_gap
2025-01-23 14:00:00,21.3,0.0,60.0,10.5,observed
2025-01-23 15:00:00,20.6,0.0,67.0,7.2,observed
2025-01-23 16:00:00,20.6,0.0,60.0,9.1,observed
2025-01-23 17:00:00,19.6,0.0,62.0,11.9,observed
2025-01-23 18:00:00,19.7,0.0,63.0,12.7,observed
2025-01-23 19:00:00,17.3,0.0,71.0,20.0,observed
2025-01-23 20:00:00,13.6,0.0,85.5,6.1,observed
2025-01-23 21:00:00,15.0,0.0,74.0,11.9,observed
2025-01-23 22:00:00,11.4,0.0,80.0,9.6,observed
2025-01-23 23:00:00,10.95,0.0,87.0,8.899999999999999,imputed_gap
2025-01-24 00:00:00,10.5,0.0,94.0,8.2,observed
2025-01-24 01:00:00,8.3,0.0,93.0,8.9,observed
2025-01-24 02:00:00,8.1,0.0,95.0,4.5,observed
2025-01-24 03:00:00,8.7,0.0,85.0,10.7,observed
2025-01-24 04:00:00,9.2,0.0,88.0,9.9,observed
2025-01-24 05:00:00,8.7,0.0,88.0,14.6,observed
2025-01-24 06:00:00,10.2,0.0,88.0,13.9,observed
2025-01-24 07:00:00,11.4,0.0,90.0,12.2,observed
2025-01-24 08:00:00,15.3,0.0,72.5,9.0,observed
2025-01-24 09:00:00,15.2,0.0,80.0,17.5,observed
2025-01-24 10:00:00,16.5,0.0,81.0,7.2,observed
2025-01-24 11:00:00,17.8,0.0,73.5,10.25,imputed_gap
2025-01-24 12:00:00,19.1,0.0,66.0,13.3,observed
2025-01-24 13:00:00,20.9,0.0,61.0,9.6,observed
2025-01-24 14:00:00,21.2,0.0,60.5,4.65,observed
2025-01-24 15:00:00,21.5,0.0,62.0,8.5,observed
2025-01-24 16:00:00,21.7,0.0,54.0,14.3,observed
2025-01-24 17:00:00,21.0,0.0,55.0,11.55,imputed_gap
2025-01-24 18:00:00,20.3,0.0,56.0,8.8,observed
2025-01-24 19:00:00,18.3,0.0,68.0,5.3,observed
2025-01-24 20:00:00,16.7,0.0,73.0,9.2,observed
2025-01-24 21:00:00,15.0,0.0,78.0,9.3,observed
2025-01-24 22:00:00,13.6,0.0,78.0,10.8,observed
2025-01-24 23:00:00,11.8,0.0,78.0,11.4,observed
2025-01-25 00:00:00,12.2,0.0,87.0,9.0,observed
2025-01-25 01:00:00,11.9,0.0,82.0,10.5,observed
2025-01-25 02:00:00,10.7,0.0,86.0,14.2,observed
2025-01-25 03:00:00,9.9,0.0,96.0,8.9,observed
2025-01-25 04:00:00,9.5,0.0,93.0,12.3,observed
2025-01-25 05:00:00,12.85,0.0,84.0,8.649999999999999,observed
2025-01-25 06:00:00,12.1,0.0,94.0,8.4,observed
2025-01-25 07:00:00,14.4,0.0,75.0,12.4,observed
2025-01-25 08:00:00,15.850000000000001,0.0,71.0,10.1,imputed_gap
2025-01-25 09:00:00,17.3,0.0,67.0,7.8,observed
2025-01-25 10:00:00,18.3,0.0,70.0,9.7,observed
2025-01-25 11:00:00,20.5,0.0,66.0,5.9,observed
2025-01-25 12:00:00,21.7,0.0,66.0,9.4,observed
2025-01-25 13:00:00,23.3,0.0,47.0,15.9,observed
2025-01-25 14:00:00,24.3,0.0,56.0,9.0,observed
2025-01-25 15:00:00,22.950000000000003,0.0,57.0,11.15,observed
2025-01-25 16:00:00,23.1,0.0,59.0,15.2,observed
2025-01-25 17:00:00,22.4,0.0,56.0,11.4,observed
2025-01-25 18:00:00,20.15,0.0,61.75,9.75,imputed_gap
2025-01-25 19:00:00,17.9,0.0,67.5,8.1,observed
2025-01-25 20:00:00,19.0,0.0,68.0,9.0,observed
2025-01-25 21:00:00,14.399999999999999,0.0,79.0,8.8,observed
2025-01-25 22:00:00,14.2,0.0,79.25,10.55,imputed_gap
2025-01-25 23:00:00,14.0,0.0,79.5,12.3,observed
2025-01-26 00:00:00,12.05,0.0,79.75,11.5,imputed_gap
2025-01-26 01:00:00,10.1,0.0,80.0,10.7,observed
2025-01-26 02:00:00,9.25,0.0,91.0,7.3,observed
2025-01-26 03:00:00,9.0,0.0,88.0,11.3,observed
2025-01-26 04:00:00,9.6,0.0,92.0,18.9,observed
2025-01-26 05:00:00,10.399999999999999,0.0,93.5,14.549999999999999,imputed_gap
2025-01-26 06:00:00,11.2,0.0,95.0,10.2,observed
2025-01-26 07:00:00,13.1,0.0,79.0,9.8,observed
2025-01-26 08:00:00,16.55,0.0,72.5,8.8,observed
2025-01-26 09:00:00,18.55,0.0,74.5,9.25,observed
2025-01-26 10:00:00,17.4,0.0,59.0,13.6,observed
2025-01-26 11:00:00,19.799999999999997,0.0,63.0,9.95,imputed_gap
2025-01-26 12:00:00,22.2,0.0,67.0,6.3,observed
2025-01-26 13:00:00,22.6,0.0,63.0,10.9,observed
2025-01-26 14:00:00,22.0,0.0,62.0,14.3,observed
2025-01-26 15:00:00,21.1,0.0,62.75,12.975,imputed_gap
2025-01-26 16:00:00,20.2,0.0,63.5,11.649999999999999,observed
2025-01-26 17:00:00,21.3,0.0,69.0,7.2,observed
2025-01-26 18:00:00,20.1,0.0,56.0,8.0,observed
2025-01-26 19:00:00,18.85,0.0,60.5,8.9,imputed_gap
2025-01-26 20:00:00,17.6,0.0,65.0,9.8,observed
2025-01-26 21:00:00,14.05,0.0,78.0,9.65,observed
2025-01-26 22:00:00,14.3,0.0,77.0,15.1,observed
2025-01-26 23:00:00,12.1,0.0,81.0,14.9,observed
2025-01-27 00:00:00,11.399999999999999,0.0,84.5,11.65,imputed_gap
2025-01-27 01:00:00,10.7,0.0,88.0,8.4,observed
2025-01-27 02:00:00,9.6,0.0,97.0,18.4,observed
2025-01-27 03:00:00,9.5,0.0,95.0,10.1,observed
2025-01-27 04:00:00,9.5,0.0,91.0,12.2,observed
2025-01-27 05:00:00,10.7,0.0,85.0,10.7,observed
2025-01-27 06:00:00,11.9,0.0,84.5,10.2,observed
2025-01-27 07:00:00,14.3,0.0,84.0,12.7,observed
2025-01-27 08:00:00,14.4,0.0,79.0,13.9,observed
2025-01-27 09:00:00,16.3,0.0,81.0,6.8,observed
2025-01-27 10:00:00,19.9,0.0,65.5,12.0,observed
2025-01-27 11:00:00,21.65,0.0,65.0,16.25,observed
2025-01-27 12:00:00,20.9,0.0,73.0,5.4,observed
2025-01-27 13:00:00,21.8,0.0,69.66666666666667,8.333333333333334,imputed_gap
2025-01-27 14:00:00,22.7,0.0,66.33333333333333,11.266666666666666,imputed_gap
2025-01-27 15:00:00,23.6,0.0,63.0,14.2,observed
2025-01-27 16:00:00,21.55,0.0,59.5,13.0,observed
2025-01-27 17:00:00,22.3,0.0,53.0,7.7,observed
2025-01-27 18:00:00,21.6,0.0,57.0,6.9,observed
2025-01-27 19:00:00,19.650000000000002,0.0,62.5,9.05,imputed_gap
2025-01-27 20:00:00,17.7,0.0,68.0,11.2,observed
2025-01-27 21:00:00,16.8,0.0,71.0,7.6,observed
2025-01-27 22:00:00,13.6,0.0,80.5,9.2,observed
2025-01-27 23:00:00,13.1,0.0,76.0,12.7,observed
2025-01-28 00:00:00,12.6,0.0,84.0,7.8,observed
2025-01-28 01:00:00,11.55,0.0,85.5,7.85,imputed_gap
2025-01-28 02:00:00,10.5,0.0,87.0,7.9,observed
2025-01-28 03:00:00,10.4,0.0,87.0,10.4,observed
2025-01-28 04:00:00,11.649999999999999,0.0,80.5,9.95,observed
2025-01-28 05:00:00,10.8,0.0,96.0,10.4,observed
2025-01-28 06:00:00,12.2,0.0,83.0,10.4,observed
2025-01-28 07:00:00,13.85,0.0,80.5,16.55,imputed_gap
2025-01-28 08:00:00,15.5,0.0,78.0,22.7,observed
2025-01-28 09:00:00,17.2,0.0,74.0,16.9,observed
2025-01-28 10:00:00,19.0,0.0,70.0,12.7,observed
2025-01-28 11:00:00,20.9,0.0,70.0,16.7,observed
2025-01-28 12:00:00,23.1,0.0,56.0,6.699999999999999,observed
2025-01-28 13:00:00,23.0,0.0,50.0,5.7,observed
2025-01-28 14:00:00,23.1,0.0,60.0,11.8,observed
2025-01-28 15:00:00,23.5,0.0,59.0,7.850000000000001,imputed_gap
2025-01-28 16:00:00,23.9,0.0,58.0,3.9,observed
2025-01-28 17:00:00,23.0,0.0,56.0,10.0,observed
2025-01-28 18:00:00,19.6,0.0,66.0,11.399999999999999,observed
2025-01-28 19:00:00,20.0,0.0,64.0,22.8,observed
2025-01-28 20:00:00,19.1,0.0,62.0,16.7,observed
2025-01-28 21:00:00,12.4,0.0,85.0,8.1,observed
2025-01-28 22:00:00,13.399999999999999,0.0,70.0,10.8,observed
2025-01-28 23:00:00,13.7,0.0,77.0,12.6,observed
2025-01-29 00:00:00,12.766666666666666,0.0,81.0,11.0,imputed_gap
2025-01-29 01:00:00,11.833333333333334,0.0,85.0,9.399999999999999,imputed_gap
2025-01-29 02:00:00,10.9,0.0,89.0,7.8,observed
2025-01-29 03:00:00,10.2,0.0,83.0,14.8,observed
2025-01-29 04:00:00,10.5,0.0,88.0,13.1,observed
2025-01-29 05:00:00,13.65,0.0,86.0,7.15,observed
2025-01-29 06:00:00,13.0,0.0,78.0,17.4,observed
2025-01-29 07:00:00,14.7,0.0,81.0,11.7,observed
2025-01-29 08:00:00,15.95,0.0,74.0,10.8,imputed_gap
2025-01-29 09:00:00,17.2,0.0,67.0,9.9,observed
2025-01-29 10:00:00,19.1,0.0,76.0,8.3,observed
2025-01-29 11:00:00,22.35,0.0,53.0,5.5,observed
2025-01-29 12:00:00,22.6,0.0,54.0,7.1,observed
2025-01-29 13:00:00,23.7,0.0,52.0,12.7,observed
2025-01-29 14:00:00,24.4,0.0,54.0,9.4,imputed_gap
2025-01-29 15:00:00,25.1,0.0,56.0,6.1,observed
2025-01-29 16:00:00,23.7,0.0,59.0,10.0,observed
2025-01-29 17:00:00,23.1,0.0,54.0,16.2,observed
2025-01-29 18:00:00,21.1,0.0,66.0,13.2,observed
2025-01-29 19:00:00,17.85,0.0,70.0,7.75,observed
2025-01-29 20:00:00,18.9,0.0,69.0,18.2,observed
2025-01-29 21:00:00,16.7,0.0,70.0,11.2,observed
2025-01-29 22:00:00,15.6,0.0,71.0,12.0,imputed_gap
2025-01-29 23:00:00,14.5,0.0,72.0,12.8,observed
2025-01-30 00:00:00,11.7,0.0,89.0,16.6,observed
2025-01-30 01:00:00,11.6,0.0,88.0,6.7,observed
2025-01-30 02:00:00,9.8,0.0,91.0,9.0,observed
2025-01-30 03:00:00,10.0,0.0,81.0,12.3,observed
2025-01-30 04:00:00,9.9,0.0,83.0,22.3,observed
2025-01-30 05:00:00,10.8,0.0,85.0,4.0,observed
2025-01-30 06:00:00,11.7,0.0,93.0,9.8,observed
2025-01-30 07:00:00,13.5,0.0,71.0,15.6,observed
2025-01-30 08:00:00,15.4,0.0,83.0,21.9,observed
2025-01-30 09:00:00,17.3,0.0,81.0,10.4,observed
2025-01-30 10:00:00,20.75,0.0,67.5,6.35,observed
2025-01-30 11:00:00,21.224999999999998,0.0,62.75,8.825,imputed_gap
2025-01-30 12:00:00,21.7,0.0,58.0,11.3,observed
2025-01-30 13:00:00,22.25,0.0,59.0,16.55,imputed_gap
2025-01-30 14:00:00,22.8,0.0,60.0,21.8,observed
2025-01-30 15:00:00,23.8,0.0,51.0,13.9,observed
2025-01-30 16:00:00,23.5,0.0,58.0,11.5,observed
2025-01-30 17:00:00,23.2,0.0,62.0,11.2,observed
2025-01-30 18:00:00,20.8,0.0,58.0,21.2,observed
2025-01-30 19:00:00,20.1,0.0,72.0,4.6,observed
2025-01-30 20:00:00,18.8,0.0,76.0,7.6,observed
2025-01-30 21:00:00,16.8,0.0,80.0,13.8,observed
2025-01-30 22:00:00,14.7,0.0,75.0,6.9,observed
2025-01-30 23:00:00,13.8,0.0,83.0,10.5,observed
2025-01-31 00:00:00,11.2,0.0,83.0,7.8,observed
2025-01-31 01:00:00,10.2,0.0,96.0,5.7,observed
2025-01-31 02:00:00,9.6,0.0,84.0,4.6,observed
2025-01-31 03:00:00,10.4,0.0,92.0,5.7,observed
2025-01-31 04:00:00,9.5,0.0,83.0,14.5,observed
2025-01-31 05:00:00,10.1,0.0,94.0,11.6,observed
2025-01-31 06:00:00,10.2,0.0,89.0,20.3,observed
2025-01-31 07:00:00,13.1,0.0,90.0,7.3,observed
2025-01-31 08:00:00,14.2,0.0,78.0,17.2,observed
2025-01-31 09:00:00,16.1,0.0,75.0,7.6,observed
2025-01-31 10:00:00,18.6,0.0,78.0,12.2,observed
2025-01-31 11:00:00,19.2,0.0,60.0,18.4,observed
2025-01-31 12:00:00,21.6,0.0,58.0,12.3,observed
2025-01-31 13:00:00,22.2,0.0,66.0,8.6,observed
2025-01-31 14:00:00,23.1,0.0,60.0,11.8,observed
2025-01-31 15:00:00,23.1,0.0,57.0,14.3,observed
2025-01-31 16:00:00,22.4,0.0,59.0,9.7,observed
2025-01-31 17:00:00,22.0,0.0,55.0,4.0,observed
2025-01-31 18:00:00,18.7,0.0,72.5,15.0,observed
2025-01-31 19:00:00,17.55,0.0,77.5,10.4,observed
2025-01-31 20:00:00,18.1,0.0,77.0,21.4,observed
2025-01-31 21:00:00,16.233333333333334,0.0,77.66666666666667,16.5,imputed_gap
2025-01-31 22:00:00,14.366666666666667,0.0,78.33333333333333,11.599999999999998,imputed_gap
2025-01-31 23:00:00,12.5,0.0,79.0,6.7,observed
2025-02-01 00:00:00,13.3,0.0,78.0,5.8,observed
2025-02-01 01:00:00,12.2,0.0,85.0,19.9,observed
2025-02-01 02:00:00,11.5,0.0,91.0,5.8,observed
2025-02-01 03:00:00,11.5,0.0,84.0,3.2,observed
2025-02-01 04:00:00,11.8,0.0,80.0,5.1,observed
2025-02-01 05:00:00,11.4,0.0,89.0,9.1,observed
2025-02-01 06:00:00,15.95,0.0,79.5,10.0,observed
2025-02-01 07:00:00,16.125,0.0,75.75,11.25,imputed_gap
2025-02-01 08:00:00,16.3,0.0,72.0,12.5,observed
2025-02-01 09:00:00,17.8,0.0,64.5,9.8,imputed_gap
2025-02-01 10:00:00,19.3,0.0,57.0,7.1,observed
2025-02-01 11:00:00,21.3,0.0,65.0,12.1,observed
2025-02-01 12:00:00,22.9,0.0,60.0,8.7,observed
2025-02-01 13:00:00,24.2,0.0,59.0,12.9,observed
2025-02-01 14:00:00,25.8,0.0,50.0,6.4,observed
2025-02-01 15:00:00,24.6,0.0,53.0,14.1,observed
2025-02-01 16:00:00,24.8,0.0,54.0,11.5,observed
2025-02-01 17:00:00,24.1,0.0,55.0,4.5,observed
2025-02-01 18:00:00,23.1,0.0,63.0,20.8,observed
2025-02-01 19:00:00,21.4,0.0,66.0,18.2,observed
2025-02-01 20:00:00,19.6,0.0,64.0,9.8,observed
2025-02-01 21:00:00,18.0,0.0,65.0,5.3,observed
2025-02-01 22:00:00,16.1,0.0,75.0,23.0,observed
2025-02-01 23:00:00,14.4,0.0,74.0,18.0,observed
2025-02-02 00:00:00,13.4,0.0,75.0,9.5,observed
2025-02-02 01:00:00,12.3,0.0,81.0,12.6,observed
2025-02-02 02:00:00,11.6,0.0,83.0,9.7,observed
2025-02-02 03:00:00,11.9,0.0,78.0,11.4,observed
2025-02-02 04:00:00,10.0,0.0,94.0,8.3,observed
2025-02-02 05:00:00,13.85,0.0,77.5,9.75,observed
2025-02-02 06:00:00,13.1,0.0,88.0,10.7,observed
2025-02-02 07:00:00,14.2,0.0,80.0,15.1,observed
2025-02-02 08:00:00,16.099999999999998,0.0,76.0,11.2,imputed_gap
2025-02-02 09:00:00,18.0,0.0,72.0,7.3,observed
2025-02-02 10:00:00,20.6,0.0,62.0,5.2,observed
2025-02-02 11:00:00,22.4,0.0,60.5,7.8500000000000005,observed
2025-02-02 12:00:00,22.5,0.0,58.0,4.7,observed
2025-02-02 13:00:00,24.299999999999997,0.0,51.5,6.9,observed
2025-02-02 14:00:00,24.4,0.0,52.0,5.7,observed
2025-02-02 15:00:00,25.0,0.0,53.0,11.5,observed
2025-02-02 16:00:00,24.233333333333334,0.0,55.666666666666664,11.266666666666667,imputed_gap
2025-02-02 17:00:00,23.466666666666665,0.0,58.333333333333336,11.033333333333333,imputed_gap
2025-02-02 18:00:00,22.7,0.0,61.0,10.8,observed
2025-02-02 19:00:00,21.3,0.0,59.0,10.3,observed
2025-02-02 20:00:00,19.9,0.0,69.0,8.2,observed
2025-02-02 21:00:00,18.0,0.0,69.0,5.4,observed
2025-02-02 22:00:00,16.1,0.0,76.0,10.7,observed
2025-02-02 23:00:00,14.8,0.0,82.0,17.8,observed
2025-02-03 00:00:00,13.0,0.0,85.0,11.2,observed
2025-02-03 01:00:00,11.5,0.0,86.0,13.9,observed
2025-02-03 02:00:00,11.0,0.0,85.0,7.6,observed
2025-02-03 03:00:00,9.5,0.0,96.0,16.5,observed
2025-02-03 04:00:00,10.9,0.0,85.0,8.7,observed
2025-02-03 05:00:00,13.95,0.0,81.5,9.05,observed
2025-02-03 06:00:00,15.9,0.0,76.5,10.149999999999999,observed
2025-02-03 07:00:00,16.85,0.0,61.0,14.9,observed
2025-02-03 08:00:00,17.8625,0.0,59.25,15.975,imputed_gap
2025-02-03 09:00:00,18.875,0.0,57.5,17.05,imputed_gap
2025-02-03 10:00:00,19.8875,0.0,55.75,18.125,imputed_gap
2025-02-03 11:00:00,20.9,0.0,54.0,19.2,observed
2025-02-03 12:00:00,25.7,0.0,60.0,9.5,observed
2025-02-03 13:00:00,24.549999999999997,0.0,61.0,9.25,observed
2025-02-03 14:00:00,25.1,0.0,52.0,7.3,observed
2025-02-03 15:00:00,24.400000000000002,0.0,51.333333333333336,8.133333333333333,imputed_gap
2025-02-03 16:00:00,23.700000000000003,0.0,50.666666666666664,8.966666666666667,imputed_gap
2025-02-03 17:00:00,23.0,0.0,50.0,9.8,observed
2025-02-03 18:00:00,22.3,0.0,54.0,10.2,observed
2025-02-03 19:00:00,21.7,0.0,68.0,11.9,observed
2025-02-03 20:00:00,19.5,0.0,64.0,12.0,observed
2025-02-03 21:00:00,17.4,0.0,63.0,10.2,observed
2025-02-03 22:00:00,15.7,0.0,79.0,9.9,observed
2025-02-03 23:00:00,15.0,0.0,79.0,8.9,observed
2025-02-04 00:00:00,15.1,0.0,75.0,10.0,observed
2025-02-04 01:00:00,11.85,0.0,85.0,13.149999999999999,observed
2025-02-04 02:00:00,12.65,0.0,81.5,16.05,observed
2025-02-04 03:00:00,11.5,0.0,81.0,14.2,observed
2025-02-04 04:00:00,11.933333333333334,0.0,78.66666666666667,13.4,imputed_gap
2025-02-04 05:00:00,12.366666666666667,0.0,76.33333333333333,12.6,imputed_gap
2025-02-04 06:00:00,12.8,0.0,74.0,11.8,observed
2025-02-04 07:00:00,15.1,0.0,81.0,11.9,observed
2025-02-04 08:00:00,17.3,0.0,68.0,15.1,observed
2025-02-04 09:00:00,18.8,0.0,74.0,5.6,observed
2025-02-04 10:00:00,21.0,0.0,59.0,11.3,observed
2025-02-04 11:00:00,21.8,0.0,60.0,20.5,observed
2025-02-04 12:00:00,23.6,0.0,51.0,7.9,observed
2025-02-04 13:00:00,23.8,0.0,56.0,12.7,observed
2025-02-04 14:00:00,25.15,0.0,51.5,10.0,observed
2025-02-04 15:00:00,24.6,0.0,52.0,16.3,observed
2025-02-04 16:00:00,24.7,0.0,52.0,6.2,observed
2025-02-04 17:00:00,23.7,0.0,58.0,10.399999999999999,imputed_gap
2025-02-04 18:00:00,22.7,0.0,64.0,14.6,observed
2025-02-04 19:00:00,22.4,0.0,58.0,13.8,observed
2025-02-04 20:00:00,20.2,0.0,67.0,10.2,observed
2025-02-04 21:00:00,18.4,0.0,74.0,8.1,observed
2025-02-04 22:00:00,16.3,0.0,78.0,13.1,observed
2025-02-04 23:00:00,14.8,0.0,83.0,8.5,observed
2025-02-05 00:00:00,13.0,0.0,74.0,10.2,observed
2025-02-05 01:00:00,12.4,0.0,77.0,7.5,observed
2025-02-05 02:00:00,11.0,0.0,78.0,13.8,observed
2025-02-05 03:00:00,10.5,0.0,94.0,5.5,observed
2025-02-05 04:00:00,11.0,0.0,83.0,12.2,observed
2025-02-05 05:00:00,11.5,0.0,92.0,6.8,observed
2025-02-05 06:00:00,12.5,0.0,90.0,19.0,observed
2025-02-05 07:00:00,15.5,0.0,81.0,7.0,observed
2025-02-05 08:00:00,16.4,0.0,74.0,13.4,observed
2025-02-05 09:00:00,18.2,0.0,65.0,11.9,observed
2025-02-05 10:00:00,19.9,0.0,73.0,12.6,observed
2025-02-05 11:00:00,22.7,0.0,62.5,11.4,observed
2025-02-05 12:00:00,22.7,0.0,63.0,14.4,observed
2025-02-05 13:00:00,24.6,0.0,47.0,11.4,observed
2025-02-05 14:00:00,24.450000000000003,0.0,49.0,8.85,imputed_gap
2025-02-05 15:00:00,24.3,0.0,51.0,6.3,observed
2025-02-05 16:00:00,24.4,0.0,59.0,8.4,observed
2025-02-05 17:00:00,24.5,0.0,56.0,14.1,observed
2025-02-05 18:00:00,23.4,0.0,61.0,11.6,observed
2025-02-05 19:00:00,19.15,0.0,62.5,13.1,observed
2025-02-05 20:00:00,18.525,0.0,70.75,15.8,imputed_gap
2025-02-05 21:00:00,17.9,0.0,79.0,18.5,observed
2025-02-05 22:00:00,16.35,0.0,77.0,13.4,imputed_gap
2025-02-05 23:00:00,14.8,0.0,75.0,8.3,observed
2025-02-06 00:00:00,13.4,0.0,79.0,12.6,observed
2025-02-06 01:00:00,12.9,0.0,72.0,11.3,observed
2025-02-06 02:00:00,12.1,0.0,79.0,18.9,observed
2025-02-06 03:00:00,11.8,0.0,84.0,17.8,observed
2025-02-06 04:00:00,11.6,0.0,87.0,10.1,observed
2025-02-06 05:00:00,12.6,0.0,79.0,12.0,observed
2025-02-06 06:00:00,12.6,0.0,79.0,8.8,observed
2025-02-06 07:00:00,17.533333333333335,0.0,72.33333333333333,11.666666666666666,observed
2025-02-06 08:00:00,16.8,0.0,74.0,10.4,observed
2025-02-06 09:00:00,17.5,0.0,58.0,23.1,observed
2025-02-06 10:00:00,20.4,0.0,55.75,15.175,imputed_gap
2025-02-06 11:00:00,23.3,0.0,53.5,7.25,observed
2025-02-06 12:00:00,23.0,0.0,59.0,11.9,observed
2025-02-06 13:00:00,23.9,0.0,48.0,4.9,observed
2025-02-06 14:00:00,24.65,0.0,53.5,7.3,imputed_gap
2025-02-06 15:00:00,25.4,0.0,59.0,9.7,observed
2025-02-06 16:00:00,25.0,0.0,60.0,13.3,observed
2025-02-06 17:00:00,21.7,0.0,64.5,11.1,observed
2025-02-06 18:00:00,23.8,0.0,64.0,11.0,observed
2025-02-06 19:00:00,22.1,0.0,57.0,6.3,observed
2025-02-06 20:00:00,20.5,0.0,69.0,9.7,observed
2025-02-06 21:00:00,17.9,0.0,69.0,5.7,observed
2025-02-06 22:00:00,16.25,0.0,75.0,5.6,observed
2025-02-06 23:00:00,14.6,0.0,72.0,7.7,observed
2025-02-07 00:00:00,13.3,0.0,76.0,12.4,observed
2025-02-07 01:00:00,11.1,0.0,81.0,10.7,observed
2025-02-07 02:00:00,12.3,0.0,84.0,11.6,observed
2025-02-07 03:00:00,11.4,0.0,93.0,11.3,observed
2025-02-07 04:00:00,12.0,0.0,88.0,12.4,observed
2025-02-07 05:00:00,12.5,0.0,83.0,10.6,observed
2025-02-07 06:00:00,13.0,0.0,86.0,4.7,observed
2025-02-07 07:00:00,15.4,0.0,77.0,8.5,observed
2025-02-07 08:00:00,17.3,0.0,69.5,9.65,imputed_gap
2025-02-07 09:00:00,19.2,0.0,62.0,10.8,observed
2025-02-07 10:00:00,19.7,0.0,59.0,14.0,observed
2025-02-07 11:00:00,21.3,0.0,64.0,13.6,observed
2025-02-07 12:00:00,23.3,0.0,47.0,15.2,observed
2025-02-07 13:00:00,24.2,0.0,54.0,20.6,observed
2025-02-07 14:00:00,25.7,0.0,56.0,9.6,observed
2025-02-07 15:00:00,25.3,0.0,57.0,19.8,observed
2025-02-07 16:00:00,25.4,0.0,55.0,12.2,observed
2025-02-07 17:00:00,22.35,0.0,63.5,12.2,observed
2025-02-07 18:00:00,22.225,0.0,64.75,12.399999999999999,imputed_gap
2025-02-07 19:00:00,22.1,0.0,66.0,12.6,observed
2025-02-07 20:00:00,20.55,0.0,68.0,9.85,imputed_gap
2025-02-07 21:00:00,19.0,0.0,70.0,7.1,observed
2025-02-07 22:00:00,17.1,0.0,64.0,15.9,observed
2025-02-07 23:00:00,14.5,0.0,77.0,15.3,observed
2025-02-08 00:00:00,12.7,0.0,85.0,13.8,observed
2025-02-08 01:00:00,11.5,0.0,90.0,16.2,observed
2025-02-08 02:00:00,10.3,0.0,90.0,5.8,observed
2025-02-08 03:00:00,10.6,0.0,85.0,6.4,observed
2025-02-08 04:00:00,11.8,0.0,86.5,9.75,observed
2025-02-08 05:00:00,11.8,0.0,84.0,12.6,observed
2025-02-08 06:00:00,12.4,0.0,82.0,8.8,observed
2025-02-08 07:00:00,13.45,0.0,79.0,15.700000000000003,imputed_gap
2025-02-08 08:00:00,14.5,0.0,76.0,22.6,observed
2025-02-08 09:00:00,16.8,0.0,74.0,16.0,observed
2025-02-08 10:00:00,18.4,0.0,75.0,11.5,observed
2025-02-08 11:00:00,20.5,0.0,52.0,15.5,observed
2025-02-08 12:00:00,21.8,0.0,58.0,12.4,observed
2025-02-08 13:00:00,22.9,0.0,53.5,12.8,observed
2025-02-08 14:00:00,24.2,0.0,49.0,7.0,observed
2025-02-08 15:00:00,24.2,0.0,60.0,13.7,observed
2025-02-08 16:00:00,23.0,0.0,61.0,23.9,observed
2025-02-08 17:00:00,23.8,0.0,49.0,10.9,observed
2025-02-08 18:00:00,22.8,0.0,53.0,9.1,observed
2025-02-08 19:00:00,19.8,0.0,60.0,8.4,observed
2025-02-08 20:00:00,16.05,0.0,72.5,11.45,observed
2025-02-08 21:00:00,17.6,0.0,65.0,13.4,observed
2025-02-08 22:00:00,16.0,0.0,67.0,9.3,observed
2025-02-08 23:00:00,13.8,0.0,72.0,13.6,imputed_gap
2025-02-09 00:00:00,11.6,0.0,77.0,17.9,observed
2025-02-09 01:00:00,10.4,0.0,84.0,27.4,observed
2025-02-09 02:00:00,9.8,0.0,92.0,17.4,observed
2025-02-09 03:00:00,9.2,0.0,95.0,7.9,observed
2025-02-09 04:00:00,8.8,0.0,98.0,9.3,observed
2025-02-09 05:00:00,10.2,0.0,87.0,5.9,observed
2025-02-09 06:00:00,10.9,0.0,87.0,24.5,observed
2025-02-09 07:00:00,12.9,0.0,85.0,13.9,observed
2025-02-09 08:00:00,14.6,0.0,87.0,9.1,observed
2025-02-09 09:00:00,17.549999999999997,1.6,84.0,5.55,observed
2025-02-09 10:00:00,17.8,0.0,70.0,14.9,observed
2025-02-09 11:00:00,20.0,0.0,70.0,15.5,observed
2025-02-09 12:00:00,20.85,0.0,67.0,12.35,imputed_gap
2025-02-09 13:00:00,21.7,0.0,64.0,9.2,observed
2025-02-09 14:00:00,23.5,0.0,59.0,10.1,observed
2025-02-09 15:00:00,23.2,0.2,54.0,18.4,observed
2025-02-09 16:00:00,21.3,1.2,81.0,3.3,observed
2025-02-09 17:00:00,22.0,0.0,57.0,13.5,observed
2025-02-09 18:00:00,19.9,2.0,81.0,8.9,observed
2025-02-09 19:00:00,19.6,0.0,66.0,12.2,observed
2025-02-09 20:00:00,17.8,0.0,65.0,7.6,observed
2025-02-09 21:00:00,16.7,0.0,70.0,9.5,observed
2025-02-09 22:00:00,14.2,0.0,81.0,8.2,observed
2025-02-09 23:00:00,13.1,0.0,90.0,7.2,observed
2025-02-10 00:00:00,13.0,0.0,84.0,17.1,observed
2025-02-10 01:00:00,10.8,0.0,86.0,10.3,observed
2025-02-10 02:00:00,12.0,0.0,85.0,8.9,observed
2025-02-10 03:00:00,10.9,0.0,83.0,6.8,observed
2025-02-10 04:00:00,10.4,0.0,91.0,7.4,observed
2025-02-10 05:00:00,10.7,0.0,92.0,7.9,observed
2025-02-10 06:00:00,12.4,0.0,72.0,6.9,observed
2025-02-10 07:00:00,13.6,0.0,78.0,8.3,observed
2025-02-10 08:00:00,15.7,0.0,75.0,13.8,observed
2025-02-10 09:00:00,17.3,0.0,75.0,13.9,observed
2025-02-10 10:00:00,19.6,0.0,61.0,21.9,observed
2025-02-10 11:00:00,21.4,0.0,62.0,11.2,observed
2025-02-10 12:00:00,21.7,0.0,66.0,8.0,observed
2025-02-10 13:00:00,23.2,0.0,63.5,7.6,observed
2025-02-10 14:00:00,23.6,0.0,61.0,8.4,observed
2025-02-10 15:00:00,24.5,0.0,63.0,14.3,observed
2025-02-10 16:00:00,23.9,0.0,43.0,7.2,observed
2025-02-10 17:00:00,23.0,0.0,60.0,10.9,observed
2025-02-10 18:00:00,21.8,0.0,51.0,6.1,observed
2025-02-10 19:00:00,20.200000000000003,0.0,58.0,15.4,observed
2025-02-10 20:00:00,18.6,0.0,74.0,13.4,observed
2025-02-10 21:00:00,17.5,0.0,67.0,12.5,observed
2025-02-10 22:00:00,15.6,0.0,79.0,18.5,observed
2025-02-10 23:00:00,13.0,0.0,84.0,7.9,observed
2025-02-11 00:00:00,12.8,0.0,83.0,9.3,observed
2025-02-11 01:00:00,12.5,0.0,88.0,14.9,observed
2025-02-11 02:00:00,10.9,0.0,83.0,15.0,observed
2025-02-11 03:00:00,11.5,0.0,89.0,10.8,observed
2025-02-11 04:00:00,10.9,0.0,80.0,12.1,observed
2025-02-11 05:00:00,12.2,0.0,77.0,7.7,observed
2025-02-11 06:00:00,12.8,0.0,80.0,10.4,observed
2025-02-11 07:00:00,14.5,0.0,82.0,5.5,observed
2025-02-11 08:00:00,16.0,0.0,70.0,11.6,observed
2025-02-11 09:00:00,17.5,0.0,69.0,10.9,observed
2025-02-11 10:00:00,19.4,0.0,63.0,22.7,observed
2025-02-11 11:00:00,21.0,0.0,61.0,7.9,observed
2025-02-11 12:00:00,22.8,0.0,56.0,10.3,observed
2025-02-11 13:00:00,22.7,0.0,64.0,9.4,observed
2025-02-11 14:00:00,23.5,0.0,58.0,8.75,imputed_gap
2025-02-11 15:00:00,24.3,0.0,52.0,8.1,observed
2025-02-11 16:00:00,24.1,0.0,54.0,9.25,imputed_gap
2025-02-11 17:00:00,23.9,0.0,56.0,10.4,observed
2025-02-11 18:00:00,23.1,0.0,61.0,7.4,observed
2025-02-11 19:00:00,20.4,0.0,63.0,5.6,observed
2025-02-11 20:00:00,20.3,0.0,64.0,13.4,observed
2025-02-11 21:00:00,17.1,0.0,67.0,10.8,observed
2025-02-11 22:00:00,15.9,0.0,83.0,5.3,observed
2025-02-11 23:00:00,13.35,0.0,77.0,9.8,observed
2025-02-12 00:00:00,14.850000000000001,0.0,69.0,9.0,observed
2025-02-12 01:00:00,12.6,0.0,70.0,5.8,observed
2025-02-12 02:00:00,12.3,0.0,71.0,7.9,imputed_gap
2025-02-12 03:00:00,12.0,0.0,72.0,10.0,observed
2025-02-12 04:00:00,13.375,0.0,74.5,11.975,imputed_gap
2025-02-12 05:00:00,14.75,0.0,77.0,13.95,observed
2025-02-12 06:00:00,16.6,0.0,74.0,9.8,observed
2025-02-12 07:00:00,14.4,0.0,84.0,17.8,observed
2025-02-12 08:00:00,17.1,0.0,74.33333333333333,14.166666666666668,imputed_gap
2025-02-12 09:00:00,19.8,0.0,64.66666666666666,10.533333333333335,imputed_gap
2025-02-12 10:00:00,22.5,0.0,55.0,6.9,observed
2025-02-12 11:00:00,23.05,0.0,57.5,9.45,imputed_gap
2025-02-12 12:00:00,23.6,0.0,60.0,12.0,observed
2025-02-12 13:00:00,24.700000000000003,0.0,57.0,15.15,imputed_gap
2025-02-12 14:00:00,25.8,0.0,54.0,18.3,observed
2025-02-12 15:00:00,26.2,0.0,47.0,17.9,observed
2025-02-12 16:00:00,25.3,0.0,53.0,10.6,observed
2025-02-12 17:00:00,22.700000000000003,0.0,64.0,9.25,observed
2025-02-12 18:00:00,23.0,0.0,61.0,12.7,observed
2025-02-12 19:00:00,22.1,0.0,53.0,11.8,observed
2025-02-12 20:00:00,20.4,0.0,61.5,10.9,imputed_gap
2025-02-12 21:00:00,18.7,0.0,70.0,10.0,observed
2025-02-12 22:00:00,16.2,0.0,79.0,10.3,observed
2025-02-12 23:00:00,14.9,0.0,70.0,12.3,observed
2025-02-13 00:00:00,9.9,0.0,82.5,7.9,observed
2025-02-13 01:00:00,10.8,0.0,87.0,13.3,observed
2025-02-13 02:00:00,9.9,0.0,87.0,10.7,observed
2025-02-13 03:00:00,10.15,0.0,87.0,13.4,imputed_gap
2025-02-13 04:00:00,10.4,0.0,87.0,16.1,observed
2025-02-13 05:00:00,10.6,0.0,90.0,9.2,observed
2025-02-13 06:00:00,11.5,0.0,82.0,8.1,observed
2025-02-13 07:00:00,12.2,0.0,83.0,17.0,observed
2025-02-13 08:00:00,16.55,0.0,77.5,11.9,observed
2025-02-13 09:00:00,16.8,0.0,70.0,16.6,observed
2025-02-13 10:00:00,18.4,0.0,76.0,14.7,observed
2025-02-13 11:00:00,19.7,0.0,71.5,13.7,imputed_gap
2025-02-13 12:00:00,21.0,0.0,67.0,12.7,observed
2025-02-13 13:00:00,22.3,0.0,60.0,15.6,observed
2025-02-13 14:00:00,22.4,0.0,55.0,17.7,observed
2025-02-13 15:00:00,22.8,0.0,61.0,11.1,observed
2025-02-13 16:00:00,23.2,0.0,53.0,3.6,observed
2025-02-13 17:00:00,22.9,0.0,58.0,15.6,observed
2025-02-13 18:00:00,21.5,0.0,65.0,16.3,observed
2025-02-13 19:00:00,20.5,0.0,64.0,12.9,observed
2025-02-13 20:00:00,18.0,0.0,74.0,15.7,observed
2025-02-13 21:00:00,14.5,0.0,80.0,10.55,observed
2025-02-13 22:00:00,13.7,0.0,75.0,7.7,observed
2025-02-13 23:00:00,13.1,0.0,80.0,17.3,observed
2025-02-14 00:00:00,12.3,0.0,85.0,10.9,imputed_gap
2025-02-14 01:00:00,11.5,0.0,90.0,4.5,observed
2025-02-14 02:00:00,10.5,0.0,92.0,7.3,observed
2025-02-14 03:00:00,10.899999999999999,0.0,95.0,6.85,observed
2025-02-14 04:00:00,10.6,0.0,91.0,15.7,observed
2025-02-14 05:00:00,11.9,0.0,86.0,11.5,observed
2025-02-14 06:00:00,12.85,0.0,86.5,10.85,imputed_gap
2025-02-14 07:00:00,13.8,0.0,87.0,10.2,observed
2025-02-14 08:00:00,16.0,0.0,64.0,9.8,observed
2025-02-14 09:00:00,16.9,0.0,75.0,4.6,observed
2025-02-14 10:00:00,19.1,0.0,67.0,14.4,observed
2025-02-14 11:00:00,20.8,0.0,70.0,15.0,observed
2025-02-14 12:00:00,21.2,0.0,60.0,9.4,observed
2025-02-14 13:00:00,23.7,0.0,64.0,13.9,observed
2025-02-14 14:00:00,24.6,0.0,56.0,8.7,observed
2025-02-14 15:00:00,25.2,0.0,59.0,11.1,observed
2025-02-14 16:00:00,23.2,0.0,67.0,19.0,observed
2025-02-14 17:00:00,23.1,0.0,59.0,10.9,observed
2025-02-14 18:00:00,22.1,0.0,64.0,4.0,observed
2025-02-14 19:00:00,20.7,0.0,56.0,4.1,observed
2025-02-14 20:00:00,18.4,0.0,70.0,9.6,observed
2025-02-14 21:00:00,16.5,0.0,76.0,7.9,observed
2025-02-14 22:00:00,15.4,0.0,84.0,11.5,observed
2025-02-14 23:00:00,13.4,0.0,73.0,5.2,observed
2025-02-15 00:00:00,10.4,0.0,82.0,9.0,observed
2025-02-15 01:00:00,9.1,0.0,90.0,15.4,observed
2025-02-15 02:00:00,8.7,0.0,91.0,7.9,observed
2025-02-15 03:00:00,9.0,0.0,100.0,9.6,observed
2025-02-15 04:00:00,8.4,0.0,92.0,15.2,observed
2025-02-15 05:00:00,9.3,0.0,91.0,7.8,observed
2025-02-15 06:00:00,10.3,0.0,84.0,14.4,observed
2025-02-15 07:00:00,11.4,0.0,88.0,10.3,observed
2025-02-15 08:00:00,14.1,0.0,79.0,12.5,observed
2025-02-15 09:00:00,15.0,0.0,82.0,6.6,observed
2025-02-15 10:00:00,18.05,0.0,67.0,11.55,observed
2025-02-15 11:00:00,18.2,0.0,75.0,6.8,observed
2025-02-15 12:00:00,19.7,0.0,63.0,15.6,observed
2025-02-15 13:00:00,20.35,0.0,62.0,16.75,imputed_gap
2025-02-15 14:00:00,21.0,0.0,61.0,17.9,observed
2025-02-15 15:00:00,21.8,0.0,56.0,10.0,observed
2025-02-15 16:00:00,20.549999999999997,0.0,63.5,9.9,observed
2025-02-15 17:00:00,19.0,0.0,68.0,9.35,observed
2025-02-15 18:00:00,19.9,0.0,65.0,14.5,observed
2025-02-15 19:00:00,18.5,0.0,67.0,14.166666666666666,imputed_gap
2025-02-15 20:00:00,17.099999999999998,0.0,69.0,13.833333333333334,imputed_gap
2025-02-15 21:00:00,15.7,0.0,71.0,13.5,observed
2025-02-15 22:00:00,13.4,0.0,82.0,9.2,observed
2025-02-15 23:00:00,11.4,0.0,87.0,7.1,observed
2025-02-16 00:00:00,11.1,0.0,93.0,14.5,observed
2025-02-16 01:00:00,10.0,0.4,84.0,12.1,observed
2025-02-16 02:00:00,10.1,0.0,95.0,7.4,observed
2025-02-16 03:00:00,8.7,0.0,97.0,13.5,observed
2025-02-16 04:00:00,8.5,0.0,93.0,6.1,observed
2025-02-16 05:00:00,10.2,0.0,94.0,6.5,observed
2025-02-16 06:00:00,10.7,0.0,86.0,20.1,observed
2025-02-16 07:00:00,12.3,0.0,78.0,16.4,observed
2025-02-16 08:00:00,14.200000000000001,0.0,79.0,9.7,observed
2025-02-16 09:00:00,16.1,0.0,68.0,10.4,observed
2025-02-16 10:00:00,17.2,0.0,88.0,6.5,observed
2025-02-16 11:00:00,18.65,0.0,77.5,8.15,imputed_gap
2025-02-16 12:00:00,20.1,0.0,67.0,9.8,observed
2025-02-16 13:00:00,21.7,0.0,59.0,13.7,observed
2025-02-16 14:00:00,22.1,0.0,55.0,13.3,observed
2025-02-16 15:00:00,22.3,0.0,59.0,11.6,observed
2025-02-16 16:00:00,21.9,0.0,61.0,7.7,observed
2025-02-16 17:00:00,21.0,0.0,57.0,16.6,observed
2025-02-16 18:00:00,20.5,0.0,68.0,6.3,observed
2025-02-16 19:00:00,19.4,0.0,74.0,6.9,observed
2025-02-16 20:00:00,17.9,0.0,71.0,13.4,observed
2025-02-16 21:00:00,17.2,0.0,70.0,15.1,observed
2025-02-16 22:00:00,13.4,0.0,71.0,17.3,observed
2025-02-16 23:00:00,11.7,0.0,83.0,16.6,observed
2025-02-17 00:00:00,9.85,0.0,88.0,14.850000000000001,imputed_gap
2025-02-17 01:00:00,8.0,0.0,93.0,13.1,observed
2025-02-17 02:00:00,7.0,0.0,100.0,15.4,observed
2025-02-17 03:00:00,6.9,0.0,89.0,10.9,observed
2025-02-17 04:00:00,7.7,0.0,90.0,14.0,observed
2025-02-17 05:00:00,8.6,0.0,100.0,12.1,observed
2025-02-17 06:00:00,9.4,0.0,85.0,10.9,observed
2025-02-17 07:00:00,10.9,0.0,88.0,4.7,observed
2025-02-17 08:00:00,12.4,0.0,88.0,3.8,observed
2025-02-17 09:00:00,13.8,0.0,80.0,9.9,observed
2025-02-17 10:00:00,16.0,0.0,84.0,6.8,observed
2025-02-17 11:00:00,16.9,0.0,71.0,15.6,observed
2025-02-17 12:00:00,18.5,0.0,73.0,13.2,observed
2025-02-17 13:00:00,19.9,0.0,61.0,11.8,observed
2025-02-17 14:00:00,21.0,0.0,56.0,19.9,observed
2025-02-17 15:00:00,20.6,0.0,66.0,8.9,observed
2025-02-17 16:00:00,19.9,0.0,60.0,10.4,observed
2025-02-17 17:00:00,20.9,0.0,64.0,7.0,observed
2025-02-17 18:00:00,19.2,0.0,65.0,15.1,observed
2025-02-17 19:00:00,17.7,0.0,75.0,6.2,observed
2025-02-17 20:00:00,15.6,0.0,68.0,11.1,observed
2025-02-17 21:00:00,14.7,0.0,83.0,12.7,observed
2025-02-17 22:00:00,11.9,0.0,80.5,10.5,observed
2025-02-17 23:00:00,10.8,0.0,84.0,3.8,observed
2025-02-18 00:00:00,11.6,0.0,78.0,10.6,observed
2025-02-18 01:00:00,10.85,0.0,83.0,12.625,imputed_gap
2025-02-18 02:00:00,10.1,0.0,88.0,14.65,observed
2025-02-18 03:00:00,9.6,0.0,84.0,9.1,observed
2025-02-18 04:00:00,9.4,0.0,90.0,5.8,observed
2025-02-18 05:00:00,10.850000000000001,0.0,87.0,7.6,imputed_gap
2025-02-18 06:00:00,12.3,0.0,84.0,9.4,observed
2025-02-18 07:00:00,13.1,0.0,84.0,7.4,observed
2025-02-18 08:00:00,14.8,0.0,76.0,5.0,observed
2025-02-18 09:00:00,15.9,0.0,71.0,8.9,observed
2025-02-18 10:00:00,18.8,0.0,60.0,7.2,observed
2025-02-18 11:00:00,20.2,0.0,60.0,7.0,observed
2025-02-18 12:00:00,21.2,0.0,66.0,10.6,observed
2025-02-18 13:00:00,21.0,0.0,65.0,12.8,observed
2025-02-18 14:00:00,23.3,0.0,57.0,6.8,observed
2025-02-18 15:00:00,22.5,0.0,64.0,12.2,observed
2025-02-18 16:00:00,22.8,0.0,63.0,6.0,observed
2025-02-18 17:00:00,21.6,0.0,66.0,3.7,observed
2025-02-18 18:00:00,20.8,0.0,59.0,6.8,observed
2025-02-18 19:00:00,19.2,0.0,67.0,21.7,observed
2025-02-18 20:00:00,17.9,0.0,70.0,13.9,observed
2025-02-18 21:00:00,16.0,0.0,73.0,12.2,observed
2025-02-18 22:00:00,12.75,0.0,85.0,10.7,observed
2025-02-18 23:00:00,13.9,0.0,74.0,19.6,observed
2025-02-19 00:00:00,10.6,0.0,94.0,12.0,observed
2025-02-19 01:00:00,10.399999999999999,0.0,94.0,10.2,imputed_gap
2025-02-19 02:00:00,10.2,0.0,94.0,8.4,observed
2025-02-19 03:00:00,9.1,0.0,96.0,10.3,observed
2025-02-19 04:00:00,9.9,0.0,98.0,6.6,observed
2025-02-19 05:00:00,11.85,0.0,88.0,11.7,observed
2025-02-19 06:00:00,10.9,0.0,91.0,20.9,observed
2025-02-19 07:00:00,12.3,0.0,82.0,4.3,observed
2025-02-19 08:00:00,14.3,0.0,80.0,5.6,imputed_gap
2025-02-19 09:00:00,16.3,0.0,78.0,6.9,observed
2025-02-19 10:00:00,17.3,0.0,61.0,6.8,observed
2025-02-19 11:00:00,19.4,0.0,65.0,8.6,observed
2025-02-19 12:00:00,20.1,0.0,71.0,17.1,observed
2025-02-19 13:00:00,21.3,0.0,64.0,16.1,imputed_gap
2025-02-19 14:00:00,22.5,0.0,57.0,15.1,observed
2025-02-19 15:00:00,21.9,0.0,56.0,16.9,observed
2025-02-19 16:00:00,22.2,0.0,68.0,8.9,observed
2025-02-19 17:00:00,21.7,0.0,64.0,9.6,observed
2025-02-19 18:00:00,20.9,0.0,67.0,13.1,observed
2025-02-19 19:00:00,18.7,0.0,61.0,5.7,observed
2025-02-19 20:00:00,17.8,0.0,80.0,10.4,observed
2025-02-19 21:00:00,16.2,0.0,70.0,7.6,observed
2025-02-19 22:00:00,14.0,0.0,80.0,15.2,observed
2025-02-19 23:00:00,13.1,0.0,87.0,5.8,observed
2025-02-20 00:00:00,12.4,0.0,81.0,4.9,observed
2025-02-20 01:00:00,11.9,0.0,79.0,5.4,observed
2025-02-20 02:00:00,11.6,0.0,91.0,13.1,observed
2025-02-20 03:00:00,11.2,0.0,80.0,7.9,observed
2025-02-20 04:00:00,11.4,0.0,95.0,12.5,observed
2025-02-20 05:00:00,14.450000000000001,0.0,78.5,5.3,observed
2025-02-20 06:00:00,13.9,0.0,67.0,17.4,observed
2025-02-20 07:00:00,17.35,0.0,73.5,7.05,observed
2025-02-20 08:00:00,17.975,0.0,74.25,6.925,imputed_gap
2025-02-20 09:00:00,18.6,0.0,75.0,6.8,observed
2025-02-20 10:00:00,20.85,0.0,65.0,9.5,imputed_gap
2025-02-20 11:00:00,23.1,0.0,55.0,12.2,observed
2025-02-20 12:00:00,24.25,0.0,57.0,14.15,observed
2025-02-20 13:00:00,24.2,0.0,55.0,10.4,observed
2025-02-20 14:00:00,23.883333333333333,0.0,53.666666666666664,10.4,imputed_gap
2025-02-20 15:00:00,23.566666666666666,0.0,52.333333333333336,10.4,imputed_gap
2025-02-20 16:00:00,23.25,0.0,51.0,10.4,observed
2025-02-20 17:00:00,24.1,0.0,57.0,13.9,observed
2025-02-20 18:00:00,20.6,0.0,57.0,10.3,observed
2025-02-20 19:00:00,20.200000000000003,0.0,60.0,9.55,imputed_gap
2025-02-20 20:00:00,19.8,0.0,63.0,8.8,observed
2025-02-20 21:00:00,18.1,0.0,68.5,7.65,imputed_gap
2025-02-20 22:00:00,16.4,0.0,74.0,6.5,observed
2025-02-20 23:00:00,14.4,0.0,75.0,11.1,observed
2025-02-21 00:00:00,14.1,0.0,79.0,7.3,observed
2025-02-21 01:00:00,12.3,0.0,87.0,6.5,observed
2025-02-21 02:00:00,11.0,0.0,91.0,10.8,observed
2025-02-21 03:00:00,12.95,0.0,80.5,12.899999999999999,observed
2025-02-21 04:00:00,11.3,0.0,86.0,5.8,observed
2025-02-21 05:00:00,13.1,0.0,78.0,13.0,observed
2025-02-21 06:00:00,14.399999999999999,0.0,77.5,10.95,imputed_gap
2025-02-21 07:00:00,15.7,0.0,77.0,8.9,observed
2025-02-21 08:00:00,19.15,0.0,72.5,11.25,observed
2025-02-21 09:00:00,18.8,0.0,63.0,10.5,observed
2025-02-21 10:00:00,19.5,0.0,56.0,14.0,observed
2025-02-21 11:00:00,21.75,0.0,60.0,18.05,imputed_gap
2025-02-21 12:00:00,24.0,0.0,64.0,22.1,observed
2025-02-21 13:00:00,23.9,0.0,59.0,13.0,observed
2025-02-21 14:00:00,25.1,0.0,63.0,6.3,observed
2025-02-21 15:00:00,24.9,0.0,51.0,12.4,observed
2025-02-21 16:00:00,25.7,0.0,49.0,13.7,observed
2025-02-21 17:00:00,24.6,0.0,54.0,11.5,observed
2025-02-21 18:00:00,22.3,0.0,61.0,8.7,observed
2025-02-21 19:00:00,22.0,0.0,56.0,14.0,observed
2025-02-21 20:00:00,20.2,0.0,52.0,13.9,observed
2025-02-21 21:00:00,18.4,0.0,69.0,5.3,observed
2025-02-21 22:00:00,14.7,0.0,75.5,12.5,observed
2025-02-21 23:00:00,15.2,0.0,70.0,3.5,observed
2025-02-22 00:00:00,14.4,0.0,70.0,9.1,observed
2025-02-22 01:00:00,13.100000000000001,0.0,77.5,7.35,imputed_gap
2025-02-22 02:00:00,11.8,0.0,85.0,5.6,observed
2025-02-22 03:00:00,10.6,0.0,96.0,15.1,observed
2025-02-22 04:00:00,12.9,0.0,85.0,5.1,observed
2025-02-22 05:00:00,14.925,0.0,78.25,8.075,imputed_gap
2025-02-22 06:00:00,16.95,0.0,71.5,11.05,observed
2025-02-22 07:00:00,15.0,0.0,76.0,10.4,observed
2025-02-22 08:00:00,17.6,0.0,73.0,5.8,observed
2025-02-22 09:00:00,19.450000000000003,0.0,69.0,7.0,imputed_gap
2025-02-22 10:00:00,21.3,0.0,65.0,8.2,observed
2025-02-22 11:00:00,22.5,0.0,60.0,5.2,observed
2025-02-22 12:00:00,24.1,0.0,57.0,8.4,observed
2025-02-22 13:00:00,24.1,0.0,52.0,3.4,observed
2025-02-22 14:00:00,24.6,0.0,58.0,10.2,observed
2025-02-22 15:00:00,25.3,0.0,54.0,4.2,observed
2025-02-22 16:00:00,25.0,0.0,54.0,14.5,observed
2025-02-22 17:00:00,25.2,0.0,57.0,9.0,observed
2025-02-22 18:00:00,20.85,0.0,59.5,11.1,observed
2025-02-22 19:00:00,23.5,0.0,50.0,8.6,observed
2025-02-22 20:00:00,18.55,0.0,65.0,11.6,observed
2025-02-22 21:00:00,17.575,0.0,65.5,8.6,imputed_gap
2025-02-22 22:00:00,16.6,0.0,66.0,5.6,observed
2025-02-22 23:00:00,15.55,0.0,73.5,7.85,imputed_gap
2025-02-23 00:00:00,14.5,0.0,81.0,10.1,observed
2025-02-23 01:00:00,12.2,0.0,80.5,9.850000000000001,observed
2025-02-23 02:00:00,11.9,0.0,82.0,5.6,observed
2025-02-23 03:00:00,12.2,0.0,85.0,7.4,observed
2025-02-23 04:00:00,12.55,0.0,85.0,6.15,imputed_gap
2025-02-23 05:00:00,12.9,0.0,85.0,4.9,observed
2025-02-23 06:00:00,13.9,0.0,68.0,23.0,observed
2025-02-23 07:00:00,15.05,0.0,77.0,8.0,observed
2025-02-23 08:00:00,16.9,0.0,80.0,9.1,observed
2025-02-23 09:00:00,18.7,0.0,69.0,10.2,observed
2025-02-23 10:00:00,20.2,0.0,67.0,13.8,observed
2025-02-23 11:00:00,23.2,0.0,54.0,11.2,observed
2025-02-23 12:00:00,23.75,0.0,56.5,12.899999999999999,imputed_gap
2025-02-23 13:00:00,24.3,0.0,59.0,14.6,observed
2025-02-23 14:00:00,25.8,0.0,54.0,11.2,observed
2025-02-23 15:00:00,25.3,0.0,49.0,16.3,observed
2025-02-23 16:00:00,24.9,0.0,50.0,6.0,observed
2025-02-23 17:00:00,25.3,0.0,53.0,12.2,observed
2025-02-23 18:00:00,24.0,0.0,53.0,12.1,observed
2025-02-23 19:00:00,21.7,0.0,57.0,11.6,observed
2025-02-23 20:00:00,21.2,0.0,67.0,6.3,observed
2025-02-23 21:00:00,19.75,0.0,59.0,6.1,observed
2025-02-23 22:00:00,16.7,0.0,70.0,4.9,observed
2025-02-23 23:00:00,15.0,0.0,79.0,5.3,observed
2025-02-24 00:00:00,15.9,0.0,65.0,6.3,observed
2025-02-24 01:00:00,14.2,0.0,79.0,21.1,observed
2025-02-24 02:00:00,14.1,0.0,70.0,8.3,observed
2025-02-24 03:00:00,13.4,0.0,74.0,11.6,observed
2025-02-24 04:00:00,15.15,0.0,73.0,12.95,observed
2025-02-24 05:00:00,13.9,0.0,78.0,7.9,observed
2025-02-24 06:00:00,15.2,0.0,83.0,11.8,observed
2025-02-24 07:00:00,16.65,0.0,81.5,12.8,imputed_gap
2025-02-24 08:00:00,18.1,0.0,80.0,13.8,observed
2025-02-24 09:00:00,20.0,0.0,65.0,10.6,observed
2025-02-24 10:00:00,21.3,0.0,51.0,9.9,observed
2025-02-24 11:00:00,23.2,0.0,71.0,12.0,observed
2025-02-24 12:00:00,25.3,0.0,43.0,13.0,observed
2025-02-24 13:00:00,25.7,0.0,55.0,11.6,observed
2025-02-24 14:00:00,26.4,0.0,50.0,11.7,observed
2025-02-24 15:00:00,26.8,0.0,46.0,11.8,observed
2025-02-24 16:00:00,26.7,0.0,52.0,7.2,observed
2025-02-24 17:00:00,25.6,0.0,54.0,9.6,imputed_gap
2025-02-24 18:00:00,24.5,0.0,56.0,12.0,observed
2025-02-24 19:00:00,23.6,0.0,49.0,20.1,observed
2025-02-24 20:00:00,21.8,0.0,57.0,11.2,observed
2025-02-24 21:00:00,21.0,0.0,57.0,10.4,observed
2025-02-24 22:00:00,18.1,0.0,74.0,7.1,observed
2025-02-24 23:00:00,15.2,0.0,79.0,8.0,observed
2025-02-25 00:00:00,15.0,0.0,76.0,7.8,observed
2025-02-25 01:00:00,13.7,0.0,78.0,20.0,observed
2025-02-25 02:00:00,13.7,0.0,72.0,5.9,observed
2025-02-25 03:00:00,12.9,0.0,75.0,9.8,observed
2025-02-25 04:00:00,12.7,0.0,82.0,15.2,observed
2025-02-25 05:00:00,12.5,0.0,81.0,8.6,observed
2025-02-25 06:00:00,14.3,0.0,74.0,8.4,observed
2025-02-25 07:00:00,16.4,0.0,72.0,12.6,observed
2025-02-25 08:00:00,17.1,0.0,74.0,3.4,observed
2025-02-25 09:00:00,19.8,0.0,65.0,7.0,observed
2025-02-25 10:00:00,21.9,0.0,58.0,10.8,observed
2025-02-25 11:00:00,23.0,0.0,65.0,12.3,observed
2025-02-25 12:00:00,23.9,0.0,54.0,10.7,observed
2025-02-25 13:00:00,25.85,0.0,48.5,6.85,observed
2025-02-25 14:00:00,26.2,0.0,50.0,14.7,observed
2025-02-25 15:00:00,26.9,0.0,59.0,7.0,observed
2025-02-25 16:00:00,26.1,0.0,58.5,8.65,imputed_gap
2025-02-25 17:00:00,25.3,0.0,58.0,10.3,observed
2025-02-25 18:00:00,24.9,0.0,54.0,9.8,observed
2025-02-25 19:00:00,22.6,0.0,62.0,7.8,observed
2025-02-25 20:00:00,20.8,0.0,62.0,10.6,observed
2025-02-25 21:00:00,19.2,0.0,76.0,9.6,observed
2025-02-25 22:00:00,17.2,0.0,69.0,10.0,observed
2025-02-25 23:00:00,15.7,0.0,77.0,6.2,observed
2025-02-26 00:00:00,12.6,0.0,78.0,20.0,observed
2025-02-26 01:00:00,11.7,0.0,92.0,4.3,observed
2025-02-26 02:00:00,10.8,0.0,90.0,6.4,observed
2025-02-26 03:00:00,11.3,0.0,88.0,9.1,observed
2025-02-26 04:00:00,11.5,0.0,87.0,12.8,observed
2025-02-26 05:00:00,11.7,0.0,89.0,10.8,observed
2025-02-26 06:00:00,13.3,0.0,88.0,11.1,observed
2025-02-26 07:00:00,14.2,0.0,70.0,8.1,observed
2025-02-26 08:00:00,15.0,0.0,77.0,11.3,observed
2025-02-26 09:00:00,18.2,0.0,64.0,12.5,observed
2025-02-26 10:00:00,19.0,0.0,73.0,8.1,observed
2025-02-26 11:00:00,20.6,0.0,60.5,6.85,imputed_gap
2025-02-26 12:00:00,22.2,0.0,48.0,5.6,observed
2025-02-26 13:00:00,23.6,0.0,60.0,9.4,observed
2025-02-26 14:00:00,24.1,0.0,59.5,7.75,imputed_gap
2025-02-26 15:00:00,24.6,0.0,59.0,6.1,observed
2025-02-26 16:00:00,24.5,0.0,53.0,11.7,observed
2025-02-26 17:00:00,21.85,0.0,64.0,8.7,observed
2025-02-26 18:00:00,22.3,0.0,67.0,9.8,observed
2025-02-26 19:00:00,18.5,0.0,70.0,6.6,observed
2025-02-26 20:00:00,17.95,0.0,70.0,8.899999999999999,imputed_gap
2025-02-26 21:00:00,17.4,0.0,70.0,11.2,observed
2025-02-26 22:00:00,15.5,0.0,74.0,8.899999999999999,imputed_gap
2025-02-26 23:00:00,13.6,0.0,78.0,6.6,observed
2025-02-27 00:00:00,12.4,0.0,86.0,11.1,observed
2025-02-27 01:00:00,10.9,0.0,97.0,8.7,observed
2025-02-27 02:00:00,9.8,0.0,86.0,7.5,observed
2025-02-27 03:00:00,9.5,0.0,92.0,13.1,observed
2025-02-27 04:00:00,10.0,0.0,88.0,8.9,observed
2025-02-27 05:00:00,10.3,0.0,82.0,10.8,observed
2025-02-27 06:00:00,12.9,0.0,82.0,6.3,observed
2025-02-27 07:00:00,13.1,0.0,82.0,5.3,observed
2025-02-27 08:00:00,14.9,0.0,72.0,19.3,observed
2025-02-27 09:00:00,16.5,0.0,76.0,11.0,observed
2025-02-27 10:00:00,17.9,0.0,74.0,16.1,observed
2025-02-27 11:00:00,19.3,0.0,63.0,16.1,observed
2025-02-27 12:00:00,21.0,0.0,68.0,9.3,observed
2025-02-27 13:00:00,22.0,0.0,51.0,11.2,observed
2025-02-27 14:00:00,23.3,0.0,62.0,9.5,observed
2025-02-27 15:00:00,23.0,0.0,48.0,6.6,observed
2025-02-27 16:00:00,23.0,0.0,56.0,14.0,observed
2025-02-27 17:00:00,22.6,0.0,56.0,16.6,observed
2025-02-27 18:00:00,21.1,0.0,53.0,5.9,observed
2025-02-27 19:00:00,20.0,0.0,65.0,12.6,observed
2025-02-27 20:00:00,17.9,0.0,68.0,9.7,observed
2025-02-27 21:00:00,17.4,0.0,74.0,11.6,observed
2025-02-27 22:00:00,14.3,0.0,75.0,16.9,observed
2025-02-27 23:00:00,12.4,0.0,79.0,9.6,observed
2025-02-28 00:00:00,11.3,0.0,88.0,5.3,observed
2025-02-28 01:00:00,10.0,0.0,90.0,20.1,observed
2025-02-28 02:00:00,9.0,0.0,86.0,12.9,observed
2025-02-28 03:00:00,10.3,0.0,100.0,17.7,observed
2025-02-28 04:00:00,9.4,0.0,98.0,9.7,observed
2025-02-28 05:00:00,9.8,0.0,87.0,6.1,observed
2025-02-28 06:00:00,10.2,0.0,86.0,6.7,observed
2025-02-28 07:00:00,12.8,0.0,83.0,13.2,observed
2025-02-28 08:00:00,14.9,0.0,75.0,10.6,observed
2025-02-28 09:00:00,16.3,0.0,67.0,9.1,observed
2025-02-28 10:00:00,17.6,0.0,69.0,7.8,observed
2025-02-28 11:00:00,19.7,0.0,72.0,11.6,observed
2025-02-28 12:00:00,19.6,0.0,66.0,16.4,observed
2025-02-28 13:00:00,22.1,0.0,65.0,13.6,observed
2025-02-28 14:00:00,22.6,0.0,59.0,8.8,observed
2025-02-28 15:00:00,23.1,0.0,63.0,10.1,observed
2025-02-28 16:00:00,23.1,0.0,58.0,16.4,observed
2025-02-28 17:00:00,22.8,0.0,68.0,3.8,observed
2025-02-28 18:00:00,21.8,0.0,57.0,12.7,observed
2025-02-28 19:00:00,18.9,0.0,68.0,9.2,observed
2025-02-28 20:00:00,17.9,0.0,70.0,9.3,observed
2025-02-28 21:00:00,16.5,0.0,69.0,11.4,observed
2025-02-28 22:00:00,13.3,0.0,90.0,10.4,observed
2025-02-28 23:00:00,12.9,0.0,82.0,11.3,observed
2025-03-01 00:00:00,14.0,0.0,86.0,16.9,observed
2025-03-01 01:00:00,12.2,0.0,89.0,12.0,observed
2025-03-01 02:00:00,12.2,0.0,80.0,14.3,observed
2025-03-01 03:00:00,12.2,0.0,94.0,7.2,observed
2025-03-01 04:00:00,11.8,0.0,88.0,15.8,observed
2025-03-01 05:00:00,13.1,0.0,74.0,18.0,observed
2025-03-01 06:00:00,13.8,0.0,85.0,14.4,observed
2025-03-01 07:00:00,14.9,0.0,77.0,5.1,observed
2025-03-01 08:00:00,17.65,0.0,77.0,11.95,observed
2025-03-01 09:00:00,17.5,0.0,73.0,9.3,observed
2025-03-01 10:00:00,20.6,0.0,65.5,13.15,observed
2025-03-01 11:00:00,20.9,0.0,60.25,10.275,imputed_gap
2025-03-01 12:00:00,21.2,0.0,55.0,7.4,observed
2025-03-01 13:00:00,21.75,0.0,55.25,7.825,imputed_gap
2025-03-01 14:00:00,22.3,0.0,55.5,8.25,observed
2025-03-01 15:00:00,22.7,0.0,58.0,15.5,observed
2025-03-01 16:00:00,22.0,0.0,61.0,7.5,observed
2025-03-01 17:00:00,21.7,0.0,62.0,11.95,imputed_gap
2025-03-01 18:00:00,21.4,0.0,63.0,16.4,observed
2025-03-01 19:00:00,21.1,0.0,64.0,6.7,observed
2025-03-01 20:00:00,17.1,0.0,74.0,11.6,observed
2025-03-01 21:00:00,18.2,0.0,71.0,9.4,observed
2025-03-01 22:00:00,17.0,0.0,70.0,15.7,observed
2025-03-01 23:00:00,15.5,0.0,69.0,10.8,observed
2025-03-02 00:00:00,15.0,0.0,74.0,9.0,observed
2025-03-02 01:00:00,13.5,0.0,83.0,10.1,observed
2025-03-02 02:00:00,12.6,0.0,77.5,14.1,observed
2025-03-02 03:00:00,13.2,0.0,72.0,11.0,observed
2025-03-02 04:00:00,12.6,0.0,83.0,5.0,observed
2025-03-02 05:00:00,12.6,0.0,78.0,22.2,observed
2025-03-02 06:00:00,15.85,0.0,74.0,8.25,observed
2025-03-02 07:00:00,15.5,0.0,78.0,4.6,observed
2025-03-02 08:00:00,17.5,0.0,73.0,3.8,observed
2025-03-02 09:00:00,18.95,0.0,66.5,8.399999999999999,imputed_gap
2025-03-02 10:00:00,20.4,0.0,60.0,13.0,observed
2025-03-02 11:00:00,19.8,0.0,67.0,12.6,observed
2025-03-02 12:00:00,20.2,0.6,80.0,9.3,observed
2025-03-02 13:00:00,19.2,2.5,80.0,12.0,observed
2025-03-02 14:00:00,21.45,1.25,64.0,11.9,imputed_gap
2025-03-02 15:00:00,23.7,0.0,48.0,11.8,observed
2025-03-02 16:00:00,22.8,0.0,58.0,12.8,observed
2025-03-02 17:00:00,22.9,0.5,58.0,14.8,observed
2025-03-02 18:00:00,21.9,0.0,55.0,10.9,observed
2025-03-02 19:00:00,20.1,0.0,64.0,17.1,observed
2025-03-02 20:00:00,19.2,0.0,67.0,12.3,observed
2025-03-02 21:00:00,18.5,0.0,65.0,19.3,observed
2025-03-02 22:00:00,17.4,0.0,75.0,14.6,observed
2025-03-02 23:00:00,15.6,0.0,76.0,12.7,observed
2025-03-03 00:00:00,13.8,0.0,76.0,18.0,observed
2025-03-03 01:00:00,13.6,0.0,85.0,13.7,observed
2025-03-03 02:00:00,12.8,0.0,79.0,19.2,observed
2025-03-03 03:00:00,12.1,0.0,85.0,15.8,observed
2025-03-03 04:00:00,13.0,0.0,75.0,9.6,observed
2025-03-03 05:00:00,13.6,0.0,79.0,11.6,observed
2025-03-03 06:00:00,14.5,0.0,84.0,14.8,observed
2025-03-03 07:00:00,14.7,0.0,79.0,6.1,observed
2025-03-03 08:00:00,16.8,0.0,71.0,12.5,observed
2025-03-03 09:00:00,18.6,0.0,75.0,12.5,observed
2025-03-03 10:00:00,19.3,0.0,68.0,8.1,observed
2025-03-03 11:00:00,21.05,1.1,74.5,13.65,observed
2025-03-03 12:00:00,22.4,0.0,60.0,6.9,observed
2025-03-03 13:00:00,22.5,0.0,53.0,5.1,observed
2025-03-03 14:00:00,22.95,0.0,59.0,5.6,imputed_gap
2025-03-03 15:00:00,23.4,0.0,65.0,6.1,observed
2025-03-03 16:00:00,23.5,0.0,56.0,9.8,observed
2025-03-03 17:00:00,19.6,8.5,83.0,10.8,observed
2025-03-03 18:00:00,21.9,0.5,61.0,13.8,observed
2025-03-03 19:00:00,20.5,0.5,68.0,13.8,observed
2025-03-03 20:00:00,19.3,0.0,69.0,10.7,observed
2025-03-03 21:00:00,15.8,0.7,86.0,12.8,observed
2025-03-03 22:00:00,16.2,0.0,71.0,14.7,observed
2025-03-03 23:00:00,15.0,0.0,77.0,15.5,observed
2025-03-04 00:00:00,14.1,0.0,77.0,13.8,observed
2025-03-04 01:00:00,13.2,0.0,80.0,11.7,observed
2025-03-04 02:00:00,13.5,0.0,83.0,10.6,observed
2025-03-04 03:00:00,12.7,0.0,81.0,13.5,observed
2025-03-04 04:00:00,13.2,0.0,88.0,12.4,observed
2025-03-04 05:00:00,13.0,0.0,78.0,15.6,observed
2025-03-04 06:00:00,14.0,0.0,79.0,7.8,observed
2025-03-04 07:00:00,15.4,0.0,68.0,10.1,observed
2025-03-04 08:00:00,16.6,0.0,83.0,19.9,observed
2025-03-04 09:00:00,18.9,0.0,75.0,7.3,observed
2025-03-04 10:00:00,19.8,0.0,60.0,13.3,observed
2025-03-04 11:00:00,21.7,0.0,62.0,8.4,observed
2025-03-04 12:00:00,22.1,0.0,66.0,19.8,observed
2025-03-04 13:00:00,23.7,0.0,58.0,12.7,observed
2025-03-04 14:00:00,23.1,0.0,63.0,9.2,observed
2025-03-04 15:00:00,23.0,0.0,60.0,11.3,observed
2025-03-04 16:00:00,23.8,0.0,47.0,10.1,observed
2025-03-04 17:00:00,23.1,0.0,60.0,10.1,observed
2025-03-04 18:00:00,23.0,0.0,59.0,16.0,observed
2025-03-04 19:00:00,21.5,0.0,65.0,4.2,observed
2025-03-04 20:00:00,20.8,0.0,64.0,9.5,observed
2025-03-04 21:00:00,18.2,0.0,64.0,20.3,observed
2025-03-04 22:00:00,15.75,0.0,70.0,9.7,observed
2025-03-04 23:00:00,14.9,0.0,74.0,8.1,observed
2025-03-05 00:00:00,15.8,0.0,73.0,13.0,observed
2025-03-05 01:00:00,14.7,0.0,77.0,11.85,imputed_gap
2025-03-05 02:00:00,13.6,0.0,81.0,10.7,observed
2025-03-05 03:00:00,14.7,0.0,86.0,4.4,observed
2025-03-05 04:00:00,15.1,0.0,77.0,8.0,observed
2025-03-05 05:00:00,14.1,0.0,74.0,5.6,observed
2025-03-05 06:00:00,15.6,0.0,84.0,11.0,observed
2025-03-05 07:00:00,17.0,0.0,79.0,9.5,observed
2025-03-05 08:00:00,18.1,0.0,62.0,8.3,observed
2025-03-05 09:00:00,19.5,0.0,58.0,20.7,observed
2025-03-05 10:00:00,23.1,0.0,57.5,10.05,observed
2025-03-05 11:00:00,23.3,0.0,56.75,12.425,imputed_gap
2025-03-05 12:00:00,23.5,0.0,56.0,14.8,observed
2025-03-05 13:00:00,24.5,0.0,54.0,14.15,imputed_gap
2025-03-05 14:00:00,25.5,0.0,52.0,13.5,observed
2025-03-05 15:00:00,23.2,1.2,67.0,7.5,observed
2025-03-05 16:00:00,22.95,1.25,71.0,6.65,imputed_gap
2025-03-05 17:00:00,22.7,1.3,75.0,5.8,observed
2025-03-05 18:00:00,22.9,0.3,66.0,4.8,observed
2025-03-05 19:00:00,20.1,16.1,75.0,5.3,observed
2025-03-05 20:00:00,21.8,0.0,61.0,16.9,observed
2025-03-05 21:00:00,17.5,1.3,90.0,5.0,observed
2025-03-05 22:00:00,16.3,12.8,80.0,5.9,observed
2025-03-05 23:00:00,17.2,0.0,69.0,5.7,observed
2025-03-06 00:00:00,13.9,0.0,78.0,13.1,observed
2025-03-06 01:00:00,14.1,0.0,77.0,13.2,observed
2025-03-06 02:00:00,12.7,0.0,77.0,9.9,observed
2025-03-06 03:00:00,13.100000000000001,0.0,85.5,11.35,observed
2025-03-06 04:00:00,12.3,0.0,87.0,9.6,observed
2025-03-06 05:00:00,13.1,0.0,88.0,11.6,observed
2025-03-06 06:00:00,13.75,0.0,81.5,11.45,imputed_gap
2025-03-06 07:00:00,14.4,0.0,75.0,11.3,observed
2025-03-06 08:00:00,16.1,0.0,79.0,6.5,observed
2025-03-06 09:00:00,17.6,0.0,65.0,17.9,observed
2025-03-06 10:00:00,19.3,0.0,63.0,12.6,observed
2025-03-06 11:00:00,20.55,0.5,62.0,9.6,observed
2025-03-06 12:00:00,21.8,0.0,56.0,5.3,observed
2025-03-06 13:00:00,23.1,0.0,57.5,17.1,observed
2025-03-06 14:00:00,23.6,0.0,58.0,10.3,observed
2025-03-06 15:00:00,23.0,0.0,57.0,7.7,observed
2025-03-06 16:00:00,22.95,0.0,53.0,10.85,imputed_gap
2025-03-06 17:00:00,22.9,0.0,49.0,14.0,observed
2025-03-06 18:00:00,21.5,0.0,64.0,14.9,observed
2025-03-06 19:00:00,17.8,5.3,92.0,3.6,observed
2025-03-06 20:00:00,19.4,0.0,67.0,9.8,observed
2025-03-06 21:00:00,17.8,0.0,69.0,7.3,observed
2025-03-06 22:00:00,16.3,0.0,72.0,17.3,observed
2025-03-06 23:00:00,15.8,0.0,77.0,11.4,observed
2025-03-07 00:00:00,13.3,0.0,83.0,9.9,observed
2025-03-07 01:00:00,13.1,0.0,93.0,12.7,observed
2025-03-07 02:00:00,12.7,0.0,91.0,7.7,observed
2025-03-07 03:00:00,11.4,0.0,86.0,16.9,observed
2025-03-07 04:00:00,11.7,0.0,86.0,11.3,observed
2025-03-07 05:00:00,12.1,0.0,77.0,9.5,observed
2025-03-07 06:00:00,12.8,0.0,85.0,11.5,observed
2025-03-07 07:00:00,15.5,0.0,67.0,11.4,observed
2025-03-07 08:00:00,15.5,0.0,78.0,11.8,observed
2025-03-07 09:00:00,20.049999999999997,0.0,59.5,8.5,observed
2025-03-07 10:00:00,19.1,0.0,60.0,11.3,observed
2025-03-07 11:00:00,20.65,0.0,66.0,11.25,observed
2025-03-07 12:00:00,21.65,0.0,60.5,9.825,imputed_gap
2025-03-07 13:00:00,22.65,0.0,55.0,8.399999999999999,observed
2025-03-07 14:00:00,22.924999999999997,0.0,53.0,13.049999999999999,imputed_gap
2025-03-07 15:00:00,23.2,0.0,51.0,17.7,observed
2025-03-07 16:00:00,22.333333333333332,0.0,54.0,15.7,imputed_gap
2025-03-07 17:00:00,21.46666666666667,0.0,57.0,13.7,imputed_gap
2025-03-07 18:00:00,20.6,0.0,60.0,11.7,observed
2025-03-07 19:00:00,20.0,0.0,66.0,15.4,observed
2025-03-07 20:00:00,18.5,0.0,73.0,8.8,observed
2025-03-07 21:00:00,17.6,0.0,71.0,9.9,observed
2025-03-07 22:00:00,16.2,0.0,71.0,5.4,observed
2025-03-07 23:00:00,14.4,0.0,79.0,9.6,observed
2025-03-08 00:00:00,14.9,0.0,79.0,7.6,observed
2025-03-08 01:00:00,14.2,0.0,82.0,6.6,observed
2025-03-08 02:00:00,13.6,0.0,73.0,10.8,observed
2025-03-08 03:00:00,12.0,0.0,80.0,10.4,observed
2025-03-08 04:00:00,13.0,0.0,80.0,12.3,observed
2025-03-08 05:00:00,14.8,0.0,80.0,17.2,observed
2025-03-08 06:00:00,14.7,0.0,73.0,6.8,observed
2025-03-08 07:00:00,16.0,0.0,75.0,8.8,observed
2025-03-08 08:00:00,17.3,0.0,65.0,9.1,observed
2025-03-08 09:00:00,19.0,0.0,65.0,6.0,observed
2025-03-08 10:00:00,20.2,0.1,61.0,6.3,observed
2025-03-08 11:00:00,20.6,0.2,54.0,12.9,observed
2025-03-08 12:00:00,22.6,0.0,62.5,15.9,observed
2025-03-08 13:00:00,23.9,0.15,63.0,12.8,observed
2025-03-08 14:00:00,22.5,0.7,72.0,8.350000000000001,observed
2025-03-08 15:00:00,23.333333333333332,0.4666666666666666,70.0,8.333333333333334,imputed_gap
2025-03-08 16:00:00,24.166666666666668,0.23333333333333328,68.0,8.316666666666668,imputed_gap
2025-03-08 17:00:00,25.0,0.0,66.0,8.3,observed
2025-03-08 18:00:00,20.75,0.0,66.5,13.350000000000001,observed
2025-03-08 19:00:00,21.5,0.0,65.0,11.3,observed
2025-03-08 20:00:00,19.8,0.0,70.0,9.3,observed
2025-03-08 21:00:00,18.8,0.0,72.0,12.100000000000001,imputed_gap
2025-03-08 22:00:00,17.8,0.0,74.0,14.9,observed
2025-03-08 23:00:00,15.9,0.0,76.0,11.6,observed
2025-03-09 00:00:00,13.0,0.0,80.0,14.7,observed
2025-03-09 01:00:00,13.3,0.0,85.0,10.0,observed
2025-03-09 02:00:00,12.65,0.0,87.5,13.95,observed
2025-03-09 03:00:00,13.0,0.0,82.0,7.3,observed
2025-03-09 04:00:00,11.9,0.0,84.0,12.3,observed
2025-03-09 05:00:00,12.9,0.0,80.5,10.5,imputed_gap
2025-03-09 06:00:00,13.9,0.0,77.0,8.7,observed
2025-03-09 07:00:00,15.8,0.0,73.0,18.5,observed
2025-03-09 08:00:00,15.8,0.0,67.0,14.9,observed
2025-03-09 09:00:00,17.0,0.0,76.0,9.0,observed
2025-03-09 10:00:00,19.3,0.0,70.0,6.1,observed
2025-03-09 11:00:00,21.450000000000003,0.0,64.0,8.45,observed
2025-03-09 12:00:00,21.8,0.0,64.0,7.5,observed
2025-03-09 13:00:00,23.0,0.0,57.0,15.8,observed
2025-03-09 14:00:00,23.15,0.0,55.0,13.4,imputed_gap
2025-03-09 15:00:00,23.3,0.0,53.0,11.0,observed
2025-03-09 16:00:00,23.6,0.0,54.0,4.1,observed
2025-03-09 17:00:00,21.7,0.0,54.0,12.4,observed
2025-03-09 18:00:00,22.7,0.0,63.0,5.1,observed
2025-03-09 19:00:00,20.3,0.0,59.0,9.9,observed
2025-03-09 20:00:00,19.4,0.0,72.0,9.4,observed
2025-03-09 21:00:00,16.8,0.0,78.0,5.3,observed
2025-03-09 22:00:00,16.25,0.0,77.0,13.0,observed
2025-03-09 23:00:00,14.45,0.0,81.0,15.799999999999999,observed
2025-03-10 00:00:00,14.6,0.0,74.0,9.9,observed
2025-03-10 01:00:00,14.8,0.0,89.0,17.9,observed
2025-03-10 02:00:00,14.25,0.0,84.5,12.35,imputed_gap
2025-03-10 03:00:00,13.7,0.0,80.0,6.8,observed
2025-03-10 04:00:00,13.6,0.0,78.0,9.8,observed
2025-03-10 05:00:00,13.9,0.0,77.0,12.1,observed
2025-03-10 06:00:00,14.8,0.0,81.0,8.1,observed
2025-03-10 07:00:00,16.0,0.0,74.0,5.4,observed
2025-03-10 08:00:00,17.2,0.0,74.0,13.0,observed
2025-03-10 09:00:00,18.8,0.0,67.0,7.8,observed
2025-03-10 10:00:00,20.5,0.0,67.0,19.7,observed
2025-03-10 11:00:00,21.4,0.0,70.0,11.9,observed
2025-03-10 12:00:00,22.4,0.0,62.0,6.0,observed
2025-03-10 13:00:00,23.3,0.0,64.0,8.4,observed
2025-03-10 14:00:00,25.3,0.0,56.0,11.7,observed
2025-03-10 15:00:00,24.2,0.0,57.0,11.1,observed
2025-03-10 16:00:00,23.1,0.0,61.0,11.4,observed
2025-03-10 17:00:00,24.0,0.0,61.0,15.3,observed
2025-03-10 18:00:00,23.3,0.0,62.0,8.6,observed
2025-03-10 19:00:00,22.1,0.0,53.0,7.0,observed
2025-03-10 20:00:00,20.6,0.0,68.0,8.3,observed
2025-03-10 21:00:00,19.8,0.0,67.0,12.7,observed
2025-03-10 22:00:00,17.9,0.0,66.0,18.5,observed
2025-03-10 23:00:00,16.1,0.0,70.0,6.7,observed
2025-03-11 00:00:00,14.2,0.0,76.0,7.5,observed
2025-03-11 01:00:00,14.0,0.0,82.5,8.4,observed
2025-03-11 02:00:00,13.4,0.0,89.0,7.1,observed
2025-03-11 03:00:00,12.2,0.0,78.0,15.8,observed
2025-03-11 04:00:00,12.4,0.0,84.0,8.3,observed
2025-03-11 05:00:00,13.7,0.0,73.0,17.6,observed
2025-03-11 06:00:00,14.6,0.0,76.0,14.5,observed
2025-03-11 07:00:00,16.0,0.0,78.0,8.8,observed
2025-03-11 08:00:00,16.9,0.0,79.0,14.4,observed
2025-03-11 09:00:00,18.9,0.0,79.0,11.7,observed
2025-03-11 10:00:00,19.5,0.0,65.0,12.6,observed
2025-03-11 11:00:00,21.0,0.0,66.0,16.1,observed
2025-03-11 12:00:00,22.1,0.0,64.0,11.4,observed
2025-03-11 13:00:00,23.0,0.0,56.0,11.3,observed
2025-03-11 14:00:00,23.4,0.0,59.0,9.9,observed
2025-03-11 15:00:00,23.9,0.0,55.0,11.2,observed
2025-03-11 16:00:00,22.1,0.0,61.5,13.0,observed
2025-03-11 17:00:00,23.1,0.0,62.0,15.4,observed
2025-03-11 18:00:00,21.9,0.0,53.0,14.1,observed
2025-03-11 19:00:00,20.799999999999997,0.0,59.0,15.75,imputed_gap
2025-03-11 20:00:00,19.7,0.0,65.0,17.4,observed
2025-03-11 21:00:00,18.0,0.0,64.0,12.4,observed
2025-03-11 22:00:00,16.6,0.0,85.0,16.4,observed
2025-03-11 23:00:00,16.5,0.0,76.0,5.1,observed
2025-03-12 00:00:00,14.1,0.0,74.0,6.4,observed
2025-03-12 01:00:00,13.4,0.0,77.0,5.6,observed
2025-03-12 02:00:00,12.2,0.0,79.0,4.6,observed
2025-03-12 03:00:00,12.2,0.0,81.5,4.6,imputed_gap
2025-03-12 04:00:00,12.2,0.0,84.0,4.6,observed
2025-03-12 05:00:00,13.1,0.0,79.0,8.3,observed
2025-03-12 06:00:00,13.2,0.0,77.0,10.9,observed
2025-03-12 07:00:00,15.0,0.0,72.0,5.7,observed
2025-03-12 08:00:00,18.9,0.0,71.5,6.5,observed
2025-03-12 09:00:00,18.9,0.0,67.0,9.2,observed
2025-03-12 10:00:00,18.8,0.0,64.0,8.7,observed
2025-03-12 11:00:00,20.450000000000003,0.0,60.0,9.149999999999999,imputed_gap
2025-03-12 12:00:00,22.1,0.0,56.0,9.6,observed
2025-03-12 13:00:00,23.0,0.0,60.0,8.9,observed
2025-03-12 14:00:00,22.9,0.0,53.0,17.3,observed
2025-03-12 15:00:00,23.9,0.0,50.0,12.4,observed
2025-03-12 16:00:00,22.9,0.0,65.0,15.7,observed
2025-03-12 17:00:00,22.7,0.0,63.0,12.2,imputed_gap
2025-03-12 18:00:00,22.5,0.0,61.0,8.7,observed
2025-03-12 19:00:00,18.75,0.0,66.5,9.55,observed
2025-03-12 20:00:00,19.0,0.0,74.0,21.1,observed
2025-03-12 21:00:00,17.46666666666667,0.0,67.0,9.5,observed
2025-03-12 22:00:00,15.933333333333334,0.0,76.0,12.9,imputed_gap
2025-03-12 23:00:00,14.4,0.0,85.0,16.3,observed
2025-03-13 00:00:00,12.8,0.0,86.0,9.4,observed
2025-03-13 01:00:00,13.5,0.0,73.0,16.3,observed
2025-03-13 02:00:00,12.3,0.0,82.0,3.3,observed
2025-03-13 03:00:00,12.4,0.0,82.0,8.5,imputed_gap
2025-03-13 04:00:00,12.5,0.0,82.0,13.7,observed
2025-03-13 05:00:00,14.0,0.0,82.0,16.1,observed
2025-03-13 06:00:00,13.7,0.0,80.0,16.0,observed
2025-03-13 07:00:00,15.4,0.0,74.0,18.8,observed
2025-03-13 08:00:00,18.6,0.0,69.5,12.55,observed
2025-03-13 09:00:00,17.0,0.0,67.0,10.7,observed
2025-03-13 10:00:00,18.8,0.0,67.0,14.1,observed
2025-03-13 11:00:00,20.3,0.0,67.5,18.8,imputed_gap
2025-03-13 12:00:00,21.8,0.0,68.0,23.5,observed
2025-03-13 13:00:00,23.1,0.3,47.0,11.5,observed
2025-03-13 14:00:00,21.7,4.6,82.0,13.9,observed
2025-03-13 15:00:00,23.0,0.0,57.0,6.7,observed
2025-03-13 16:00:00,22.049999999999997,0.25,55.0,9.95,observed
2025-03-13 17:00:00,20.0,2.1,84.0,12.6,observed
2025-03-13 18:00:00,19.0,6.3,79.0,11.2,observed
2025-03-13 19:00:00,16.6,0.0,73.0,13.3,observed
2025-03-13 20:00:00,17.5,9.5,85.0,13.1,observed
2025-03-13 21:00:00,17.1,0.0,60.0,9.6,observed
2025-03-13 22:00:00,15.850000000000001,0.0,73.0,10.75,imputed_gap
2025-03-13 23:00:00,14.6,0.0,86.0,11.9,observed
2025-03-14 00:00:00,14.7,0.0,83.0,12.9,observed
2025-03-14 01:00:00,13.25,0.0,83.0,11.350000000000001,observed
2025-03-14 02:00:00,13.4,0.0,84.0,13.8,observed
2025-03-14 03:00:00,13.4,0.0,79.0,9.4,observed
2025-03-14 04:00:00,13.65,0.0,76.5,8.1,imputed_gap
2025-03-14 05:00:00,13.9,0.0,74.0,6.8,observed
2025-03-14 06:00:00,13.8,0.0,80.0,10.9,observed
2025-03-14 07:00:00,15.2,0.0,78.0,12.8,observed
2025-03-14 08:00:00,17.3,0.0,73.0,10.1,observed
2025-03-14 09:00:00,20.0,0.0,61.5,12.45,observed
2025-03-14 10:00:00,19.6,0.0,67.0,8.4,observed
2025-03-14 11:00:00,21.4,0.0,54.0,12.4,observed
2025-03-14 12:00:00,22.45,0.0,55.0,11.350000000000001,imputed_gap
2025-03-14 13:00:00,23.5,0.0,56.0,10.3,observed
2025-03-14 14:00:00,23.65,0.0,56.0,9.65,observed
2025-03-14 15:00:00,22.8,0.0,55.0,8.9,observed
2025-03-14 16:00:00,22.7,0.0,54.0,7.6,observed
2025-03-14 17:00:00,22.25,0.0,60.5,6.5,imputed_gap
2025-03-14 18:00:00,21.8,0.0,67.0,5.4,observed
2025-03-14 19:00:00,21.8,0.0,56.0,8.7,observed
2025-03-14 20:00:00,18.6,0.0,72.0,7.8,observed
2025-03-14 21:00:00,18.0,0.0,66.0,13.2,observed
2025-03-14 22:00:00,16.6,0.0,73.0,15.6,observed
2025-03-14 23:00:00,14.6,0.0,76.0,9.8,observed
2025-03-15 00:00:00,13.6,0.0,81.0,8.5,observed
2025-03-15 01:00:00,13.0,0.0,78.0,16.7,observed
2025-03-15 02:00:00,12.95,0.0,85.0,7.1,observed
2025-03-15 03:00:00,12.0,0.0,82.0,17.2,observed
2025-03-15 04:00:00,13.1,0.0,84.0,7.8,observed
2025-03-15 05:00:00,13.45,0.0,80.5,8.3,imputed_gap
2025-03-15 06:00:00,13.8,0.0,77.0,8.8,observed
2025-03-15 07:00:00,14.9,0.0,68.0,9.1,observed
2025-03-15 08:00:00,17.3,0.0,71.0,11.6,observed
2025-03-15 09:00:00,18.2,0.0,75.0,12.6,observed
2025-03-15 10:00:00,19.1,0.0,66.0,6.8,observed
2025-03-15 11:00:00,20.7,0.0,63.0,16.1,observed
2025-03-15 12:00:00,22.4,0.0,62.0,10.6,observed
2025-03-15 13:00:00,22.0,0.0,67.0,16.1,observed
2025-03-15 14:00:00,20.2,5.6,79.0,10.0,observed
2025-03-15 15:00:00,23.6,0.1,61.0,11.6,observed
2025-03-15 16:00:00,20.4,1.7,81.0,10.6,observed
2025-03-15 17:00:00,20.9,1.1,73.0,10.0,observed
2025-03-15 18:00:00,21.9,0.0,60.0,6.7,observed
2025-03-15 19:00:00,20.9,0.0,67.0,10.9,observed
2025-03-15 20:00:00,17.3,3.6,83.0,8.8,observed
2025-03-15 21:00:00,15.6,0.6,88.0,21.9,observed
2025-03-15 22:00:00,15.0,0.0,81.0,8.9,observed
2025-03-15 23:00:00,15.2,0.0,87.0,16.2,observed
2025-03-16 00:00:00,15.8,0.0,68.0,20.0,observed
2025-03-16 01:00:00,14.375,0.0,79.0,15.45,imputed_gap
2025-03-16 02:00:00,12.95,0.0,90.0,10.9,observed
2025-03-16 03:00:00,14.3,0.0,73.0,11.5,observed
2025-03-16 04:00:00,13.8,0.0,87.0,15.3,observed
2025-03-16 05:00:00,14.8,0.0,76.0,12.1,observed
2025-03-16 06:00:00,14.8,0.0,75.0,7.5,observed
2025-03-16 07:00:00,16.5,0.0,65.0,8.2,observed
2025-03-16 08:00:00,18.5,0.0,72.0,8.8,observed
2025-03-16 09:00:00,19.0,0.0,65.0,7.4,observed
2025-03-16 10:00:00,20.6,0.0,62.0,10.0,observed
2025-03-16 11:00:00,23.25,0.0,56.5,5.75,observed
2025-03-16 12:00:00,22.9,0.0,56.0,12.3,observed
2025-03-16 13:00:00,24.3,0.0,55.0,10.6,observed
2025-03-16 14:00:00,24.55,0.0,55.0,11.8,imputed_gap
2025-03-16 15:00:00,24.8,0.0,55.0,13.0,observed
2025-03-16 16:00:00,24.8,0.0,53.0,8.8,observed
2025-03-16 17:00:00,24.200000000000003,0.0,53.0,8.7,imputed_gap
2025-03-16 18:00:00,23.6,0.0,53.0,8.6,observed
2025-03-16 19:00:00,21.6,0.0,60.0,12.4,observed
2025-03-16 20:00:00,18.75,0.0,69.5,9.3,observed
2025-03-16 21:00:00,20.3,0.0,64.0,12.0,observed
2025-03-16 22:00:00,19.1,0.0,72.0,10.9,observed
2025-03-16 23:00:00,17.25,0.0,75.5,13.15,imputed_gap
2025-03-17 00:00:00,15.4,0.0,79.0,15.4,observed
2025-03-17 01:00:00,14.0,0.0,82.5,14.7,imputed_gap
2025-03-17 02:00:00,12.6,0.0,86.0,14.0,observed
2025-03-17 03:00:00,13.5,0.0,78.0,4.5,observed
2025-03-17 04:00:00,13.9,0.0,80.0,14.7,observed
2025-03-17 05:00:00,13.9,0.0,73.0,5.0,observed
2025-03-17 06:00:00,15.6,0.0,75.0,5.8,observed
2025-03-17 07:00:00,16.9,0.0,80.0,7.8,observed
2025-03-17 08:00:00,17.2,0.0,76.0,5.0,observed
2025-03-17 09:00:00,18.3,0.0,68.0,3.8,observed
2025-03-17 10:00:00,21.45,0.0,67.0,10.350000000000001,observed
2025-03-17 11:00:00,23.05,0.0,53.0,6.55,observed
2025-03-17 12:00:00,23.2,0.0,56.0,11.8,observed
2025-03-17 13:00:00,23.866666666666667,0.0,50.666666666666664,10.233333333333334,imputed_gap
2025-03-17 14:00:00,24.53333333333333,0.0,45.333333333333336,8.666666666666666,imputed_gap
2025-03-17 15:00:00,25.2,0.0,40.0,7.1,observed
2025-03-17 16:00:00,24.0,0.0,58.0,13.1,observed
2025-03-17 17:00:00,24.2,0.0,45.0,15.9,observed
2025-03-17 18:00:00,22.6,0.0,61.0,16.6,observed
2025-03-17 19:00:00,21.1,0.0,61.0,10.0,observed
2025-03-17 20:00:00,20.0,0.0,64.0,9.6,observed
2025-03-17 21:00:00,18.9,0.0,66.0,9.4,observed
2025-03-17 22:00:00,16.8,0.0,73.0,7.0,observed
2025-03-17 23:00:00,16.5,0.0,69.0,13.5,observed
2025-03-18 00:00:00,15.35,0.0,75.5,8.899999999999999,observed
2025-03-18 01:00:00,14.9,0.0,79.0,5.2,observed
2025-03-18 02:00:00,14.8,0.0,70.0,10.45,observed
2025-03-18 03:00:00,14.8,0.0,74.0,10.825,imputed_gap
2025-03-18 04:00:00,14.8,0.0,78.0,11.2,observed
2025-03-18 05:00:00,15.450000000000001,0.0,81.5,9.0,imputed_gap
2025-03-18 06:00:00,16.1,0.0,85.0,6.8,observed
2025-03-18 07:00:00,16.5,0.0,78.0,5.5,observed
2025-03-18 08:00:00,18.9,0.0,61.0,9.2,observed
2025-03-18 09:00:00,20.4,0.0,66.0,8.8,observed
2025-03-18 10:00:00,20.7,0.0,59.0,6.7,observed
2025-03-18 11:00:00,23.4,0.0,58.0,10.4,observed
2025-03-18 12:00:00,23.7,0.0,62.0,7.3,observed
2025-03-18 13:00:00,23.6,0.0,65.0,8.3,observed
2025-03-18 14:00:00,25.7,0.0,51.0,13.5,observed
2025-03-18 15:00:00,25.5,0.0,52.0,12.2,observed
2025-03-18 16:00:00,25.7,0.0,51.0,6.3,observed
2025-03-18 17:00:00,25.3,0.0,53.0,9.8,observed
2025-03-18 18:00:00,23.7,0.0,60.0,9.1,observed
2025-03-18 19:00:00,22.75,0.0,61.0,8.2,imputed_gap
2025-03-18 20:00:00,21.8,0.0,62.0,7.3,observed
2025-03-18 21:00:00,19.5,0.0,67.0,8.4,observed
2025-03-18 22:00:00,18.2,0.0,65.0,11.6,observed
2025-03-18 23:00:00,16.5,0.0,65.0,10.0,observed
2025-03-19 00:00:00,17.1,0.0,69.0,10.6,observed
2025-03-19 01:00:00,15.4,0.0,72.0,9.5,observed
2025-03-19 02:00:00,16.0,0.0,75.0,12.6,observed
2025-03-19 03:00:00,15.3,0.0,78.0,14.8,observed
2025-03-19 04:00:00,15.8,0.0,69.0,18.1,observed
2025-03-19 05:00:00,15.6,0.0,76.0,15.6,observed
2025-03-19 06:00:00,16.7,0.0,73.0,9.2,observed
2025-03-19 07:00:00,18.3,0.0,65.0,5.4,observed
2025-03-19 08:00:00,21.4,0.0,50.5,10.4,observed
2025-03-19 09:00:00,20.2,0.0,64.0,8.8,observed
2025-03-19 10:00:00,21.5,0.0,57.0,19.3,observed
2025-03-19 11:00:00,22.5,0.0,53.5,15.8,imputed_gap
2025-03-19 12:00:00,23.5,0.0,50.0,12.3,observed
2025-03-19 13:00:00,25.5,0.0,47.0,6.3,observed
2025-03-19 14:00:00,25.6,0.0,42.0,15.5,observed
2025-03-19 15:00:00,25.5,0.0,53.0,12.4,observed
2025-03-19 16:00:00,25.4,0.0,58.0,6.9,observed
2025-03-19 17:00:00,25.5,0.0,63.0,11.3,observed
2025-03-19 18:00:00,24.1,0.0,56.0,5.8,observed
2025-03-19 19:00:00,23.2,0.0,57.0,9.8,observed
2025-03-19 20:00:00,22.6,0.0,64.0,11.6,observed
2025-03-19 21:00:00,20.0,0.0,54.0,11.5,observed
2025-03-19 22:00:00,18.8,0.0,62.0,12.0,observed
2025-03-19 23:00:00,17.0,0.0,71.0,6.7,observed
2025-03-20 00:00:00,15.8,0.0,73.0,10.6,observed
2025-03-20 01:00:00,15.6,0.0,73.0,16.1,observed
2025-03-20 02:00:00,15.4,0.0,73.0,11.3,observed
2025-03-20 03:00:00,14.2,0.0,86.0,5.7,observed
2025-03-20 04:00:00,14.3,0.0,78.0,10.1,observed
2025-03-20 05:00:00,14.4,0.0,76.0,6.5,observed
2025-03-20 06:00:00,15.1,0.0,72.0,9.8,observed
2025-03-20 07:00:00,17.3,0.0,71.0,13.3,observed
2025-03-20 08:00:00,18.6,0.0,66.0,12.9,observed
2025-03-20 09:00:00,19.5,0.0,63.0,13.6,observed
2025-03-20 10:00:00,22.75,0.0,60.5,13.55,observed
2025-03-20 11:00:00,23.0,0.0,56.0,13.0,observed
2025-03-20 12:00:00,23.7,0.0,57.0,12.0,observed
2025-03-20 13:00:00,24.35,0.0,56.5,13.85,imputed_gap
2025-03-20 14:00:00,25.0,0.0,56.0,15.7,observed
2025-03-20 15:00:00,25.2,0.0,47.0,6.3,observed
2025-03-20 16:00:00,25.1,0.0,51.0,14.5,observed
2025-03-20 17:00:00,24.2,0.0,57.0,10.8,observed
2025-03-20 18:00:00,24.1,0.0,61.0,9.6,observed
2025-03-20 19:00:00,20.75,0.0,56.5,10.8,observed
2025-03-20 20:00:00,21.3,0.0,65.0,20.3,observed
2025-03-20 21:00:00,18.7,0.0,66.0,11.8,observed
2025-03-20 22:00:00,17.85,0.0,68.0,13.100000000000001,imputed_gap
2025-03-20 23:00:00,17.0,0.0,70.0,14.4,observed
2025-03-21 00:00:00,17.2,0.0,70.0,5.5,observed
2025-03-21 01:00:00,16.3,0.0,63.0,13.4,observed
2025-03-21 02:00:00,15.5,0.0,67.0,23.3,observed
2025-03-21 03:00:00,15.2,0.0,76.0,10.7,observed
2025-03-21 04:00:00,15.3,0.0,86.0,8.8,observed
2025-03-21 05:00:00,16.4,0.0,75.0,6.1,observed
2025-03-21 06:00:00,16.2,0.0,69.5,5.9,observed
2025-03-21 07:00:00,19.0,0.0,64.0,6.6,observed
2025-03-21 08:00:00,19.3,0.0,55.0,10.7,observed
2025-03-21 09:00:00,21.0,0.0,61.0,6.3,observed
2025-03-21 10:00:00,22.0,0.0,60.0,9.0,observed
2025-03-21 11:00:00,23.0,0.0,62.0,6.8,observed
2025-03-21 12:00:00,24.5,0.0,53.0,11.3,observed
2025-03-21 13:00:00,25.4,0.0,52.0,6.7,observed
2025-03-21 14:00:00,25.9,0.0,50.0,22.0,observed
2025-03-21 15:00:00,26.5,0.0,48.0,10.3,observed
2025-03-21 16:00:00,25.8,0.0,50.0,14.1,observed
2025-03-21 17:00:00,25.0,0.0,58.0,5.4,observed
2025-03-21 18:00:00,24.7,0.0,51.0,8.2,observed
2025-03-21 19:00:00,22.6,0.0,63.0,10.7,observed
2025-03-21 20:00:00,21.8,0.0,57.0,7.8,observed
2025-03-21 21:00:00,19.3,0.0,67.5,13.1,observed
2025-03-21 22:00:00,19.1,0.0,68.0,9.6,observed
2025-03-21 23:00:00,17.7,0.0,66.0,6.3,observed
2025-03-22 00:00:00,19.2,0.0,66.0,17.5,observed
2025-03-22 01:00:00,16.8,0.0,77.0,11.6,observed
2025-03-22 02:00:00,16.7,0.0,64.0,14.9,observed
2025-03-22 03:00:00,16.7,0.0,68.0,16.4,observed
2025-03-22 04:00:00,15.8,0.0,79.0,6.0,observed
2025-03-22 05:00:00,16.3,0.0,77.0,7.8,observed
2025-03-22 06:00:00,17.2,0.0,69.0,14.8,observed
2025-03-22 07:00:00,18.8,0.0,60.0,15.3,observed
2025-03-22 08:00:00,19.4,0.0,65.0,14.0,observed
2025-03-22 09:00:00,20.0125,0.0,64.375,13.0375,imputed_gap
2025-03-22 10:00:00,20.625,0.0,63.75,12.075,imputed_gap
2025-03-22 11:00:00,21.2375,0.0,63.125,11.1125,imputed_gap
2025-03-22 12:00:00,21.85,0.0,62.5,10.15,imputed_gap
2025-03-22 13:00:00,22.4625,0.0,61.875,9.1875,imputed_gap
2025-03-22 14:00:00,23.075,0.0,61.25,8.225,imputed_gap
2025-03-22 15:00:00,23.6875,0.0,60.625,7.2625,imputed_gap
2025-03-22 16:00:00,24.3,0.0,60.0,6.3,observed
2025-03-22 17:00:00,24.75,0.0,58.5,5.65,imputed_gap
2025-03-22 18:00:00,25.2,0.0,57.0,5.0,observed
2025-03-22 19:00:00,24.4,0.0,53.5,5.75,imputed_gap
2025-03-22 20:00:00,23.6,0.0,50.0,6.5,observed
2025-03-22 21:00:00,21.4,0.0,57.0,9.8,observed
2025-03-22 22:00:00,20.6,0.0,63.0,11.9,observed
2025-03-22 23:00:00,18.7,0.0,68.0,8.9,observed
2025-03-23 00:00:00,17.5,0.0,64.0,8.3,observed
2025-03-23 01:00:00,16.3,0.0,76.0,9.4,observed
2025-03-23 02:00:00,15.5,0.0,80.0,14.5,observed
2025-03-23 03:00:00,16.1,0.0,71.0,19.8,observed
2025-03-23 04:00:00,16.5,0.0,74.0,8.6,observed
2025-03-23 05:00:00,16.2,0.0,73.0,14.8,observed
2025-03-23 06:00:00,17.8,0.0,67.0,5.4,observed
2025-03-23 07:00:00,19.1,0.0,69.0,16.4,observed
2025-03-23 08:00:00,20.5,0.0,64.0,13.1,observed
2025-03-23 09:00:00,22.1,0.0,59.0,9.9,observed
2025-03-23 10:00:00,22.6,0.0,59.0,24.0,observed
2025-03-23 11:00:00,24.5,0.0,57.0,8.9,observed
2025-03-23 12:00:00,24.5,0.0,60.0,7.3,observed
2025-03-23 13:00:00,26.1,0.0,52.0,8.9,observed
2025-03-23 14:00:00,26.7,0.0,47.0,14.0,observed
2025-03-23 15:00:00,26.549999999999997,0.0,40.0,20.1,observed
2025-03-23 16:00:00,26.4,0.0,54.0,8.1,observed
2025-03-23 17:00:00,26.3,0.0,42.0,13.7,observed
2025-03-23 18:00:00,25.8,0.0,47.0,13.4,observed
2025-03-23 19:00:00,24.0,0.0,61.0,3.8,observed
2025-03-23 20:00:00,22.4,0.0,61.0,4.4,observed
2025-03-23 21:00:00,20.6,0.0,63.0,8.7,observed
2025-03-23 22:00:00,20.0,0.0,70.0,9.3,observed
2025-03-23 23:00:00,17.7,0.0,72.0,16.9,observed
2025-03-24 00:00:00,16.6,0.0,74.0,14.8,observed
2025-03-24 01:00:00,16.7,0.0,72.0,7.2,observed
2025-03-24 02:00:00,15.5,0.0,69.0,16.6,observed
2025-03-24 03:00:00,15.8,0.0,78.0,9.5,observed
2025-03-24 04:00:00,15.8,0.0,82.0,12.5,observed
2025-03-24 05:00:00,18.0,0.0,73.5,10.4,observed
2025-03-24 06:00:00,17.0,0.0,75.0,11.9,observed
2025-03-24 07:00:00,19.0,0.0,66.0,4.1,observed
2025-03-24 08:00:00,20.25,0.0,63.5,7.85,imputed_gap
2025-03-24 09:00:00,21.5,0.0,61.0,11.6,observed
2025-03-24 10:00:00,23.2,0.0,59.0,8.8,observed
2025-03-24 11:00:00,24.7,0.0,56.0,17.3,observed
2025-03-24 12:00:00,25.8,0.0,49.0,10.6,observed
2025-03-24 13:00:00,25.9,0.0,41.0,12.5,observed
2025-03-24 14:00:00,26.7,0.2,41.0,8.7,observed
2025-03-24 15:00:00,26.9,0.0,44.0,11.5,observed
2025-03-24 16:00:00,25.1,2.1,54.0,11.3,observed
2025-03-24 17:00:00,24.5,2.5,64.0,13.3,observed
2025-03-24 18:00:00,24.6,0.0,60.0,5.9,observed
2025-03-24 19:00:00,23.4,0.0,50.0,8.2,observed
2025-03-24 20:00:00,22.4,0.0,52.0,20.1,observed
2025-03-24 21:00:00,20.8,0.0,58.0,10.6,observed
2025-03-24 22:00:00,19.3,0.0,63.0,6.4,observed
2025-03-24 23:00:00,17.1,0.0,68.0,11.9,observed
2025-03-25 00:00:00,14.5,0.0,80.0,14.3,observed
2025-03-25 01:00:00,13.8,0.0,80.5,9.5,observed
2025-03-25 02:00:00,12.5,0.0,81.0,7.2,observed
2025-03-25 03:00:00,12.5,0.0,81.0,7.699999999999999,imputed_gap
2025-03-25 04:00:00,12.5,0.0,81.0,8.2,observed
2025-03-25 05:00:00,13.7,0.0,81.0,20.0,observed
2025-03-25 06:00:00,15.5,0.0,71.0,7.6,observed
2025-03-25 07:00:00,16.6,0.0,74.0,15.8,observed
2025-03-25 08:00:00,17.2,0.0,69.0,5.6,observed
2025-03-25 09:00:00,23.1,0.0,53.0,7.6,observed
2025-03-25 10:00:00,20.4,0.0,62.0,12.6,observed
2025-03-25 11:00:00,21.9,0.0,64.0,9.3,observed
2025-03-25 12:00:00,23.15,0.0,59.0,9.65,imputed_gap
2025-03-25 13:00:00,24.4,0.0,54.0,10.0,observed
2025-03-25 14:00:00,24.1,0.0,51.5,8.7,observed
2025-03-25 15:00:00,24.5,0.0,54.0,4.2,observed
2025-03-25 16:00:00,23.6,0.0,57.0,6.2,observed
2025-03-25 17:00:00,23.05,0.0,59.0,10.399999999999999,imputed_gap
2025-03-25 18:00:00,22.5,0.0,61.0,14.6,observed
2025-03-25 19:00:00,21.6,0.0,61.0,7.1,observed
2025-03-25 20:00:00,20.5,0.0,65.0,5.2,observed
2025-03-25 21:00:00,19.3,0.0,65.0,12.8,observed
2025-03-25 22:00:00,18.5,0.0,68.0,14.0,observed
2025-03-25 23:00:00,15.8,0.0,72.0,17.5,observed
2025-03-26 00:00:00,14.7,0.0,75.0,5.0,observed
2025-03-26 01:00:00,14.7,0.0,81.0,6.7,observed
2025-03-26 02:00:00,13.7,0.0,80.0,12.4,observed
2025-03-26 03:00:00,14.8,0.0,80.5,8.600000000000001,observed
2025-03-26 04:00:00,14.7,0.0,73.0,8.3,observed
2025-03-26 05:00:00,14.1,0.0,85.0,11.7,observed
2025-03-26 06:00:00,15.25,0.0,80.5,13.7,imputed_gap
2025-03-26 07:00:00,16.4,0.0,76.0,15.7,observed
2025-03-26 08:00:00,16.5,0.0,74.0,11.9,observed
2025-03-26 09:00:00,19.7,0.0,68.0,13.7,observed
2025-03-26 10:00:00,21.1,0.0,68.0,8.9,observed
2025-03-26 11:00:00,23.2,0.0,55.0,17.4,observed
2025-03-26 12:00:00,22.7,0.0,56.0,13.9,observed
2025-03-26 13:00:00,24.5,0.0,53.0,7.2,observed
2025-03-26 14:00:00,24.8,0.0,52.0,6.4,observed
2025-03-26 15:00:00,23.200000000000003,0.0,59.5,10.35,observed
2025-03-26 16:00:00,25.3,0.0,54.0,10.4,observed
2025-03-26 17:00:00,24.7,0.0,52.333333333333336,14.3,observed
2025-03-26 18:00:00,23.266666666666666,0.0,50.666666666666664,16.8,imputed_gap
2025-03-26 19:00:00,21.833333333333332,0.0,49.0,19.3,observed
2025-03-26 20:00:00,20.4,0.0,72.0,9.0,observed
2025-03-26 21:00:00,19.4,0.0,79.0,6.4,observed
2025-03-26 22:00:00,17.4,0.0,74.0,6.3,observed
2025-03-26 23:00:00,15.1,0.0,78.0,18.0,observed
2025-03-27 00:00:00,15.7,0.0,75.0,16.8,observed
2025-03-27 01:00:00,15.5,0.0,79.0,7.7,observed
2025-03-27 02:00:00,14.4,0.0,73.0,10.9,observed
2025-03-27 03:00:00,14.0,0.0,85.0,9.0,observed
2025-03-27 04:00:00,15.6,0.0,85.0,11.2,observed
2025-03-27 05:00:00,14.8,0.0,78.0,9.2,observed
2025-03-27 06:00:00,15.5,0.0,74.0,16.7,observed
2025-03-27 07:00:00,16.8,0.0,68.0,10.3,observed
2025-03-27 08:00:00,19.7,0.0,72.0,11.4,observed
2025-03-27 09:00:00,20.5,0.0,69.0,12.7,observed
2025-03-27 10:00:00,21.6,0.0,62.0,9.5,observed
2025-03-27 11:00:00,20.3,2.5,78.0,8.7,observed
2025-03-27 12:00:00,23.5,0.0,68.0,12.5,observed
2025-03-27 13:00:00,25.9,0.0,50.0,10.5,observed
2025-03-27 14:00:00,24.0,3.5,74.0,12.3,observed
2025-03-27 15:00:00,25.8,0.3,57.0,7.2,observed
2025-03-27 16:00:00,23.9,0.8,74.0,7.4,observed
2025-03-27 17:00:00,24.7,0.0,56.0,18.0,observed
2025-03-27 18:00:00,21.4,6.4,73.0,16.3,observed
2025-03-27 19:00:00,22.3,0.0,61.0,11.9,observed
2025-03-27 20:00:00,19.4,8.5,80.0,14.8,observed
2025-03-27 21:00:00,20.0,0.0,54.0,11.4,observed
2025-03-27 22:00:00,17.9,2.2,90.0,7.8,observed
2025-03-27 23:00:00,17.4,0.0,65.0,13.8,observed
2025-03-28 00:00:00,17.7,0.0,69.0,12.2,observed
2025-03-28 01:00:00,16.1,0.0,71.0,9.9,observed
2025-03-28 02:00:00,16.5,0.0,73.0,9.2,observed
2025-03-28 03:00:00,16.9,0.0,69.5,9.45,observed
2025-03-28 04:00:00,16.5,0.0,70.0,12.2,observed
2025-03-28 05:00:00,16.2,0.0,70.0,7.1,observed
2025-03-28 06:00:00,17.2,0.0,69.5,10.45,imputed_gap
2025-03-28 07:00:00,18.2,0.0,69.0,13.8,observed
2025-03-28 08:00:00,19.7,0.0,62.0,9.4,observed
2025-03-28 09:00:00,22.4,0.0,60.0,4.3,observed
2025-03-28 10:00:00,22.9,0.0,65.0,15.7,observed
2025-03-28 11:00:00,21.7,4.0,83.0,7.4,observed
2025-03-28 12:00:00,25.1,0.0,62.0,16.6,observed
2025-03-28 13:00:00,26.3,0.0,41.0,8.8,observed
2025-03-28 14:00:00,27.1,0.0,48.0,7.3,observed
2025-03-28 15:00:00,27.2,0.0,48.0,6.0,observed
2025-03-28 16:00:00,25.9,0.0,50.0,6.1,observed
2025-03-28 17:00:00,25.4,0.0,52.0,3.4,observed
2025-03-28 18:00:00,26.5,0.0,54.0,9.6,observed
2025-03-28 19:00:00,25.1,0.0,58.5,12.1,imputed_gap
2025-03-28 20:00:00,23.7,0.0,63.0,14.6,observed
2025-03-28 21:00:00,21.4,0.0,63.0,4.4,observed
2025-03-28 22:00:00,20.6,0.0,70.0,11.9,observed
2025-03-28 23:00:00,18.3,0.0,65.0,5.6,observed
2025-03-29 00:00:00,17.1,0.0,75.0,5.2,observed
2025-03-29 01:00:00,15.5,0.0,73.0,13.5,observed
2025-03-29 02:00:00,14.9,0.0,76.0,8.1,observed
2025-03-29 03:00:00,13.5,0.0,80.0,8.9,observed
2025-03-29 04:00:00,14.9,0.0,77.0,5.0,observed
2025-03-29 05:00:00,15.0,0.0,76.0,15.6,observed
2025-03-29 06:00:00,16.1,0.0,82.0,5.7,observed
2025-03-29 07:00:00,19.25,0.0,64.5,8.1,observed
2025-03-29 08:00:00,19.625,0.0,76.0,17.4,observed
2025-03-29 09:00:00,20.0,0.0,59.0,15.2,observed
2025-03-29 10:00:00,21.25,0.0,58.5,15.7,imputed_gap
2025-03-29 11:00:00,22.5,0.0,58.0,16.2,observed
2025-03-29 12:00:00,23.9,0.0,51.0,12.2,observed
2025-03-29 13:00:00,24.0,0.0,48.0,17.0,observed
2025-03-29 14:00:00,24.2,0.0,58.0,12.2,observed
2025-03-29 15:00:00,25.2,0.0,56.0,6.0,observed
2025-03-29 16:00:00,25.7,0.0,54.0,18.1,observed
2025-03-29 17:00:00,24.6,0.0,53.0,8.6,observed
2025-03-29 18:00:00,23.8,0.0,52.0,6.5,observed
2025-03-29 19:00:00,20.85,0.0,60.0,8.2,observed
2025-03-29 20:00:00,21.4,0.0,57.0,22.9,observed
2025-03-29 21:00:00,17.9,0.0,70.0,14.0,observed
2025-03-29 22:00:00,17.5,0.0,73.5,17.3,imputed_gap
2025-03-29 23:00:00,17.1,0.0,77.0,20.6,observed
2025-03-30 00:00:00,15.975000000000001,0.0,78.5,14.75,imputed_gap
2025-03-30 01:00:00,14.85,0.0,80.0,8.9,observed
2025-03-30 02:00:00,14.4,0.0,82.0,8.5,observed
2025-03-30 03:00:00,14.3,0.0,84.0,20.8,observed
2025-03-30 04:00:00,14.8,0.0,79.0,15.5,imputed_gap
2025-03-30 05:00:00,15.3,0.0,74.0,10.2,observed
2025-03-30 06:00:00,16.3,0.0,77.0,4.2,observed
2025-03-30 07:00:00,17.1,0.0,68.0,3.8,observed
2025-03-30 08:00:00,17.8,0.0,70.0,11.7,observed
2025-03-30 09:00:00,19.8,0.0,57.0,17.1,observed
2025-03-30 10:00:00,21.5,0.0,62.0,6.5,observed
2025-03-30 11:00:00,22.7,0.0,56.0,7.9,observed
2025-03-30 12:00:00,23.9,0.0,59.0,10.1,observed
2025-03-30 13:00:00,23.299999999999997,2.45,68.0,8.8,imputed_gap
2025-03-30 14:00:00,22.7,4.9,77.0,7.5,observed
2025-03-30 15:00:00,22.1,3.6,70.0,11.8,observed
2025-03-30 16:00:00,22.4,6.7,68.0,17.15,observed
2025-03-30 17:00:00,24.9,0.0,48.0,4.2,observed
2025-03-30 18:00:00,22.0,2.2,80.0,8.7,observed
2025-03-30 19:00:00,20.15,1.4500000000000002,82.5,8.5,imputed_gap
2025-03-30 20:00:00,18.3,0.7,85.0,8.3,observed
2025-03-30 21:00:00,20.0,0.0,64.0,14.0,observed
2025-03-30 22:00:00,17.5,0.0,72.0,12.850000000000001,observed
2025-03-30 23:00:00,16.5,0.0,73.0,7.5,observed
2025-03-31 00:00:00,16.2,0.0,69.0,10.3,observed
2025-03-31 01:00:00,15.649999999999999,0.0,76.0,10.2,imputed_gap
2025-03-31 02:00:00,15.1,0.0,83.0,10.1,observed
2025-03-31 03:00:00,15.0,0.0,78.0,8.1,observed
2025-03-31 04:00:00,15.7,0.0,81.0,8.9,observed
2025-03-31 05:00:00,16.1,0.0,75.0,7.4,observed
2025-03-31 06:00:00,16.9,0.0,67.0,9.3,observed
2025-03-31 07:00:00,17.8,0.0,75.0,14.7,observed
2025-03-31 08:00:00,20.1,0.0,68.0,8.9,observed
2025-03-31 09:00:00,20.6,0.0,66.0,15.1,observed
2025-03-31 10:00:00,21.6,0.0,64.5,10.6,observed
2025-03-31 11:00:00,23.1,0.0,63.0,16.4,observed
2025-03-31 12:00:00,24.6,0.0,56.0,19.3,observed
2025-03-31 13:00:00,25.6,0.0,52.0,15.7,observed
2025-03-31 14:00:00,25.6,0.0,58.0,9.4,observed
2025-03-31 15:00:00,26.1,0.0,54.0,5.7,observed
2025-03-31 16:00:00,25.049999999999997,0.0,52.0,7.05,observed
2025-03-31 17:00:00,24.5,0.0,47.0,10.5,observed
2025-03-31 18:00:00,23.7,0.0,56.0,4.6,observed
2025-03-31 19:00:00,23.15,0.0,55.5,9.45,imputed_gap
2025-03-31 20:00:00,22.6,0.0,55.0,14.3,observed
2025-03-31 21:00:00,20.2,0.0,64.0,11.3,observed
2025-03-31 22:00:00,18.9,0.0,75.0,10.5,observed
2025-03-31 23:00:00,16.3,0.0,71.0,10.850000000000001,observed
2025-04-01 00:00:00,16.5,0.0,71.0,17.1,observed
2025-04-01 01:00:00,15.2,0.0,76.0,15.6,observed
2025-04-01 02:00:00,14.3,0.0,80.5,10.7,imputed_gap
2025-04-01 03:00:00,13.4,0.0,85.0,5.8,observed
2025-04-01 04:00:00,14.4,0.0,83.0,7.9,observed
2025-04-01 05:00:00,15.8,0.0,73.0,9.9,observed
2025-04-01 06:00:00,16.1,0.0,75.0,12.5,observed
2025-04-01 07:00:00,17.1,0.0,66.0,9.1,observed
2025-04-01 08:00:00,19.3,0.0,70.0,4.2,observed
2025-04-01 09:00:00,20.5,0.0,60.0,11.5,observed
2025-04-01 10:00:00,20.4,0.0,62.0,8.7,observed
2025-04-01 11:00:00,22.6,0.0,58.0,13.8,observed
2025-04-01 12:00:00,23.6,0.0,56.0,9.4,observed
2025-04-01 13:00:00,25.1,0.0,55.0,9.4,observed
2025-04-01 14:00:00,22.2,0.7,78.0,5.4,observed
2025-04-01 15:00:00,25.5,0.35,54.0,8.9,observed
2025-04-01 16:00:00,24.4,0.0,55.0,13.9,observed
2025-04-01 17:00:00,22.4,1.9,75.0,6.6,observed
2025-04-01 18:00:00,21.8,1.9,72.0,8.5,observed
2025-04-01 19:00:00,20.2,5.1,81.0,11.7,observed
2025-04-01 20:00:00,21.3,0.0,54.0,5.3,observed
2025-04-01 21:00:00,20.4,0.0,68.0,17.9,observed
2025-04-01 22:00:00,18.5,0.0,63.0,10.5,observed
2025-04-01 23:00:00,15.9,0.0,66.5,12.45,observed
2025-04-02 00:00:00,15.7,0.0,73.0,7.9,observed
2025-04-02 01:00:00,15.2,0.0,87.0,16.3,observed
2025-04-02 02:00:00,14.899999999999999,0.0,87.0,12.600000000000001,imputed_gap
2025-04-02 03:00:00,14.6,0.0,87.0,8.9,observed
2025-04-02 04:00:00,14.5,0.0,80.0,11.7,observed
2025-04-02 05:00:00,17.15,0.0,68.5,9.399999999999999,observed
2025-04-02 06:00:00,16.5,0.0,78.0,9.5,observed
2025-04-02 07:00:00,17.2,0.0,69.0,10.3,observed
2025-04-02 08:00:00,18.95,0.0,61.5,12.8,imputed_gap
2025-04-02 09:00:00,20.7,0.0,54.0,15.3,observed
2025-04-02 10:00:00,23.25,0.0,63.5,14.350000000000001,observed
2025-04-02 11:00:00,23.1,0.0,66.0,7.7,observed
2025-04-02 12:00:00,24.3,0.0,43.0,4.5,observed
2025-04-02 13:00:00,25.0,0.0,50.5,8.5,imputed_gap
2025-04-02 14:00:00,25.7,0.0,58.0,12.5,observed
2025-04-02 15:00:00,26.2,0.0,51.0,11.1,observed
2025-04-02 16:00:00,25.3,0.0,52.0,14.2,observed
2025-04-02 17:00:00,22.700000000000003,2.55,67.0,5.25,observed
2025-04-02 18:00:00,22.5,4.4,80.0,10.4,observed
2025-04-02 19:00:00,22.0,0.0,54.0,11.8,observed
2025-04-02 20:00:00,21.2,0.0,59.5,11.100000000000001,imputed_gap
2025-04-02 21:00:00,20.4,0.0,65.0,10.4,observed
2025-04-02 22:00:00,19.0,0.0,64.0,10.8,observed
2025-04-02 23:00:00,17.3,0.0,71.0,9.4,observed
2025-04-03 00:00:00,14.850000000000001,0.0,79.0,10.4,imputed_gap
2025-04-03 01:00:00,12.4,0.0,87.0,11.4,observed
2025-04-03 02:00:00,11.8,0.0,88.0,15.5,observed
2025-04-03 03:00:00,12.0,0.0,80.0,7.4,observed
2025-04-03 04:00:00,10.9,0.0,88.0,11.9,observed
2025-04-03 05:00:00,12.4,0.0,87.0,5.1,observed
2025-04-03 06:00:00,12.5,0.0,84.0,11.2,observed
2025-04-03 07:00:00,13.5,0.0,71.0,5.9,observed
2025-04-03 08:00:00,18.25,0.0,66.0,9.75,observed
2025-04-03 09:00:00,16.7,0.0,67.0,5.4,observed
2025-04-03 10:00:00,19.2,0.0,63.0,10.0,observed
2025-04-03 11:00:00,23.1,0.0,48.0,16.6,observed
2025-04-03 12:00:00,20.5,0.0,58.0,10.8,observed
2025-04-03 13:00:00,21.3,0.0,66.0,7.2,observed
2025-04-03 14:00:00,22.200000000000003,0.0,61.5,8.2,imputed_gap
2025-04-03 15:00:00,23.1,0.0,57.0,9.2,observed
2025-04-03 16:00:00,22.8,0.0,59.0,7.7,observed
2025-04-03 17:00:00,22.3,0.0,69.0,11.5,observed
2025-04-03 18:00:00,19.15,0.0,61.5,9.35,observed
2025-04-03 19:00:00,20.4,0.0,56.0,13.2,observed
2025-04-03 20:00:00,18.8,0.0,77.0,10.5,observed
2025-04-03 21:00:00,17.05,0.0,79.0,11.85,imputed_gap
2025-04-03 22:00:00,15.3,0.0,81.0,13.2,observed
2025-04-03 23:00:00,15.1,0.0,83.0,7.0,observed
2025-04-04 00:00:00,14.6,0.0,75.0,18.9,observed
2025-04-04 01:00:00,13.9,0.0,80.0,19.3,observed
2025-04-04 02:00:00,13.1,0.0,75.0,10.9,observed
2025-04-04 03:00:00,13.0,0.0,81.0,10.0,observed
2025-04-04 04:00:00,13.3,0.0,87.0,10.8,observed
2025-04-04 05:00:00,13.3,0.0,80.0,9.1,observed
2025-04-04 06:00:00,16.2,0.0,70.5,8.55,observed
2025-04-04 07:00:00,15.0,0.0,68.0,6.8,observed
2025-04-04 08:00:00,16.0,0.0,74.0,20.1,observed
2025-04-04 09:00:00,18.05,0.0,67.5,16.3,imputed_gap
2025-04-04 10:00:00,20.1,0.0,61.0,12.5,observed
2025-04-04 11:00:00,22.65,0.0,54.0,9.65,observed
2025-04-04 12:00:00,21.65,0.0,60.0,11.2,observed
2025-04-04 13:00:00,22.6,0.0,54.0,8.3,observed
2025-04-04 14:00:00,23.5,0.0,60.0,14.6,observed
2025-04-04 15:00:00,22.7,0.0,52.0,17.4,observed
2025-04-04 16:00:00,23.7,0.0,62.0,13.2,observed
2025-04-04 17:00:00,23.25,0.0,62.5,13.2,imputed_gap
2025-04-04 18:00:00,22.8,0.0,63.0,13.2,observed
2025-04-04 19:00:00,21.0,0.0,64.0,18.7,observed
2025-04-04 20:00:00,17.7,0.0,77.5,12.3,observed
2025-04-04 21:00:00,18.1,0.0,69.0,6.3,observed
2025-04-04 22:00:00,16.8,0.0,72.0,16.0,observed
2025-04-04 23:00:00,11.2,0.0,77.0,9.9,observed
2025-04-05 00:00:00,13.0,0.0,81.0,14.3,observed
2025-04-05 01:00:00,11.7,0.0,92.0,7.3,observed
2025-04-05 02:00:00,11.399999999999999,0.0,84.0,7.25,imputed_gap
2025-04-05 03:00:00,11.1,0.0,76.0,7.2,observed
2025-04-05 04:00:00,11.2,0.0,88.0,18.2,observed
2025-04-05 05:00:00,12.9,0.0,87.0,10.3,observed
2025-04-05 06:00:00,13.7,0.0,78.0,3.9,observed
2025-04-05 07:00:00,13.6,0.0,85.0,13.3,observed
2025-04-05 08:00:00,14.8,0.0,79.0,10.1,observed
2025-04-05 09:00:00,17.5,0.0,76.0,12.5,observed
2025-04-05 10:00:00,18.5,0.0,62.0,15.6,observed
2025-04-05 11:00:00,21.4,0.0,57.0,7.2,observed
2025-04-05 12:00:00,20.9,0.0,68.0,6.7,observed
2025-04-05 13:00:00,21.4,0.0,64.0,19.4,observed
2025-04-05 14:00:00,22.35,0.0,58.5,15.1,imputed_gap
2025-04-05 15:00:00,23.3,0.0,53.0,10.8,observed
2025-04-05 16:00:00,22.1,0.0,68.0,11.4,observed
2025-04-05 17:00:00,23.3,0.0,57.0,7.6,observed
2025-04-05 18:00:00,20.9,0.0,60.0,14.2,observed
2025-04-05 19:00:00,19.0,0.0,69.0,9.4,observed
2025-04-05 20:00:00,18.6,0.0,57.0,25.4,observed
2025-04-05 21:00:00,17.3,0.0,66.0,9.9,observed
2025-04-05 22:00:00,13.1,0.0,77.5,11.0,observed
2025-04-05 23:00:00,12.350000000000001,0.0,85.0,9.65,observed
2025-04-06 00:00:00,12.1,0.0,90.0,17.2,observed
2025-04-06 01:00:00,11.533333333333333,0.0,88.33333333333333,13.566666666666666,imputed_gap
2025-04-06 02:00:00,10.966666666666667,0.0,86.66666666666667,9.933333333333334,imputed_gap
2025-04-06 03:00:00,10.4,0.0,85.0,6.3,observed
2025-04-06 04:00:00,10.6,0.0,83.0,13.2,observed
2025-04-06 05:00:00,11.2,0.0,84.0,13.2,observed
2025-04-06 06:00:00,12.2,0.0,82.0,10.4,observed
2025-04-06 07:00:00,12.7,0.0,83.0,23.6,observed
2025-04-06 08:00:00,14.6,0.0,84.0,9.7,observed
2025-04-06 09:00:00,16.1,0.0,86.0,10.1,observed
2025-04-06 10:00:00,19.35,0.0,70.5,6.8999999999999995,observed
2025-04-06 11:00:00,20.15,0.0,69.0,7.7,observed
2025-04-06 12:00:00,19.3,0.0,69.0,6.0,observed
2025-04-06 13:00:00,19.9,0.0,68.33333333333333,6.8999999999999995,imputed_gap
2025-04-06 14:00:00,20.5,0.0,67.66666666666667,7.8,imputed_gap
2025-04-06 15:00:00,21.1,0.0,67.0,8.7,observed
2025-04-06 16:00:00,21.7,0.0,66.0,4.5,observed
2025-04-06 17:00:00,20.7,0.0,67.0,14.7,observed
2025-04-06 18:00:00,19.3,0.0,77.0,6.1,observed
2025-04-06 19:00:00,18.8,0.0,68.0,15.9,observed
2025-04-06 20:00:00,17.2,0.0,80.0,6.8,observed
2025-04-06 21:00:00,16.0,0.0,76.0,12.0,observed
2025-04-06 22:00:00,14.2,0.0,76.0,8.3,observed
2025-04-06 23:00:00,13.3,0.0,80.0,9.5,observed
2025-04-07 00:00:00,13.4,0.0,77.0,9.1,observed
2025-04-07 01:00:00,11.9,0.0,84.0,7.7,observed
2025-04-07 02:00:00,11.0,0.0,89.0,10.2,observed
2025-04-07 03:00:00,11.4,0.0,86.0,10.8,observed
2025-04-07 04:00:00,10.8,0.0,87.0,10.4,observed
2025-04-07 05:00:00,11.9,0.0,90.0,9.0,observed
2025-04-07 06:00:00,15.2,0.0,75.5,13.100000000000001,observed
2025-04-07 07:00:00,15.6,0.0,73.5,11.100000000000001,observed
2025-04-07 08:00:00,14.8,0.0,74.0,5.4,observed
2025-04-07 09:00:00,16.275,0.0,71.75,6.5,imputed_gap
2025-04-07 10:00:00,17.75,0.0,69.5,7.6000000000000005,imputed_gap
2025-04-07 11:00:00,19.225,0.0,67.25,8.700000000000001,imputed_gap
2025-04-07 12:00:00,20.7,0.0,65.0,9.8,observed
2025-04-07 13:00:00,21.2,0.0,60.0,7.9,observed
2025-04-07 14:00:00,23.1,0.0,52.0,16.6,observed
2025-04-07 15:00:00,22.8,0.0,53.0,9.3,observed
2025-04-07 16:00:00,22.0,0.0,52.0,18.1,observed
2025-04-07 17:00:00,20.9,0.0,65.0,9.1,observed
2025-04-07 18:00:00,20.3,0.0,64.0,13.4,observed
2025-04-07 19:00:00,18.1,0.0,67.0,15.0,observed
2025-04-07 20:00:00,18.0,0.0,69.0,13.1,observed
2025-04-07 21:00:00,15.350000000000001,0.0,72.5,7.5,observed
2025-04-07 22:00:00,15.3,0.0,80.0,8.7,observed
2025-04-07 23:00:00,15.0,0.0,82.0,11.5,observed
2025-04-08 00:00:00,13.7,0.0,82.0,11.4,imputed_gap
2025-04-08 01:00:00,12.4,0.0,82.0,11.3,observed
2025-04-08 02:00:00,12.1,0.0,83.0,12.4,observed
2025-04-08 03:00:00,11.1,0.0,87.0,11.7,observed
2025-04-08 04:00:00,11.5,0.0,93.0,13.7,observed
2025-04-08 05:00:00,12.8,0.0,78.0,11.4,observed
2025-04-08 06:00:00,13.3,0.0,79.0,11.8,observed
2025-04-08 07:00:00,13.5,0.0,72.0,7.9,observed
2025-04-08 08:00:00,15.3,0.0,77.0,12.8,observed
2025-04-08 09:00:00,16.5,0.0,74.0,17.1,observed
2025-04-08 10:00:00,18.1,0.0,69.0,5.2,observed
2025-04-08 11:00:00,20.3,0.0,67.0,19.1,observed
2025-04-08 12:00:00,20.5,0.0,67.0,13.5,observed
2025-04-08 13:00:00,22.1,0.0,61.0,9.9,observed
2025-04-08 14:00:00,22.7,0.0,60.0,14.9,observed
2025-04-08 15:00:00,22.2,0.0,53.0,10.3,observed
2025-04-08 16:00:00,17.7,1.4,87.0,8.9,observed
2025-04-08 17:00:00,21.6,0.0,58.0,8.4,observed
2025-04-08 18:00:00,18.1,3.0,82.0,7.6,observed
2025-04-08 19:00:00,17.950000000000003,1.5,73.5,8.95,imputed_gap
2025-04-08 20:00:00,17.8,0.0,65.0,10.3,observed
2025-04-08 21:00:00,16.85,0.0,71.0,9.600000000000001,imputed_gap
2025-04-08 22:00:00,15.9,0.0,77.0,8.9,observed
2025-04-08 23:00:00,14.2,0.0,77.0,9.4,observed
2025-04-09 00:00:00,14.9,0.0,77.0,6.3,observed
2025-04-09 01:00:00,13.3,0.0,72.0,8.1,observed
2025-04-09 02:00:00,12.0,0.0,83.0,12.3,observed
2025-04-09 03:00:00,12.5,0.0,84.0,8.7,observed
2025-04-09 04:00:00,12.1,0.0,83.0,19.3,observed
2025-04-09 05:00:00,13.2,0.0,86.0,13.5,observed
2025-04-09 06:00:00,13.6,0.0,85.0,10.1,observed
2025-04-09 07:00:00,15.5,0.0,78.0,6.4,observed
2025-04-09 08:00:00,15.6,0.0,67.0,9.7,observed
2025-04-09 09:00:00,18.8,0.0,67.5,17.3,observed
2025-04-09 10:00:00,17.6,0.0,65.25,12.2,observed
2025-04-09 11:00:00,19.9,0.0,63.0,12.1,observed
2025-04-09 12:00:00,20.85,0.0,64.0,11.05,imputed_gap
2025-04-09 13:00:00,21.8,0.0,65.0,10.0,observed
2025-04-09 14:00:00,22.7,0.0,54.0,8.1,observed
2025-04-09 15:00:00,23.4,0.0,59.0,11.3,observed
2025-04-09 16:00:00,22.9,0.0,49.0,5.3,observed
2025-04-09 17:00:00,22.1,0.0,57.0,16.0,observed
2025-04-09 18:00:00,21.4,0.0,57.0,13.2,observed
2025-04-09 19:00:00,20.2,0.0,66.0,15.1,observed
2025-04-09 20:00:00,19.3,0.0,71.0,10.4,observed
2025-04-09 21:00:00,18.0,0.0,65.0,14.3,observed
2025-04-09 22:00:00,17.3,0.0,66.0,5.8,observed
2025-04-09 23:00:00,15.0,0.0,86.0,13.2,observed
2025-04-10 00:00:00,12.9,0.0,89.0,4.6,observed
2025-04-10 01:00:00,10.7,0.0,90.0,9.2,observed
2025-04-10 02:00:00,10.3,0.0,93.0,12.3,observed
2025-04-10 03:00:00,10.4,0.0,87.0,8.4,observed
2025-04-10 04:00:00,10.5,0.0,84.0,5.4,observed
2025-04-10 05:00:00,10.1,0.0,84.0,7.5,observed
2025-04-10 06:00:00,12.3,0.0,89.0,4.0,observed
2025-04-10 07:00:00,12.5,0.0,88.0,10.7,observed
2025-04-10 08:00:00,13.8,0.0,77.0,12.2,observed
2025-04-10 09:00:00,16.7,0.0,74.0,4.7,observed
2025-04-10 10:00:00,15.9,0.0,73.0,9.9,observed
2025-04-10 11:00:00,17.5,0.0,72.0,4.6,observed
2025-04-10 12:00:00,19.6,0.0,62.0,14.4,observed
2025-04-10 13:00:00,19.3,0.0,69.0,9.8,observed
2025-04-10 14:00:00,21.4,0.0,58.0,6.1,observed
2025-04-10 15:00:00,21.6,0.0,57.0,22.9,observed
2025-04-10 16:00:00,22.3,0.0,60.0,5.0,observed
2025-04-10 17:00:00,20.2,0.0,56.0,13.9,observed
2025-04-10 18:00:00,19.7,0.0,64.0,9.9,observed
2025-04-10 19:00:00,18.3,0.0,65.0,19.1,observed
2025-04-10 20:00:00,15.7,0.0,77.0,9.7,observed
2025-04-10 21:00:00,15.6,0.0,76.0,5.9,observed
2025-04-10 22:00:00,14.9,0.0,84.0,8.4,observed
2025-04-10 23:00:00,13.0,0.0,84.5,8.75,imputed_gap
2025-04-11 00:00:00,11.1,0.0,85.0,9.1,observed
2025-04-11 01:00:00,11.2,0.0,89.0,11.1,observed
2025-04-11 02:00:00,10.8,0.0,93.0,8.5,observed
2025-04-11 03:00:00,9.9,0.0,90.0,7.3,observed
2025-04-11 04:00:00,10.8,0.0,82.0,7.5,observed
2025-04-11 05:00:00,11.8,0.0,88.0,4.5,observed
2025-04-11 06:00:00,12.5,0.0,84.0,19.6,observed
2025-04-11 07:00:00,13.3,0.0,84.0,18.7,observed
2025-04-11 08:00:00,14.8,0.0,74.0,11.1,observed
2025-04-11 09:00:00,15.4,0.0,78.0,7.0,observed
2025-04-11 10:00:00,16.9,0.0,71.0,4.9,observed
2025-04-11 11:00:00,19.0,0.0,63.0,7.0,observed
2025-04-11 12:00:00,19.9,0.0,63.0,6.0,observed
2025-04-11 13:00:00,21.1,0.0,63.0,9.0,observed
2025-04-11 14:00:00,20.9,0.0,62.0,6.9,observed
2025-04-11 15:00:00,22.1,0.0,60.0,8.3,observed
2025-04-11 16:00:00,19.45,0.0,68.5,8.45,observed
2025-04-11 17:00:00,20.3,0.0,56.0,10.2,observed
2025-04-11 18:00:00,17.95,0.0,73.0,11.100000000000001,observed
2025-04-11 19:00:00,17.325,0.0,73.0,9.350000000000001,imputed_gap
2025-04-11 20:00:00,16.7,0.0,73.0,7.6,observed
2025-04-11 21:00:00,15.274999999999999,0.0,77.25,7.85,imputed_gap
2025-04-11 22:00:00,13.85,0.0,81.5,8.1,observed
2025-04-11 23:00:00,13.3,0.0,82.25,14.9,observed
2025-04-12 00:00:00,14.5,0.0,83.0,14.6,observed
2025-04-12 01:00:00,12.8,0.0,83.0,17.5,observed
2025-04-12 02:00:00,12.6,0.0,90.0,15.0,observed
2025-04-12 03:00:00,13.1,0.0,78.0,13.8,observed
2025-04-12 04:00:00,13.1,0.0,81.0,11.100000000000001,imputed_gap
2025-04-12 05:00:00,13.1,0.0,84.0,8.4,observed
2025-04-12 06:00:00,16.35,0.0,71.0,10.25,observed
2025-04-12 07:00:00,15.3,0.0,77.0,12.8,observed
2025-04-12 08:00:00,17.8,0.0,73.0,8.5,observed
2025-04-12 09:00:00,18.5,0.0,70.5,10.6,imputed_gap
2025-04-12 10:00:00,19.2,0.0,68.0,12.7,observed
2025-04-12 11:00:00,21.7,0.0,65.0,4.9,observed
2025-04-12 12:00:00,22.4,0.0,60.0,5.6,observed
2025-04-12 13:00:00,23.2,0.0,61.0,12.4,observed
2025-04-12 14:00:00,23.1,0.0,61.0,15.0,observed
2025-04-12 15:00:00,24.3,0.0,63.0,14.3,observed
2025-04-12 16:00:00,22.8,0.0,56.0,5.2,observed
2025-04-12 17:00:00,22.5,0.0,51.0,4.8,observed
2025-04-12 18:00:00,22.7,0.0,55.0,4.9,observed
2025-04-12 19:00:00,21.2,0.0,60.0,3.6,observed
2025-04-12 20:00:00,20.4,0.0,62.0,6.6,observed
2025-04-12 21:00:00,18.2,0.0,63.0,9.9,observed
2025-04-12 22:00:00,17.1,0.0,69.0,10.8,observed
2025-04-12 23:00:00,16.4,0.0,68.0,11.5,observed
2025-04-13 00:00:00,14.8,0.0,86.0,6.7,observed
2025-04-13 01:00:00,13.1,0.0,83.0,10.5,observed
2025-04-13 02:00:00,13.8,0.0,87.0,14.0,observed
2025-04-13 03:00:00,13.9,0.0,84.0,9.4,observed
2025-04-13 04:00:00,13.9,0.0,80.5,12.15,imputed_gap
2025-04-13 05:00:00,13.9,0.0,77.0,14.9,observed
2025-04-13 06:00:00,14.0,0.0,74.0,8.2,observed
2025-04-13 07:00:00,16.3,0.0,74.0,4.9,observed
2025-04-13 08:00:00,16.5,0.0,78.0,6.0,observed
2025-04-13 09:00:00,17.7,0.0,76.0,7.7,observed
2025-04-13 10:00:00,20.1,0.0,65.0,14.2,observed
2025-04-13 11:00:00,21.6,0.0,49.0,11.1,observed
2025-04-13 12:00:00,21.9,0.0,54.0,9.4,observed
2025-04-13 13:00:00,23.4,0.0,55.0,13.3,observed
2025-04-13 14:00:00,23.2,0.0,58.0,9.3,observed
2025-04-13 15:00:00,24.6,0.1,45.0,9.6,observed
2025-04-13 16:00:00,21.2,0.9,82.0,13.1,observed
2025-04-13 17:00:00,24.1,0.2,50.0,13.1,observed
2025-04-13 18:00:00,21.6,0.0,62.0,9.4,observed
2025-04-13 19:00:00,21.2,0.3,68.0,10.6,observed
2025-04-13 20:00:00,20.0,0.0,65.0,5.2,observed
2025-04-13 21:00:00,13.9,0.0,71.5,6.4,observed
2025-04-13 22:00:00,15.3,0.05,75.5,7.75,observed
2025-04-13 23:00:00,15.2,0.0,75.0,17.3,observed
2025-04-14 00:00:00,14.4,0.0,78.16666666666667,13.616666666666667,imputed_gap
2025-04-14 01:00:00,13.6,0.0,81.33333333333333,9.933333333333334,imputed_gap
2025-04-14 02:00:00,12.8,0.0,84.5,6.25,observed
2025-04-14 03:00:00,12.2,0.0,82.0,5.6,observed
2025-04-14 04:00:00,12.2,0.0,98.0,5.7,observed
2025-04-14 05:00:00,13.774999999999999,0.0,86.5,5.6,imputed_gap
2025-04-14 06:00:00,15.35,0.0,75.0,5.5,observed
2025-04-14 07:00:00,17.6,0.0,72.0,10.8,observed
2025-04-14 08:00:00,16.6,0.0,64.0,8.6,observed
2025-04-14 09:00:00,17.900000000000002,0.06666666666666668,63.0,9.366666666666667,imputed_gap
2025-04-14 10:00:00,19.2,0.13333333333333336,62.0,10.133333333333333,imputed_gap
2025-04-14 11:00:00,20.5,0.2,61.0,10.9,observed
2025-04-14 12:00:00,21.3,0.0,70.0,16.9,observed
2025-04-14 13:00:00,20.7,0.6,78.0,18.0,observed
2025-04-14 14:00:00,20.4,0.9,79.0,8.9,observed
2025-04-14 15:00:00,21.4,0.85,65.0,14.45,observed
2025-04-14 16:00:00,21.4,3.2,84.0,4.6,observed
2025-04-14 17:00:00,22.9,0.0,63.0,7.7,observed
2025-04-14 18:00:00,21.95,0.0,65.0,6.5,imputed_gap
2025-04-14 19:00:00,21.0,0.0,67.0,5.3,observed
2025-04-14 20:00:00,17.7,1.1,86.0,16.2,observed
2025-04-14 21:00:00,15.7,3.9,88.0,10.7,observed
2025-04-14 22:00:00,15.7,0.0,72.0,13.8,observed
2025-04-14 23:00:00,15.0,0.0,86.0,4.0,observed
2025-04-15 00:00:00,14.4,0.0,75.0,11.0,observed
2025-04-15 01:00:00,13.8,0.0,78.0,12.5,observed
2025-04-15 02:00:00,12.8,0.0,78.0,10.6,observed
2025-04-15 03:00:00,13.0,0.0,82.0,11.3,observed
2025-04-15 04:00:00,12.7,0.0,83.0,15.3,observed
2025-04-15 05:00:00,15.35,0.0,73.0,8.25,observed
2025-04-15 06:00:00,15.3,0.0,71.0,7.5,observed
2025-04-15 07:00:00,15.2,0.0,74.0,12.6,observed
2025-04-15 08:00:00,17.049999999999997,0.0,70.0,13.7,imputed_gap
2025-04-15 09:00:00,18.9,0.0,66.0,14.8,observed
2025-04-15 10:00:00,20.8,0.0,61.0,17.3,observed
2025-04-15 11:00:00,19.3,4.4,75.0,18.1,observed
2025-04-15 12:00:00,23.4,0.0,58.0,8.6,observed
2025-04-15 13:00:00,24.0,0.0,52.0,11.3,observed
2025-04-15 14:00:00,24.2,0.1,58.0,20.1,observed
2025-04-15 15:00:00,21.9,0.45,68.0,9.0,observed
2025-04-15 16:00:00,24.5,0.0,53.0,7.5,observed
2025-04-15 17:00:00,21.7,2.2,80.0,10.4,observed
2025-04-15 18:00:00,20.724999999999998,1.1,74.0,11.95,imputed_gap
2025-04-15 19:00:00,19.75,0.0,68.0,13.5,observed
2025-04-15 20:00:00,18.25,0.0,71.0,5.65,observed
2025-04-15 21:00:00,17.950000000000003,0.0,74.0,11.7,observed
2025-04-15 22:00:00,17.233333333333334,0.0,71.66666666666667,15.299999999999999,imputed_gap
2025-04-15 23:00:00,16.51666666666667,0.0,69.33333333333333,18.9,imputed_gap
2025-04-16 00:00:00,15.8,0.0,67.0,22.5,observed
2025-04-16 01:00:00,13.3,0.0,82.0,6.5,observed
2025-04-16 02:00:00,13.3,0.0,82.0,17.4,observed
2025-04-16 03:00:00,12.9,0.0,78.0,10.4,observed
2025-04-16 04:00:00,13.6,0.0,88.0,15.0,observed
2025-04-16 05:00:00,14.5,0.0,85.0,10.0,observed
2025-04-16 06:00:00,14.2,0.0,87.0,17.0,observed
2025-04-16 07:00:00,15.4,0.0,84.0,6.9,observed
2025-04-16 08:00:00,17.2,0.0,81.0,16.9,observed
2025-04-16 09:00:00,20.5,0.0,65.0,8.6,observed
2025-04-16 10:00:00,20.1,0.0,64.0,11.2,observed
2025-04-16 11:00:00,21.7,0.0,66.0,13.9,observed
2025-04-16 12:00:00,22.15,0.0,64.5,10.4,imputed_gap
2025-04-16 13:00:00,22.6,0.0,63.0,6.9,observed
2025-04-16 14:00:00,23.4,0.0,65.0,10.8,observed
2025-04-16 15:00:00,24.3,0.0,57.0,14.1,observed
2025-04-16 16:00:00,23.6,0.0,52.0,5.0,observed
2025-04-16 17:00:00,23.1,0.0,52.0,15.0,observed
2025-04-16 18:00:00,22.6,0.0,57.0,5.5,observed
2025-04-16 19:00:00,19.4,0.0,66.0,7.3,imputed_gap
2025-04-16 20:00:00,16.2,0.0,75.0,9.1,observed
2025-04-16 21:00:00,19.0,0.0,71.0,9.8,observed
2025-04-16 22:00:00,17.0,0.0,72.0,18.4,observed
2025-04-16 23:00:00,15.75,0.0,74.5,15.149999999999999,imputed_gap
2025-04-17 00:00:00,14.5,0.0,77.0,11.9,observed
2025-04-17 01:00:00,15.7,0.0,71.0,14.0,observed
2025-04-17 02:00:00,14.2,0.0,79.0,14.9,observed
2025-04-17 03:00:00,14.8,0.0,73.5,12.45,observed
2025-04-17 04:00:00,13.7,0.0,81.0,16.5,observed
2025-04-17 05:00:00,14.9,0.0,74.0,10.1,observed
2025-04-17 06:00:00,15.85,0.0,72.5,12.45,imputed_gap
2025-04-17 07:00:00,16.8,0.0,71.0,14.8,observed
2025-04-17 08:00:00,17.9,0.0,66.0,15.6,observed
2025-04-17 09:00:00,20.3,0.0,65.0,8.9,observed
2025-04-17 10:00:00,20.3,0.0,73.0,4.8,observed
2025-04-17 11:00:00,22.7,0.0,52.0,12.4,observed
2025-04-17 12:00:00,23.6,0.0,56.0,13.4,observed
2025-04-17 13:00:00,23.9,0.0,57.0,14.8,observed
2025-04-17 14:00:00,24.5,0.0,63.0,7.7,observed
2025-04-17 15:00:00,24.9,0.0,65.0,9.7,observed
2025-04-17 16:00:00,25.0,0.0,54.0,12.5,observed
2025-04-17 17:00:00,24.7,0.0,57.0,8.5,observed
2025-04-17 18:00:00,23.8,0.0,60.0,8.6,observed
2025-04-17 19:00:00,22.1,0.0,64.0,10.9,observed
2025-04-17 20:00:00,21.8,0.0,55.0,11.2,observed
2025-04-17 21:00:00,20.0,0.0,61.0,7.6,observed
2025-04-17 22:00:00,18.0,0.0,73.0,8.7,observed
2025-04-17 23:00:00,16.6,0.0,76.0,5.6,observed
2025-04-18 00:00:00,15.8,0.0,86.0,7.1,observed
2025-04-18 01:00:00,14.2,0.0,78.0,5.4,observed
2025-04-18 02:00:00,13.5,0.0,82.0,19.0,observed
2025-04-18 03:00:00,13.9,0.0,81.0,14.6,observed
2025-04-18 04:00:00,14.4,0.0,81.0,8.0,observed
2025-04-18 05:00:00,14.8,0.0,79.0,8.1,observed
2025-04-18 06:00:00,15.0,0.0,76.0,10.8,observed
2025-04-18 07:00:00,16.4,0.0,75.0,6.2,observed
2025-04-18 08:00:00,19.7,0.0,65.5,11.1,observed
2025-04-18 09:00:00,19.0,0.0,69.0,8.5,observed
2025-04-18 10:00:00,20.9,0.0,62.0,4.4,observed
2025-04-18 11:00:00,21.95,0.0,59.5,6.3500000000000005,imputed_gap
2025-04-18 12:00:00,23.0,0.0,57.0,8.3,observed
2025-04-18 13:00:00,23.5,0.0,62.0,16.4,observed
2025-04-18 14:00:00,24.8,0.0,43.0,8.7,observed
2025-04-18 15:00:00,25.2,0.0,45.0,13.5,observed
2025-04-18 16:00:00,24.6,0.0,56.0,10.7,observed
2025-04-18 17:00:00,24.9,0.0,60.0,12.6,observed
2025-04-18 18:00:00,23.3,0.0,49.0,9.8,observed
2025-04-18 19:00:00,22.6,0.0,68.0,8.7,observed
2025-04-18 20:00:00,20.1,0.0,70.0,3.7,observed
2025-04-18 21:00:00,19.0,0.0,69.0,11.1,observed
2025-04-18 22:00:00,17.2,0.0,67.0,7.1,observed
2025-04-18 23:00:00,16.2,0.0,66.0,11.3,observed
2025-04-19 00:00:00,17.0,0.0,65.0,11.6,observed
2025-04-19 01:00:00,16.2,0.0,71.0,7.1,observed
2025-04-19 02:00:00,15.7,0.0,77.0,9.3,observed
2025-04-19 03:00:00,15.2,0.0,79.0,12.7,observed
2025-04-19 04:00:00,15.1,0.0,78.0,6.5,observed
2025-04-19 05:00:00,15.2,0.0,80.0,10.2,observed
2025-04-19 06:00:00,19.25,0.0,68.0,11.35,observed
2025-04-19 07:00:00,19.7,0.0,65.5,8.25,observed
2025-04-19 08:00:00,19.6,0.0,68.0,15.3,observed
2025-04-19 09:00:00,20.866666666666667,0.0,64.33333333333333,13.233333333333334,imputed_gap
2025-04-19 10:00:00,22.133333333333333,0.0,60.666666666666664,11.166666666666668,imputed_gap
2025-04-19 11:00:00,23.4,0.0,57.0,9.1,observed
2025-04-19 12:00:00,25.5,0.0,55.0,11.3,observed
2025-04-19 13:00:00,26.4,0.0,47.0,11.1,observed
2025-04-19 14:00:00,26.549999999999997,0.0,49.0,7.55,imputed_gap
2025-04-19 15:00:00,26.7,0.0,51.0,4.0,observed
2025-04-19 16:00:00,24.65,0.0,53.0,9.649999999999999,observed
2025-04-19 17:00:00,26.1,0.0,48.0,15.3,observed
2025-04-19 18:00:00,24.4,0.0,60.0,9.3,observed
2025-04-19 19:00:00,23.35,0.0,63.0,11.55,imputed_gap
2025-04-19 20:00:00,22.3,0.0,66.0,13.8,observed
2025-04-19 21:00:00,18.55,0.0,70.0,11.6,observed
2025-04-19 22:00:00,19.7,0.0,75.0,8.4,observed
2025-04-19 23:00:00,18.2,0.0,68.0,16.6,observed
2025-04-20 00:00:00,13.6,0.0,83.0,9.0,observed
2025-04-20 01:00:00,15.5,0.0,75.0,9.3,observed
2025-04-20 02:00:00,15.7,0.0,81.0,9.7,observed
2025-04-20 03:00:00,15.399999999999999,0.0,76.5,13.0,imputed_gap
2025-04-20 04:00:00,15.1,0.0,72.0,16.3,observed
2025-04-20 05:00:00,15.8,0.0,75.0,6.3,observed
2025-04-20 06:00:00,16.6,0.0,80.0,7.1,observed
2025-04-20 07:00:00,17.3,0.0,81.0,16.2,observed
2025-04-20 08:00:00,21.549999999999997,0.0,57.0,16.6,observed
2025-04-20 09:00:00,22.4,0.0,63.0,12.85,observed
2025-04-20 10:00:00,22.3,0.0,57.0,9.2,observed
2025-04-20 11:00:00,23.2,0.0,54.666666666666664,8.233333333333333,imputed_gap
2025-04-20 12:00:00,24.1,0.0,52.333333333333336,7.266666666666666,imputed_gap
2025-04-20 13:00:00,25.0,0.0,50.0,6.3,observed
2025-04-20 14:00:00,26.3,0.0,49.0,5.9,observed
2025-04-20 15:00:00,25.5,0.0,44.0,18.2,observed
2025-04-20 16:00:00,26.1,0.0,54.0,5.1,observed
2025-04-20 17:00:00,25.5,0.0,50.0,9.8,observed
2025-04-20 18:00:00,24.4,0.0,62.0,9.1,observed
2025-04-20 19:00:00,22.9,0.0,51.0,23.7,observed
2025-04-20 20:00:00,21.6,0.0,69.0,4.6,observed
2025-04-20 21:00:00,19.1,0.0,67.0,20.8,observed
2025-04-20 22:00:00,19.1,0.0,69.0,9.6,observed
2025-04-20 23:00:00,18.1,0.0,65.0,16.7,observed
2025-04-21 00:00:00,16.3,0.0,81.0,9.6,observed
2025-04-21 01:00:00,15.8,0.0,76.0,3.8,observed
2025-04-21 02:00:00,14.45,0.0,74.5,11.2,observed
2025-04-21 03:00:00,14.6,0.0,73.0,12.5,observed
2025-04-21 04:00:00,14.7,0.0,84.0,13.3,observed
2025-04-21 05:00:00,15.549999999999999,0.0,79.0,9.9,imputed_gap
2025-04-21 06:00:00,16.4,0.0,74.0,6.5,observed
2025-04-21 07:00:00,18.75,0.0,73.5,11.65,observed
2025-04-21 08:00:00,18.2,0.0,63.0,11.1,observed
2025-04-21 09:00:00,21.0,0.0,57.0,9.8,observed
2025-04-21 10:00:00,21.9,0.0,58.0,8.15,imputed_gap
2025-04-21 11:00:00,22.8,0.0,59.0,6.5,observed
2025-04-21 12:00:00,24.1,0.0,58.0,12.7,observed
2025-04-21 13:00:00,24.65,0.45,59.5,14.450000000000001,observed
2025-04-21 14:00:00,24.1,1.9,60.0,7.1,observed
2025-04-21 15:00:00,23.7,1.9,65.0,14.0,observed
2025-04-21 16:00:00,23.733333333333334,1.2666666666666666,63.666666666666664,13.433333333333334,imputed_gap
2025-04-21 17:00:00,23.766666666666666,0.6333333333333333,62.333333333333336,12.866666666666667,imputed_gap
2025-04-21 18:00:00,23.8,0.0,61.0,12.3,observed
2025-04-21 19:00:00,23.2,0.0,57.0,4.6,observed
2025-04-21 20:00:00,21.4,0.0,57.0,5.4,observed
2025-04-21 21:00:00,20.3,0.0,64.0,8.3,observed
2025-04-21 22:00:00,18.6,0.0,74.0,16.9,observed
2025-04-21 23:00:00,16.9,0.0,61.0,12.6,observed
2025-04-22 00:00:00,14.7,0.0,85.0,16.9,observed
2025-04-22 01:00:00,14.9,0.0,87.0,22.0,observed
2025-04-22 02:00:00,12.5,0.0,87.0,11.7,observed
2025-04-22 03:00:00,13.3,0.0,78.0,5.4,observed
2025-04-22 04:00:00,13.0,0.0,81.0,5.6,observed
2025-04-22 05:00:00,15.4,0.0,74.5,13.2,observed
2025-04-22 06:00:00,14.3,0.0,81.0,8.1,observed
2025-04-22 07:00:00,16.3,0.0,68.0,7.5,observed
2025-04-22 08:00:00,17.3,0.0,68.5,8.25,imputed_gap
2025-04-22 09:00:00,18.3,0.0,69.0,9.0,observed
2025-04-22 10:00:00,19.5,0.0,71.0,12.5,observed
2025-04-22 11:00:00,20.5,0.0,63.0,21.7,observed
2025-04-22 12:00:00,21.5,0.0,55.0,4.2,observed
2025-04-22 13:00:00,22.8,0.0,58.0,7.4,observed
2025-04-22 14:00:00,23.8,0.0,61.0,10.8,observed
2025-04-22 15:00:00,23.7,0.0,55.0,22.8,observed
2025-04-22 16:00:00,23.9,0.0,55.0,11.9,observed
2025-04-22 17:00:00,23.6,0.0,61.0,8.4,observed
2025-04-22 18:00:00,21.1,0.0,59.0,4.1,observed
2025-04-22 19:00:00,21.1,0.0,63.0,9.1,observed
2025-04-22 20:00:00,19.6,0.0,72.0,14.8,observed
2025-04-22 21:00:00,18.5,0.0,70.0,9.2,observed
2025-04-22 22:00:00,16.4,0.0,72.0,9.7,observed
2025-04-22 23:00:00,15.3,0.0,81.0,11.1,observed
2025-04-23 00:00:00,13.5,0.0,87.0,8.8,observed
2025-04-23 01:00:00,12.5,0.0,82.0,8.7,observed
2025-04-23 02:00:00,11.5,0.0,80.0,7.2,observed
2025-04-23 03:00:00,12.4,0.0,79.0,10.3,observed
2025-04-23 04:00:00,12.6,0.0,82.0,8.5,observed
2025-04-23 05:00:00,12.2,0.0,77.0,11.4,observed
2025-04-23 06:00:00,13.100000000000001,0.0,80.0,11.2,observed
2025-04-23 07:00:00,17.450000000000003,0.0,72.0,8.5,observed
2025-04-23 08:00:00,17.0,0.0,74.0,13.1,observed
2025-04-23 09:00:00,17.8,0.0,67.0,5.8,observed
2025-04-23 10:00:00,19.35,0.0,67.5,8.75,imputed_gap
2025-04-23 11:00:00,20.9,0.0,68.0,11.7,observed
2025-04-23 12:00:00,18.9,3.2,77.0,10.4,observed
2025-04-23 13:00:00,22.6,0.2,57.0,10.9,observed
2025-04-23 14:00:00,22.8,0.0,53.0,6.6,observed
2025-04-23 15:00:00,23.0,0.1,55.0,3.9,observed
2025-04-23 16:00:00,23.4,0.0,60.0,17.5,observed
2025-04-23 17:00:00,20.6,0.0,59.0,14.15,observed
2025-04-23 18:00:00,21.1,0.0,66.0,6.4,observed
2025-04-23 19:00:00,20.4,0.0,68.0,6.0,observed
2025-04-23 20:00:00,17.9,2.15,80.5,8.6,imputed_gap
2025-04-23 21:00:00,15.399999999999999,4.3,93.0,11.2,observed
2025-04-23 22:00:00,16.0,0.0,77.0,7.2,observed
2025-04-23 23:00:00,15.3,0.0,82.0,9.5,observed
2025-04-24 00:00:00,14.3,0.0,83.0,13.2,observed
2025-04-24 01:00:00,15.3,0.0,74.0,14.4,observed
2025-04-24 02:00:00,13.5,0.0,79.0,7.4,observed
2025-04-24 03:00:00,12.5,0.0,81.0,10.1,observed
2025-04-24 04:00:00,13.6,0.0,84.0,17.8,observed
2025-04-24 05:00:00,14.5,0.0,79.0,15.5,observed
2025-04-24 06:00:00,15.1,0.0,73.0,8.7,observed
2025-04-24 07:00:00,17.2,0.0,72.0,4.8,observed
2025-04-24 08:00:00,17.6,0.0,68.0,14.2,observed
2025-04-24 09:00:00,19.8,0.0,62.0,10.0,observed
2025-04-24 10:00:00,19.7,0.0,63.0,7.1,observed
2025-04-24 11:00:00,21.4,0.0,61.0,9.9,observed
2025-04-24 12:00:00,21.7,0.0,60.0,20.6,observed
2025-04-24 13:00:00,24.3,0.0,60.0,21.9,observed
2025-04-24 14:00:00,24.2,0.0,53.0,9.0,observed
2025-04-24 15:00:00,24.7,0.0,45.0,13.8,observed
2025-04-24 16:00:00,23.5,0.0,53.0,10.600000000000001,imputed_gap
2025-04-24 17:00:00,22.3,0.0,61.0,7.4,observed
2025-04-24 18:00:00,23.0,0.0,51.0,13.0,observed
2025-04-24 19:00:00,22.2,0.0,59.0,9.7,observed
2025-04-24 20:00:00,20.5,0.0,62.0,9.55,imputed_gap
2025-04-24 21:00:00,18.8,0.0,65.0,9.4,observed
2025-04-24 22:00:00,17.2,0.0,74.0,10.0,observed
2025-04-24 23:00:00,16.6,0.0,76.0,7.3,observed
2025-04-25 00:00:00,13.6,0.0,81.0,5.3,observed
2025-04-25 01:00:00,13.8,0.0,75.0,8.1,observed
2025-04-25 02:00:00,13.2,0.0,80.0,12.5,observed
2025-04-25 03:00:00,13.3,0.0,81.0,7.5,observed
2025-04-25 04:00:00,14.05,0.0,84.5,8.55,observed
2025-04-25 05:00:00,13.8,0.0,78.0,12.1,observed
2025-04-25 06:00:00,13.9,0.0,85.0,12.3,observed
2025-04-25 07:00:00,15.3,0.0,73.5,9.95,imputed_gap
2025-04-25 08:00:00,16.7,0.0,62.0,7.6,observed
2025-04-25 09:00:00,18.4,0.0,67.0,10.2,observed
2025-04-25 10:00:00,20.4,0.0,66.0,10.7,observed
2025-04-25 11:00:00,20.3,0.0,60.0,4.5,observed
2025-04-25 12:00:00,22.0,0.0,53.0,9.1,observed
2025-04-25 13:00:00,23.0,0.0,67.0,14.3,observed
2025-04-25 14:00:00,24.4,0.0,52.0,8.1,observed
2025-04-25 15:00:00,23.0,0.0,43.0,6.9,observed
2025-04-25 16:00:00,23.6,0.0,51.0,16.4,observed
2025-04-25 17:00:00,22.5,0.0,59.0,4.4,observed
2025-04-25 18:00:00,22.9,0.0,56.0,23.8,observed
2025-04-25 19:00:00,19.05,0.0,66.0,14.65,observed
2025-04-25 20:00:00,19.5,0.0,65.0,14.9,observed
2025-04-25 21:00:00,19.2,0.0,67.0,9.4,observed
2025-04-25 22:00:00,17.55,0.0,70.5,10.45,imputed_gap
2025-04-25 23:00:00,15.9,0.0,74.0,11.5,observed
2025-04-26 00:00:00,16.8,0.0,68.0,17.2,observed
2025-04-26 01:00:00,15.2,0.0,68.0,6.5,observed
2025-04-26 02:00:00,13.8,0.0,73.0,7.4,observed
2025-04-26 03:00:00,14.1,0.0,82.0,7.7,observed
2025-04-26 04:00:00,13.6,0.0,79.0,15.8,observed
2025-04-26 05:00:00,15.2,0.0,73.0,8.2,observed
2025-04-26 06:00:00,15.9,0.0,77.0,6.4,observed
2025-04-26 07:00:00,15.6,0.0,85.0,8.4,observed
2025-04-26 08:00:00,19.4,0.0,69.0,15.149999999999999,observed
2025-04-26 09:00:00,19.4,0.0,68.0,6.9,observed
2025-04-26 10:00:00,20.7,0.0,67.0,12.2,observed
2025-04-26 11:00:00,21.85,1.125,68.25,10.024999999999999,imputed_gap
2025-04-26 12:00:00,23.0,2.25,69.5,7.85,observed
2025-04-26 13:00:00,24.3,0.0,43.0,15.7,observed
2025-04-26 14:00:00,24.2,0.0,57.0,8.7,observed
2025-04-26 15:00:00,24.75,0.0,54.0,12.549999999999999,imputed_gap
2025-04-26 16:00:00,25.3,0.0,51.0,16.4,observed
2025-04-26 17:00:00,24.5,0.0,57.0,14.0,observed
2025-04-26 18:00:00,24.5,0.0,47.0,4.5,observed
2025-04-26 19:00:00,21.8,0.1,63.0,15.7,observed
2025-04-26 20:00:00,21.325000000000003,0.05,63.5,11.05,imputed_gap
2025-04-26 21:00:00,20.85,0.0,64.0,6.4,observed
2025-04-26 22:00:00,15.200000000000001,0.0,80.0,11.75,observed
2025-04-26 23:00:00,17.1,0.0,83.0,4.8,observed
2025-04-27 00:00:00,15.433333333333334,0.0,82.66666666666667,8.3,imputed_gap
2025-04-27 01:00:00,13.766666666666667,0.0,82.33333333333333,11.8,imputed_gap
2025-04-27 02:00:00,12.1,0.0,82.0,15.3,observed
2025-04-27 03:00:00,12.3,0.0,82.0,10.6,observed
2025-04-27 04:00:00,12.6,0.0,95.0,18.4,observed
2025-04-27 05:00:00,12.8,0.0,86.0,17.0,observed
2025-04-27 06:00:00,14.2,0.0,79.0,4.3,observed
2025-04-27 07:00:00,14.7,0.0,75.0,3.8,observed
2025-04-27 08:00:00,16.6,0.0,79.0,8.2,observed
2025-04-27 09:00:00,19.549999999999997,0.0,70.5,11.5,observed
2025-04-27 10:00:00,19.4,0.0,69.0,8.7,observed
2025-04-27 11:00:00,21.35,0.0,58.5,8.65,observed
2025-04-27 12:00:00,21.875,0.0,52.75,10.375,imputed_gap
2025-04-27 13:00:00,22.4,0.0,47.0,12.1,observed
2025-04-27 14:00:00,22.7,0.0,52.5,8.7,imputed_gap
2025-04-27 15:00:00,23.0,0.0,58.0,5.3,observed
2025-04-27 16:00:00,23.4,0.0,58.0,12.7,observed
2025-04-27 17:00:00,22.4,0.0,58.5,12.5,observed
2025-04-27 18:00:00,21.5,0.0,59.0,7.7,observed
2025-04-27 19:00:00,18.5,0.0,67.5,9.899999999999999,observed
2025-04-27 20:00:00,17.53333333333333,0.0,81.66666666666667,10.9,observed
2025-04-27 21:00:00,17.5,0.0,76.0,5.2,observed
2025-04-27 22:00:00,16.5,0.0,77.33333333333333,9.133333333333335,imputed_gap
2025-04-27 23:00:00,15.5,0.0,78.66666666666667,13.066666666666668,imputed_gap
2025-04-28 00:00:00,14.5,0.0,80.0,17.0,observed
2025-04-28 01:00:00,12.5,0.0,90.0,9.6,observed
2025-04-28 02:00:00,11.9,0.0,78.0,5.9,observed
2025-04-28 03:00:00,11.9,0.0,85.0,7.4,observed
2025-04-28 04:00:00,14.15,0.0,78.5,10.0,observed
2025-04-28 05:00:00,13.1,0.0,88.0,6.5,observed
2025-04-28 06:00:00,13.9,0.0,78.0,7.1,observed
2025-04-28 07:00:00,15.25,0.0,74.5,12.149999999999999,imputed_gap
2025-04-28 08:00:00,16.6,0.0,71.0,17.2,observed
2025-04-28 09:00:00,19.0,0.0,62.0,21.8,observed
2025-04-28 10:00:00,18.7,0.0,64.0,13.2,observed
2025-04-28 11:00:00,21.0,0.0,60.0,7.0,observed
2025-04-28 12:00:00,23.1,0.0,56.5,8.05,observed
2025-04-28 13:00:00,23.1,0.0,61.0,5.4,observed
2025-04-28 14:00:00,23.3,0.0,56.0,7.0,observed
2025-04-28 15:00:00,23.4,0.0,54.5,8.4,imputed_gap
2025-04-28 16:00:00,23.5,0.0,53.0,9.8,observed
2025-04-28 17:00:00,22.8,0.0,57.0,13.7,observed
2025-04-28 18:00:00,21.5,0.0,59.0,10.1,observed
2025-04-28 19:00:00,20.7,0.0,59.0,9.4,observed
2025-04-28 20:00:00,19.3,0.0,65.0,15.5,observed
2025-04-28 21:00:00,17.7,0.0,73.0,8.1,observed
2025-04-28 22:00:00,16.6,0.0,68.0,9.2,observed
2025-04-28 23:00:00,15.3,0.0,77.0,17.9,observed
2025-04-29 00:00:00,13.8,0.0,89.0,9.2,observed
2025-04-29 01:00:00,14.7,0.0,90.0,18.2,observed
2025-04-29 02:00:00,14.1,0.0,84.0,7.7,observed
2025-04-29 03:00:00,13.1,0.0,85.0,12.6,observed
2025-04-29 04:00:00,13.6,0.0,88.0,12.2,observed
2025-04-29 05:00:00,13.5,0.0,83.0,11.2,observed
2025-04-29 06:00:00,15.5,0.0,73.0,12.7,observed
2025-04-29 07:00:00,15.2,0.0,79.0,13.2,observed
2025-04-29 08:00:00,19.65,0.0,67.5,7.5,observed
2025-04-29 09:00:00,19.5,0.0,75.0,23.1,observed
2025-04-29 10:00:00,20.6,0.0,67.0,14.4,observed
2025-04-29 11:00:00,21.75,0.0,63.5,11.850000000000001,imputed_gap
2025-04-29 12:00:00,22.9,0.0,60.0,9.3,observed
2025-04-29 13:00:00,24.1,0.0,46.0,10.2,observed
2025-04-29 14:00:00,24.1,0.0,67.0,4.3,observed
2025-04-29 15:00:00,23.625,0.125,61.0,8.975000000000001,imputed_gap
2025-04-29 16:00:00,23.15,0.25,55.0,13.65,observed
2025-04-29 17:00:00,24.4,0.0,59.0,5.7,observed
2025-04-29 18:00:00,23.0,0.3,54.0,10.0,observed
2025-04-29 19:00:00,21.95,0.15,58.0,9.55,imputed_gap
2025-04-29 20:00:00,20.9,0.0,62.0,9.1,observed
2025-04-29 21:00:00,19.6,0.0,63.0,5.7,observed
2025-04-29 22:00:00,17.2,0.0,64.0,11.0,observed
2025-04-29 23:00:00,15.8,0.0,62.0,14.7,observed
2025-04-30 00:00:00,16.2,0.0,76.0,8.7,observed
2025-04-30 01:00:00,13.5,0.0,78.0,16.8,observed
2025-04-30 02:00:00,13.7,0.0,70.0,11.2,observed
2025-04-30 03:00:00,13.5,0.0,71.0,7.4,observed
2025-04-30 04:00:00,14.2,0.0,70.0,9.1,observed
2025-04-30 05:00:00,15.9,0.0,73.5,17.75,observed
2025-04-30 06:00:00,15.1,0.0,76.0,15.7,observed
2025-04-30 07:00:00,17.1,0.0,69.0,5.6,observed
2025-04-30 08:00:00,18.200000000000003,0.0,65.5,8.25,imputed_gap
2025-04-30 09:00:00,19.3,0.0,62.0,10.9,observed
2025-04-30 10:00:00,20.1,0.0,65.0,13.2,observed
2025-04-30 11:00:00,21.0,0.0,56.0,9.6,observed
2025-04-30 12:00:00,23.2,0.0,58.0,12.1,observed
2025-04-30 13:00:00,22.9,0.0,59.0,8.6,observed
2025-04-30 14:00:00,24.8,0.0,46.0,15.6,observed
2025-04-30 15:00:00,22.3,0.0,59.0,10.6,observed
2025-04-30 16:00:00,23.9,0.0,61.0,6.1,observed
2025-04-30 17:00:00,24.1,0.0,58.0,8.7,observed
2025-04-30 18:00:00,22.6,0.0,55.5,9.399999999999999,imputed_gap
2025-04-30 19:00:00,21.1,0.0,53.0,10.1,observed
2025-04-30 20:00:00,20.4,0.0,60.0,13.9,observed
2025-04-30 21:00:00,17.25,0.0,66.0,7.699999999999999,observed
2025-04-30 22:00:00,15.5,0.0,75.0,13.149999999999999,observed
2025-04-30 23:00:00,17.7,0.0,74.0,6.6,observed
2025-05-01 00:00:00,16.333333333333332,0.0,75.66666666666667,6.466666666666667,imputed_gap
2025-05-01 01:00:00,14.966666666666667,0.0,77.33333333333333,6.333333333333333,imputed_gap
2025-05-01 02:00:00,13.6,0.0,79.0,6.2,observed
2025-05-01 03:00:00,13.3,0.0,86.0,11.7,observed
2025-05-01 04:00:00,13.2,0.0,82.0,13.5,observed
2025-05-01 05:00:00,13.7,0.0,79.0,16.6,observed
2025-05-01 06:00:00,15.6,0.0,72.0,15.4,observed
2025-05-01 07:00:00,15.6,0.0,67.0,14.6,observed
2025-05-01 08:00:00,18.3,0.0,66.0,20.8,observed
2025-05-01 09:00:00,18.7,0.0,66.0,11.3,observed
2025-05-01 10:00:00,20.15,0.0,60.0,5.9,observed
2025-05-01 11:00:00,21.6,0.0,63.0,12.6,observed
2025-05-01 12:00:00,23.1,0.0,55.0,12.899999999999999,observed
2025-05-01 13:00:00,24.3,0.0,53.0,12.2,observed
2025-05-01 14:00:00,24.8,0.0,57.0,19.9,observed
2025-05-01 15:00:00,24.7,0.0,49.0,19.7,observed
2025-05-01 16:00:00,23.4,0.0,69.0,11.7,observed
2025-05-01 17:00:00,24.4,0.0,49.0,19.5,observed
2025-05-01 18:00:00,22.6,0.0,64.0,11.4,observed
2025-05-01 19:00:00,21.6,0.0,71.0,12.3,observed
2025-05-01 20:00:00,18.0,0.0,72.0,15.600000000000001,observed
2025-05-01 21:00:00,18.6,0.0,73.0,5.9,observed
2025-05-01 22:00:00,17.4,0.0,74.0,6.5,observed
2025-05-01 23:00:00,16.45,0.0,75.5,7.9,imputed_gap
2025-05-02 00:00:00,15.5,0.0,77.0,9.3,observed
2025-05-02 01:00:00,13.4,0.0,85.0,8.9,observed
2025-05-02 02:00:00,14.2,0.0,78.0,12.2,observed
2025-05-02 03:00:00,14.0,0.0,76.0,8.9,observed
2025-05-02 04:00:00,13.6,0.0,83.0,9.8,observed
2025-05-02 05:00:00,14.9,0.0,76.0,15.2,observed
2025-05-02 06:00:00,14.8,0.0,81.0,10.1,observed
2025-05-02 07:00:00,17.7,0.0,66.0,22.6,observed
2025-05-02 08:00:00,18.5,0.0,64.0,15.5,observed
2025-05-02 09:00:00,20.6,0.0,65.0,10.6,observed
2025-05-02 10:00:00,21.3,0.0,63.0,12.75,imputed_gap
2025-05-02 11:00:00,22.0,0.0,61.0,14.9,observed
2025-05-02 12:00:00,21.3,0.8,81.0,10.5,observed
2025-05-02 13:00:00,24.1,0.3,56.0,4.3,observed
2025-05-02 14:00:00,24.7,0.0,58.0,14.7,observed
2025-05-02 15:00:00,24.5,0.05,57.0,10.4,observed
2025-05-02 16:00:00,22.8,0.8,64.0,5.0,observed
2025-05-02 17:00:00,21.5,21.0,76.0,6.1,observed
2025-05-02 18:00:00,20.9,13.55,77.0,5.699999999999999,imputed_gap
2025-05-02 19:00:00,20.3,6.1,78.0,5.3,observed
2025-05-02 20:00:00,18.8,0.0,69.0,12.600000000000001,observed
2025-05-02 21:00:00,18.0,0.0,72.0,17.9,imputed_gap
2025-05-02 22:00:00,17.2,0.0,75.0,23.2,observed
2025-05-02 23:00:00,16.95,0.0,73.0,20.6,imputed_gap
2025-05-03 00:00:00,16.7,0.0,71.0,18.0,observed
2025-05-03 01:00:00,16.9,0.0,74.0,15.2,observed
2025-05-03 02:00:00,15.7,0.0,67.0,9.6,observed
2025-05-03 03:00:00,14.5,0.0,84.0,10.9,observed
2025-05-03 04:00:00,15.5,0.0,71.0,7.7,observed
2025-05-03 05:00:00,17.5,0.0,68.0,17.4,observed
2025-05-03 06:00:00,17.3,0.0,72.0,3.9,observed
2025-05-03 07:00:00,18.6,0.0,62.0,15.3,observed
2025-05-03 08:00:00,18.6,0.0,61.0,13.8,observed
2025-05-03 09:00:00,21.2,0.0,64.0,8.6,observed
2025-05-03 10:00:00,22.3,0.0,58.0,6.1,observed
2025-05-03 11:00:00,23.7,0.0,59.0,10.4,observed
2025-05-03 12:00:00,25.3,0.0,59.0,9.5,observed
2025-05-03 13:00:00,25.35,0.0,51.0,10.95,observed
2025-05-03 14:00:00,27.3,0.0,52.0,10.2,observed
2025-05-03 15:00:00,26.9,0.0,58.0,4.4,observed
2025-05-03 16:00:00,24.4,0.0,59.0,9.6,observed
2025-05-03 17:00:00,25.6,0.0,57.0,9.9,observed
2025-05-03 18:00:00,25.1,0.0,61.0,11.8,observed
2025-05-03 19:00:00,23.700000000000003,0.0,61.0,7.949999999999999,imputed_gap
2025-05-03 20:00:00,22.3,0.0,61.0,4.1,observed
2025-05-03 21:00:00,18.5,0.0,64.5,11.4,observed
2025-05-03 22:00:00,17.8,0.0,70.5,14.549999999999999,observed
2025-05-03 23:00:00,18.4,0.0,62.0,8.1,observed
2025-05-04 00:00:00,17.366666666666667,0.0,66.0,9.2,imputed_gap
2025-05-04 01:00:00,16.333333333333332,0.0,70.0,10.3,imputed_gap
2025-05-04 02:00:00,15.3,0.0,74.0,11.4,observed
2025-05-04 03:00:00,16.6,0.0,72.0,7.75,observed
2025-05-04 04:00:00,14.7,0.0,72.0,4.8,observed
2025-05-04 05:00:00,15.4,0.0,86.0,8.2,observed
2025-05-04 06:00:00,17.55,0.0,80.0,8.75,imputed_gap
2025-05-04 07:00:00,19.700000000000003,0.0,74.0,9.3,observed
2025-05-04 08:00:00,20.3,0.0,64.0,10.5,observed
2025-05-04 09:00:00,21.1,0.0,64.0,19.6,observed
2025-05-04 10:00:00,22.3,0.0,61.0,13.15,imputed_gap
2025-05-04 11:00:00,23.5,0.0,58.0,6.7,observed
2025-05-04 12:00:00,24.7,0.0,50.0,7.2,observed
2025-05-04 13:00:00,26.85,0.0,48.5,6.5,observed
2025-05-04 14:00:00,26.1,0.0,60.0,7.9,observed
2025-05-04 15:00:00,26.3,0.0,51.0,14.9,observed
2025-05-04 16:00:00,25.8,0.0,54.0,11.7,imputed_gap
2025-05-04 17:00:00,25.3,0.0,57.0,8.5,observed
2025-05-04 18:00:00,24.7,0.0,53.0,8.5,observed
2025-05-04 19:00:00,23.7,0.0,53.0,5.2,observed
2025-05-04 20:00:00,22.8,0.0,56.0,4.1,observed
2025-05-04 21:00:00,20.8,0.0,61.0,8.3,observed
2025-05-04 22:00:00,19.2,0.0,73.0,8.3,observed
2025-05-04 23:00:00,18.4,0.0,66.0,15.2,observed
2025-05-05 00:00:00,18.0,0.0,66.0,17.9,observed
2025-05-05 01:00:00,16.3,0.0,74.0,7.0,observed
2025-05-05 02:00:00,16.2,0.0,69.0,11.8,observed
2025-05-05 03:00:00,16.6,0.0,67.0,11.2,observed
2025-05-05 04:00:00,16.5,0.0,72.0,9.0,observed
2025-05-05 05:00:00,17.5,0.0,64.0,4.9,observed
2025-05-05 06:00:00,18.7,0.0,67.0,11.9,observed
2025-05-05 07:00:00,21.35,0.0,57.5,8.6,observed
2025-05-05 08:00:00,20.1,0.0,63.0,10.0,observed
2025-05-05 09:00:00,20.9,0.0,63.0,12.5,observed
2025-05-05 10:00:00,22.4,0.0,56.0,10.6,imputed_gap
2025-05-05 11:00:00,23.9,0.0,49.0,8.7,observed
2025-05-05 12:00:00,25.4,0.0,54.0,6.5,observed
2025-05-05 13:00:00,27.049999999999997,0.0,50.0,7.85,observed
2025-05-05 14:00:00,26.7,0.0,54.0,14.9,observed
2025-05-05 15:00:00,28.0,0.0,37.0,11.2,observed
2025-05-05 16:00:00,25.95,0.0,49.75,9.75,imputed_gap
2025-05-05 17:00:00,23.9,0.0,62.5,8.3,observed
2025-05-05 18:00:00,23.45,0.0,61.0,5.85,observed
2025-05-05 19:00:00,21.325,0.0,53.0,8.3,observed
2025-05-05 20:00:00,19.2,0.0,59.0,10.5,observed
2025-05-05 21:00:00,19.85,0.0,62.0,11.0,imputed_gap
2025-05-05 22:00:00,20.5,0.0,65.0,11.5,observed
2025-05-05 23:00:00,18.65,0.0,70.5,10.35,imputed_gap
2025-05-06 00:00:00,16.8,0.0,76.0,9.2,observed
2025-05-06 01:00:00,16.4,0.0,72.0,14.9,observed
2025-05-06 02:00:00,16.7,0.0,58.0,4.2,observed
2025-05-06 03:00:00,16.9,0.0,66.0,6.300000000000001,imputed_gap
2025-05-06 04:00:00,17.1,0.0,74.0,8.4,observed
2025-05-06 05:00:00,18.6,0.0,67.0,14.100000000000001,observed
2025-05-06 06:00:00,18.1,0.0,63.0,6.8,observed
2025-05-06 07:00:00,19.8,0.0,58.0,18.3,observed
2025-05-06 08:00:00,20.6,0.0,64.0,14.3,observed
2025-05-06 09:00:00,20.6,0.0,72.0,14.0,observed
2025-05-06 10:00:00,22.1,0.0,58.0,8.7,observed
2025-05-06 11:00:00,24.5,0.0,55.0,6.3,observed
2025-05-06 12:00:00,25.6,0.0,48.0,15.2,observed
2025-05-06 13:00:00,26.2,0.0,55.0,16.6,observed
2025-05-06 14:00:00,26.85,0.0,47.0,12.149999999999999,observed
2025-05-06 15:00:00,26.8,0.0,45.0,16.3,observed
2025-05-06 16:00:00,27.3,0.0,51.0,8.7,observed
2025-05-06 17:00:00,26.55,0.0,45.0,10.0,imputed_gap
2025-05-06 18:00:00,25.8,0.0,39.0,11.3,observed
2025-05-06 19:00:00,24.4,0.0,61.0,10.6,observed
2025-05-06 20:00:00,21.3,0.0,61.0,16.450000000000003,observed
2025-05-06 21:00:00,22.0,0.0,61.5,18.3,observed
2025-05-06 22:00:00,20.9,0.0,62.0,8.6,observed
2025-05-06 23:00:00,19.1,0.0,71.5,7.85,imputed_gap
2025-05-07 00:00:00,17.3,0.0,81.0,7.1,observed
2025-05-07 01:00:00,15.0,0.0,76.0,5.5,observed
2025-05-07 02:00:00,15.5,0.0,76.0,10.9,observed
2025-05-07 03:00:00,15.350000000000001,0.0,77.0,8.35,observed
2025-05-07 04:00:00,17.15,0.0,71.5,11.6,observed
2025-05-07 05:00:00,15.4,0.0,79.0,10.4,observed
2025-05-07 06:00:00,16.433333333333334,0.0,76.33333333333333,9.6,imputed_gap
2025-05-07 07:00:00,17.46666666666667,0.0,73.66666666666667,8.8,imputed_gap
2025-05-07 08:00:00,18.5,0.0,71.0,8.0,observed
2025-05-07 09:00:00,20.3,0.0,65.0,12.0,observed
2025-05-07 10:00:00,22.4,0.0,56.0,5.5,observed
2025-05-07 11:00:00,22.4,0.0,54.0,9.4,observed
2025-05-07 12:00:00,23.6,0.0,58.0,16.7,observed
2025-05-07 13:00:00,26.2,0.0,54.0,19.1,observed
2025-05-07 14:00:00,26.1,0.0,59.0,15.2,observed
2025-05-07 15:00:00,26.6,0.0,55.0,10.4,observed
2025-05-07 16:00:00,23.2,0.0,53.5,13.0,observed
2025-05-07 17:00:00,23.4,0.0,50.0,13.299999999999999,observed
2025-05-07 18:00:00,24.0,0.0,53.0,6.7,observed
2025-05-07 19:00:00,22.866666666666667,0.0,56.0,8.166666666666666,imputed_gap
2025-05-07 20:00:00,21.733333333333334,0.0,59.0,9.633333333333333,imputed_gap
2025-05-07 21:00:00,20.6,0.0,62.0,11.1,observed
2025-05-07 22:00:00,19.2,0.0,66.0,15.0,observed
2025-05-07 23:00:00,17.7,0.0,61.0,14.8,observed
2025-05-08 00:00:00,16.8,0.0,70.0,11.1,observed
2025-05-08 01:00:00,16.266666666666666,0.0,69.0,9.4,observed
2025-05-08 02:00:00,15.733333333333333,0.0,70.66666666666667,8.5,imputed_gap
2025-05-08 03:00:00,15.2,0.0,72.33333333333333,7.6,observed
2025-05-08 04:00:00,14.8,0.0,74.0,20.6,observed
2025-05-08 05:00:00,14.9,0.0,71.0,11.7,observed
2025-05-08 06:00:00,16.5,0.0,72.0,11.1,observed
2025-05-08 07:00:00,17.3,0.0,80.0,5.9,observed
2025-05-08 08:00:00,18.3,0.0,66.0,4.5,observed
2025-05-08 09:00:00,20.0,0.0,59.0,14.3,observed
2025-05-08 10:00:00,20.7,0.0,56.0,21.9,observed
2025-05-08 11:00:00,24.5,0.0,53.0,11.05,observed
2025-05-08 12:00:00,23.5,0.0,60.0,15.8,observed
2025-05-08 13:00:00,25.15,0.0,51.0,14.4,observed
2025-05-08 14:00:00,25.275,0.0,51.5,12.4,imputed_gap
2025-05-08 15:00:00,25.4,0.0,52.0,10.4,observed
2025-05-08 16:00:00,25.2,0.0,51.5,7.95,imputed_gap
2025-05-08 17:00:00,25.0,0.0,51.0,5.5,observed
2025-05-08 18:00:00,23.8,0.0,57.0,12.3,observed
2025-05-08 19:00:00,22.8,0.0,59.5,11.25,imputed_gap
2025-05-08 20:00:00,21.8,0.0,62.0,10.2,observed
2025-05-08 21:00:00,19.8,0.0,66.0,6.2,observed
2025-05-08 22:00:00,18.1,0.0,71.0,14.9,observed
2025-05-08 23:00:00,18.3,0.0,71.0,18.5,observed
2025-05-09 00:00:00,17.5,0.0,73.0,8.4,observed
2025-05-09 01:00:00,16.55,0.0,67.5,13.55,observed
2025-05-09 02:00:00,16.2,0.0,69.0,10.0,observed
2025-05-09 03:00:00,15.4,0.0,78.0,17.3,observed
2025-05-09 04:00:00,16.15,0.0,78.5,17.75,imputed_gap
2025-05-09 05:00:00,16.9,0.0,79.0,18.2,observed
2025-05-09 06:00:00,17.0,0.0,74.0,6.8,observed
2025-05-09 07:00:00,17.4,0.0,72.0,5.0,observed
2025-05-09 08:00:00,20.7,0.0,70.0,8.4,observed
2025-05-09 09:00:00,20.5,0.0,59.0,5.7,observed
2025-05-09 10:00:00,22.3,0.0,59.0,10.3,observed
2025-05-09 11:00:00,23.9,0.0,63.0,5.0,observed
2025-05-09 12:00:00,25.7,0.0,50.0,10.1,observed
2025-05-09 13:00:00,25.9,0.0,59.0,18.4,observed
2025-05-09 14:00:00,26.8,0.0,41.0,15.6,observed
2025-05-09 15:00:00,26.5,0.0,50.0,13.1,observed
2025-05-09 16:00:00,26.6,0.0,44.0,11.4,observed
2025-05-09 17:00:00,25.9,0.0,48.0,11.2,observed
2025-05-09 18:00:00,25.3,0.0,44.0,9.0,observed
2025-05-09 19:00:00,24.7,0.0,50.0,10.8,observed
2025-05-09 20:00:00,20.75,0.0,66.5,9.75,observed
2025-05-09 21:00:00,19.9,0.0,69.0,8.6,observed
2025-05-09 22:00:00,20.4,0.0,66.0,11.3,observed
2025-05-09 23:00:00,14.1,0.0,77.0,6.3,observed
2025-05-10 00:00:00,16.8,0.0,71.0,20.8,observed
2025-05-10 01:00:00,14.4,0.0,73.0,8.9,observed
2025-05-10 02:00:00,14.2,0.0,73.5,8.15,imputed_gap
2025-05-10 03:00:00,14.0,0.0,74.0,7.4,observed
2025-05-10 04:00:00,14.0,0.0,80.0,8.9,observed
2025-05-10 05:00:00,14.5,0.0,82.0,11.2,observed
2025-05-10 06:00:00,15.1,0.0,76.0,12.4,observed
2025-05-10 07:00:00,16.7,0.0,72.0,9.0,observed
2025-05-10 08:00:00,18.299999999999997,0.0,68.5,13.45,imputed_gap
2025-05-10 09:00:00,19.9,0.0,65.0,17.9,observed
2025-05-10 10:00:00,19.9,0.0,64.0,5.5,observed
2025-05-10 11:00:00,21.7,0.0,56.0,16.5,observed
2025-05-10 12:00:00,23.6,0.0,50.0,18.3,observed
2025-05-10 13:00:00,24.3,0.0,55.0,12.6,observed
2025-05-10 14:00:00,25.2,0.0,55.0,4.9,observed
2025-05-10 15:00:00,25.3,0.0,48.0,15.3,observed
2025-05-10 16:00:00,20.1,1.3,79.0,8.8,observed
2025-05-10 17:00:00,24.8,0.0,55.0,16.7,observed
2025-05-10 18:00:00,21.2,1.6,57.333333333333336,16.2,observed
2025-05-10 19:00:00,21.299999999999997,0.8,59.666666666666664,11.649999999999999,imputed_gap
2025-05-10 20:00:00,21.4,0.0,62.0,7.1,observed
2025-05-10 21:00:00,18.8,0.0,77.0,7.0,observed
2025-05-10 22:00:00,18.2,0.0,68.0,13.8,observed
2025-05-10 23:00:00,15.15,0.0,70.0,10.8,observed
2025-05-11 00:00:00,14.9,0.0,72.0,9.1,observed
2025-05-11 01:00:00,13.3,0.0,77.0,6.6,observed
2025-05-11 02:00:00,12.7,0.0,81.0,7.55,imputed_gap
2025-05-11 03:00:00,12.1,0.0,85.0,8.5,observed
2025-05-11 04:00:00,12.9,0.0,81.0,5.8,observed
2025-05-11 05:00:00,13.4,0.0,84.0,9.1,observed
2025-05-11 06:00:00,14.55,0.0,79.0,10.399999999999999,imputed_gap
2025-05-11 07:00:00,15.7,0.0,74.0,11.7,observed
2025-05-11 08:00:00,16.0,0.0,83.0,15.0,observed
2025-05-11 09:00:00,18.6,0.0,78.0,8.3,observed
2025-05-11 10:00:00,19.5,0.0,60.0,9.9,observed
2025-05-11 11:00:00,21.4,0.0,57.0,12.5,observed
2025-05-11 12:00:00,23.4,0.0,52.0,6.9,observed
2025-05-11 13:00:00,23.75,0.0,58.0,6.95,observed
2025-05-11 14:00:00,24.0,0.0,51.0,5.2,observed
2025-05-11 15:00:00,23.7,0.0,57.0,8.0,observed
2025-05-11 16:00:00,22.200000000000003,0.0,62.75,7.75,imputed_gap
2025-05-11 17:00:00,20.700000000000003,0.0,68.5,7.5,observed
2025-05-11 18:00:00,20.5,0.0,65.25,8.35,imputed_gap
2025-05-11 19:00:00,20.3,0.0,62.0,9.2,observed
2025-05-11 20:00:00,19.3,0.0,64.0,9.0,imputed_gap
2025-05-11 21:00:00,18.3,0.0,66.0,8.8,observed
2025-05-11 22:00:00,17.0,0.0,75.0,6.9,observed
2025-05-11 23:00:00,15.7,0.0,72.0,12.4,observed
2025-05-12 00:00:00,14.649999999999999,0.0,78.5,11.05,imputed_gap
2025-05-12 01:00:00,13.6,0.0,85.0,9.7,observed
2025-05-12 02:00:00,12.6,0.0,97.0,10.4,observed
2025-05-12 03:00:00,12.3,0.0,79.0,10.5,observed
2025-05-12 04:00:00,13.4,0.0,84.0,8.2,observed
2025-05-12 05:00:00,12.6,0.0,80.0,9.9,observed
2025-05-12 06:00:00,14.5,0.0,81.0,13.2,observed
2025-05-12 07:00:00,14.9,0.0,79.0,16.9,observed
2025-05-12 08:00:00,15.7,0.0,71.0,9.1,observed
2025-05-12 09:00:00,19.4,0.0,67.5,16.549999999999997,observed
2025-05-12 10:00:00,19.2,0.0,66.0,12.5,observed
2025-05-12 11:00:00,22.1,0.0,66.5,7.35,observed
2025-05-12 12:00:00,23.9,0.0,54.0,12.1,observed
2025-05-12 13:00:00,22.7,0.0,65.0,15.8,observed
2025-05-12 14:00:00,22.866666666666667,0.0,60.333333333333336,12.933333333333334,imputed_gap
2025-05-12 15:00:00,23.03333333333333,0.0,55.666666666666664,10.066666666666666,imputed_gap
2025-05-12 16:00:00,23.2,0.0,51.0,7.2,observed
2025-05-12 17:00:00,22.9,0.0,61.0,6.7,observed
2025-05-12 18:00:00,23.1,0.0,60.0,12.0,observed
2025-05-12 19:00:00,19.9,0.0,64.0,14.1,observed
2025-05-12 20:00:00,18.4,0.0,60.0,9.9,observed
2025-05-12 21:00:00,18.1,0.0,65.0,12.7,observed
2025-05-12 22:00:00,16.6,0.0,68.0,5.3,observed
2025-05-12 23:00:00,15.3,0.0,85.0,5.5,observed
2025-05-13 00:00:00,10.399999999999999,0.0,91.0,11.45,observed
2025-05-13 01:00:00,11.0,0.0,92.0,10.45,observed
2025-05-13 02:00:00,10.9,0.0,86.0,14.0,observed
2025-05-13 03:00:00,11.0,0.0,87.33333333333333,10.5,imputed_gap
2025-05-13 04:00:00,11.1,0.0,88.66666666666667,7.0,imputed_gap
2025-05-13 05:00:00,11.2,0.0,90.0,3.5,observed
2025-05-13 06:00:00,12.9,0.0,81.0,14.4,observed
2025-05-13 07:00:00,13.9,0.0,83.0,6.1,observed
2025-05-13 08:00:00,14.2,0.0,82.0,12.7,observed
2025-05-13 09:00:00,16.5,0.0,75.0,14.3,observed
2025-05-13 10:00:00,17.7,0.0,68.0,10.8,observed
2025-05-13 11:00:00,18.4,0.0,66.0,11.6,observed
2025-05-13 12:00:00,20.25,0.0,70.0,8.9,observed
2025-05-13 13:00:00,20.0,0.0,61.0,18.6,observed
2025-05-13 14:00:00,22.2,0.0,59.0,12.5,observed
2025-05-13 15:00:00,21.85,0.0,65.0,12.55,imputed_gap
2025-05-13 16:00:00,21.5,0.0,71.0,12.6,observed
2025-05-13 17:00:00,20.1,0.0,60.0,7.5,observed
2025-05-13 18:00:00,19.5,0.0,63.0,12.4,observed
2025-05-13 19:00:00,18.6,0.0,65.66666666666667,10.9,imputed_gap
2025-05-13 20:00:00,17.7,0.0,68.33333333333333,9.4,observed
2025-05-13 21:00:00,16.5,0.0,71.0,7.6,observed
2025-05-13 22:00:00,13.6,0.0,79.0,8.0,observed
2025-05-13 23:00:00,14.5,0.0,73.0,8.9,observed
2025-05-14 00:00:00,13.7,0.0,81.0,8.2,observed
2025-05-14 01:00:00,11.9,0.0,92.0,12.4,observed
2025-05-14 02:00:00,11.9,0.0,87.5,13.7,observed
2025-05-14 03:00:00,11.6,0.0,83.0,8.2,observed
2025-05-14 04:00:00,11.85,0.0,69.0,15.5,observed
2025-05-14 05:00:00,12.1,0.0,79.0,11.6,observed
2025-05-14 06:00:00,13.5,0.0,79.0,7.0,observed
2025-05-14 07:00:00,14.25,0.0,74.5,8.0,imputed_gap
2025-05-14 08:00:00,15.0,0.0,70.0,9.0,observed
2025-05-14 09:00:00,18.299999999999997,0.0,63.5,10.7,observed
2025-05-14 10:00:00,19.4,0.0,59.0,10.0,observed
2025-05-14 11:00:00,19.4,0.0,62.0,7.2,observed
2025-05-14 12:00:00,22.6,0.0,55.0,15.0,observed
2025-05-14 13:00:00,21.7,0.0,61.0,9.8,observed
2025-05-14 14:00:00,22.3,0.0,52.0,8.8,observed
2025-05-14 15:00:00,22.65,0.0,54.5,11.55,imputed_gap
2025-05-14 16:00:00,23.0,0.0,57.0,14.3,observed
2025-05-14 17:00:00,21.4,0.0,60.0,14.7,observed
2025-05-14 18:00:00,19.8,0.0,76.0,8.9,observed
2025-05-14 19:00:00,19.6,0.0,71.0,9.6,observed
2025-05-14 20:00:00,17.4,0.0,69.0,16.4,observed
2025-05-14 21:00:00,17.3,0.0,67.0,13.7,observed
2025-05-14 22:00:00,14.45,0.0,80.5,4.15,observed
2025-05-14 23:00:00,14.4,0.0,76.0,10.0,observed
2025-05-15 00:00:00,15.3,0.0,78.0,16.7,observed
2025-05-15 01:00:00,14.15,0.0,76.5,14.549999999999999,imputed_gap
2025-05-15 02:00:00,13.0,0.0,75.0,12.399999999999999,observed
2025-05-15 03:00:00,12.7,0.0,87.0,14.6,observed
2025-05-15 04:00:00,13.5,0.0,79.0,12.1,observed
2025-05-15 05:00:00,14.299999999999999,0.0,81.5,9.05,imputed_gap
2025-05-15 06:00:00,15.1,0.0,84.0,6.0,observed
2025-05-15 07:00:00,15.4,0.0,71.0,13.6,observed
2025-05-15 08:00:00,19.0,0.0,63.5,9.3,observed
2025-05-15 09:00:00,17.8,0.0,74.0,7.4,observed
2025-05-15 10:00:00,19.2,0.0,70.0,9.8,observed
2025-05-15 11:00:00,20.6,0.0,65.0,11.05,imputed_gap
2025-05-15 12:00:00,22.0,0.0,60.0,12.3,observed
2025-05-15 13:00:00,23.2,0.0,52.0,10.0,observed
2025-05-15 14:00:00,24.7,0.0,56.0,6.8,observed
2025-05-15 15:00:00,24.0,0.0,51.0,14.8,observed
2025-05-15 16:00:00,23.6,0.0,61.0,14.8,observed
2025-05-15 17:00:00,22.4,0.0,68.0,6.0,observed
2025-05-15 18:00:00,21.5,0.0,57.0,11.3,observed
2025-05-15 19:00:00,19.9,0.0,63.0,15.2,observed
2025-05-15 20:00:00,19.5,0.0,68.0,13.1,observed
2025-05-15 21:00:00,18.1,0.0,67.0,18.2,observed
2025-05-15 22:00:00,16.5,0.0,76.0,6.3,observed
2025-05-15 23:00:00,15.8,0.0,73.0,13.8,observed
2025-05-16 00:00:00,14.7,0.0,75.0,7.8,observed
2025-05-16 01:00:00,12.6,0.0,85.0,12.7,observed
2025-05-16 02:00:00,13.8,0.0,84.0,14.3,observed
2025-05-16 03:00:00,14.6,0.0,80.0,14.3,observed
2025-05-16 04:00:00,15.1,0.0,69.0,9.55,observed
2025-05-16 05:00:00,13.8,0.0,76.0,6.2,observed
2025-05-16 06:00:00,14.9,0.0,67.0,14.2,observed
2025-05-16 07:00:00,15.85,0.0,69.5,11.0,imputed_gap
2025-05-16 08:00:00,16.8,0.0,72.0,7.8,observed
2025-05-16 09:00:00,19.0,0.0,66.0,28.6,observed
2025-05-16 10:00:00,19.9,0.0,67.0,11.2,observed
2025-05-16 11:00:00,21.3,0.0,75.0,9.1,observed
2025-05-16 12:00:00,23.45,0.0,50.0,12.35,observed
2025-05-16 13:00:00,23.8,0.0,54.0,11.7,observed
2025-05-16 14:00:00,22.8,0.0,60.0,10.1,observed
2025-05-16 15:00:00,23.6,0.0,56.0,10.5,imputed_gap
2025-05-16 16:00:00,24.4,0.0,52.0,10.9,observed
2025-05-16 17:00:00,24.1,0.0,54.0,4.5,observed
2025-05-16 18:00:00,21.5,0.0,59.0,5.3,observed
2025-05-16 19:00:00,22.0,0.0,54.0,12.6,observed
2025-05-16 20:00:00,20.4,0.0,70.0,12.6,observed
2025-05-16 21:00:00,18.6,0.0,69.0,11.2,observed
2025-05-16 22:00:00,16.7,0.0,75.0,6.0,observed
2025-05-16 23:00:00,15.2,0.0,75.0,9.0,observed
2025-05-17 00:00:00,13.3,0.0,79.0,15.2,observed
2025-05-17 01:00:00,12.1,0.0,80.0,17.6,observed
2025-05-17 02:00:00,12.2,0.0,85.0,8.3,observed
2025-05-17 03:00:00,12.3,0.0,88.0,8.5,observed
2025-05-17 04:00:00,11.5,0.0,77.0,13.4,observed
2025-05-17 05:00:00,12.5,0.0,75.0,18.8,observed
2025-05-17 06:00:00,12.9,0.0,78.0,8.7,observed
2025-05-17 07:00:00,14.3,0.0,81.0,6.8,observed
2025-05-17 08:00:00,16.0,0.0,76.0,10.9,observed
2025-05-17 09:00:00,17.4,0.0,60.0,13.8,observed
2025-05-17 10:00:00,20.7,0.0,66.0,11.0,observed
2025-05-17 11:00:00,21.1,0.0,60.0,12.15,observed
2025-05-17 12:00:00,20.1,0.0,64.0,4.5,observed
2025-05-17 13:00:00,20.316666666666666,0.35,67.66666666666667,5.45,imputed_gap
2025-05-17 14:00:00,20.533333333333335,0.7,71.33333333333333,6.4,imputed_gap
2025-05-17 15:00:00,20.75,1.05,75.0,7.35,observed
2025-05-17 16:00:00,21.7,0.0,64.0,11.7,observed
2025-05-17 17:00:00,19.1,1.15,82.0,6.75,observed
2025-05-17 18:00:00,18.4,2.0749999999999997,78.5,7.675,imputed_gap
2025-05-17 19:00:00,17.7,3.0,75.0,8.6,observed
2025-05-17 20:00:00,17.45,1.5,74.0,8.45,imputed_gap
2025-05-17 21:00:00,17.2,0.0,73.0,8.3,observed
2025-05-17 22:00:00,15.6,0.0,79.0,9.2,observed
2025-05-17 23:00:00,14.3,0.0,85.5,6.3,observed
2025-05-18 00:00:00,10.95,0.0,92.0,17.65,observed
2025-05-18 01:00:00,11.3,0.0,75.0,14.4,observed
2025-05-18 02:00:00,10.8,0.0,98.0,18.1,observed
2025-05-18 03:00:00,10.8,0.0,97.0,15.15,imputed_gap
2025-05-18 04:00:00,10.8,0.0,96.0,12.2,observed
2025-05-18 05:00:00,10.4,0.0,83.0,12.8,observed
2025-05-18 06:00:00,12.2,0.0,89.0,12.8,observed
2025-05-18 07:00:00,12.9,0.0,83.0,7.9,observed
2025-05-18 08:00:00,14.5,0.0,74.0,5.7,observed
2025-05-18 09:00:00,15.0,0.0,86.0,6.1,observed
2025-05-18 10:00:00,16.4,0.0,72.0,9.0,observed
2025-05-18 11:00:00,18.1,0.0,68.0,9.3,observed
2025-05-18 12:00:00,16.9,2.6,93.0,14.6,observed
2025-05-18 13:00:00,20.1,0.0,65.0,7.4,observed
2025-05-18 14:00:00,20.200000000000003,1.0,74.5,16.299999999999997,observed
2025-05-18 15:00:00,21.7,0.0,67.0,5.3,observed
2025-05-18 16:00:00,19.85,0.0,66.5,11.7,observed
2025-05-18 17:00:00,19.025,0.55,73.25,11.85,imputed_gap
2025-05-18 18:00:00,18.2,1.1,80.0,12.0,observed
2025-05-18 19:00:00,17.7,0.55,79.5,9.9,imputed_gap
2025-05-18 20:00:00,17.2,0.0,79.0,7.8,observed
2025-05-18 21:00:00,16.0,0.0,68.0,12.1,observed
2025-05-18 22:00:00,14.9,0.0,73.0,11.9,observed
2025-05-18 23:00:00,13.0,0.0,80.0,4.2,observed
2025-05-19 00:00:00,12.4,0.0,75.0,5.2,observed
2025-05-19 01:00:00,12.7,0.0,81.0,7.8,observed
2025-05-19 02:00:00,11.9,0.0,89.0,4.6,observed
2025-05-19 03:00:00,11.95,0.0,82.5,6.0,observed
2025-05-19 04:00:00,11.3,0.0,83.0,7.8,observed
2025-05-19 05:00:00,12.2,0.0,79.0,6.4,observed
2025-05-19 06:00:00,13.1,0.0,80.5,5.800000000000001,imputed_gap
2025-05-19 07:00:00,14.0,0.0,82.0,5.2,observed
2025-05-19 08:00:00,15.0,0.0,79.0,11.8,observed
2025-05-19 09:00:00,17.2,0.0,72.0,9.9,observed
2025-05-19 10:00:00,19.2,0.0,57.0,12.2,observed
2025-05-19 11:00:00,18.7,0.0,61.0,11.3,observed
2025-05-19 12:00:00,22.4,0.0,55.0,5.0,observed
2025-05-19 13:00:00,21.6,0.0,58.5,9.5,observed
2025-05-19 14:00:00,21.8,0.0,56.0,15.3,observed
2025-05-19 15:00:00,22.5,0.0,67.0,17.3,observed
2025-05-19 16:00:00,21.95,0.0,62.5,12.15,imputed_gap
2025-05-19 17:00:00,21.4,0.0,58.0,7.0,observed
2025-05-19 18:00:00,20.9,0.0,63.0,9.4,observed
2025-05-19 19:00:00,17.35,0.0,68.0,17.5,observed
2025-05-19 20:00:00,18.5,0.0,65.0,3.7,observed
2025-05-19 21:00:00,16.2,0.0,72.0,12.3,observed
2025-05-19 22:00:00,14.6,0.0,80.5,10.9,imputed_gap
2025-05-19 23:00:00,13.0,0.0,89.0,9.5,observed
2025-05-20 00:00:00,13.65,0.0,82.5,7.3,imputed_gap
2025-05-20 01:00:00,14.3,0.0,76.0,5.1,observed
2025-05-20 02:00:00,12.9,0.0,85.0,21.5,observed
2025-05-20 03:00:00,12.4,0.0,84.0,7.2,observed
2025-05-20 04:00:00,14.9,0.0,72.5,5.15,observed
2025-05-20 05:00:00,13.1,0.0,89.0,13.8,observed
2025-05-20 06:00:00,13.3,0.0,77.0,12.6,observed
2025-05-20 07:00:00,18.8,0.0,74.0,9.8,observed
2025-05-20 08:00:00,18.5,0.0,67.5,7.65,imputed_gap
2025-05-20 09:00:00,18.2,0.0,61.0,5.5,observed
2025-05-20 10:00:00,19.549999999999997,0.0,65.0,7.55,imputed_gap
2025-05-20 11:00:00,20.9,0.0,69.0,9.6,observed
2025-05-20 12:00:00,22.75,0.0,63.0,7.25,observed
2025-05-20 13:00:00,23.2,0.0,53.0,5.3,observed
2025-05-20 14:00:00,23.2,0.0,57.0,19.4,observed
2025-05-20 15:00:00,23.4,0.0,58.5,19.95,imputed_gap
2025-05-20 16:00:00,23.6,0.0,60.0,20.5,observed
2025-05-20 17:00:00,23.2,0.0,54.0,7.8,observed
2025-05-20 18:00:00,22.0,0.0,59.0,11.1,observed
2025-05-20 19:00:00,20.6,0.0,59.0,15.7,observed
2025-05-20 20:00:00,17.0,0.0,70.5,10.05,observed
2025-05-20 21:00:00,17.8,0.0,63.0,16.7,observed
2025-05-20 22:00:00,16.7,0.0,78.0,12.2,observed
2025-05-20 23:00:00,15.899999999999999,0.0,77.5,9.6,imputed_gap
2025-05-21 00:00:00,15.1,0.0,77.0,7.0,observed
2025-05-21 01:00:00,15.5,0.0,70.0,5.4,observed
2025-05-21 02:00:00,13.9,0.0,87.0,3.8,observed
2025-05-21 03:00:00,13.7,0.0,85.0,8.9,observed
2025-05-21 04:00:00,13.9,0.0,74.0,8.9,observed
2025-05-21 05:00:00,14.9,0.0,71.0,12.8,observed
2025-05-21 06:00:00,15.1,0.0,75.0,17.8,observed
2025-05-21 07:00:00,16.4,0.0,72.0,17.3,observed
2025-05-21 08:00:00,17.8,0.0,69.0,21.7,observed
2025-05-21 09:00:00,19.0,0.0,73.0,15.2,observed
2025-05-21 10:00:00,21.8,0.0,57.0,7.8,observed
2025-05-21 11:00:00,22.3,0.0,58.0,5.8,observed
2025-05-21 12:00:00,20.6,4.9,76.0,9.1,observed
2025-05-21 13:00:00,22.8,3.6,74.0,11.8,observed
2025-05-21 14:00:00,23.8,0.0,56.0,7.1,observed
2025-05-21 15:00:00,25.2,0.0,53.0,7.9,observed
2025-05-21 16:00:00,22.1,2.4,75.0,12.8,observed
2025-05-21 17:00:00,22.6,8.8,70.0,6.3,observed
2025-05-21 18:00:00,23.9,0.0,50.0,18.1,observed
2025-05-21 19:00:00,20.15,0.0,64.5,10.0,observed
2025-05-21 20:00:00,20.8,0.0,65.0,6.1,observed
2025-05-21 21:00:00,19.9,0.0,71.0,5.3,observed
2025-05-21 22:00:00,18.1,0.0,75.5,8.9,imputed_gap
2025-05-21 23:00:00,16.3,0.0,80.0,12.5,observed
2025-05-22 00:00:00,14.9,0.0,75.0,18.3,observed
2025-05-22 01:00:00,14.7,0.0,78.0,13.6,observed
2025-05-22 02:00:00,12.95,0.0,79.0,9.3,observed
2025-05-22 03:00:00,13.1,0.0,81.0,19.2,observed
2025-05-22 04:00:00,13.4,0.0,78.0,15.1,observed
2025-05-22 05:00:00,14.4,0.0,78.0,7.8,observed
2025-05-22 06:00:00,14.9,0.0,76.0,8.5,observed
2025-05-22 07:00:00,16.7,0.0,81.0,6.1,observed
2025-05-22 08:00:00,18.2,0.0,62.0,14.4,observed
2025-05-22 09:00:00,18.7,0.0,70.0,12.2,observed
2025-05-22 10:00:00,20.5,0.0,63.0,10.6,observed
2025-05-22 11:00:00,21.7,0.0,68.0,10.6,observed
2025-05-22 12:00:00,23.1,0.0,66.0,11.7,observed
2025-05-22 13:00:00,21.8,4.6,80.0,6.2,observed
2025-05-22 14:00:00,24.5,0.0,55.0,12.8,observed
2025-05-22 15:00:00,24.3,1.3,61.0,10.6,observed
2025-05-22 16:00:00,21.8,0.9,68.0,10.6,observed
2025-05-22 17:00:00,24.2,0.0,58.0,13.0,observed
2025-05-22 18:00:00,22.1,0.55,69.5,11.4,imputed_gap
2025-05-22 19:00:00,20.0,1.1,81.0,9.8,observed
2025-05-22 20:00:00,20.6,0.0,66.0,11.3,observed
2025-05-22 21:00:00,19.7,0.0,67.0,14.5,observed
2025-05-22 22:00:00,16.8,0.0,77.0,15.3,observed
2025-05-22 23:00:00,17.0,0.0,64.0,10.2,observed
2025-05-23 00:00:00,14.1,0.0,77.0,13.3,observed
2025-05-23 01:00:00,12.8,0.0,85.0,11.7,observed
2025-05-23 02:00:00,11.6,0.0,73.0,19.3,observed
2025-05-23 03:00:00,12.0,0.0,76.5,15.8,observed
2025-05-23 04:00:00,12.7,0.0,80.0,9.2,observed
2025-05-23 05:00:00,12.4,0.0,84.0,15.9,observed
2025-05-23 06:00:00,13.8,0.0,76.0,16.0,observed
2025-05-23 07:00:00,14.9,0.0,82.0,6.3,observed
2025-05-23 08:00:00,16.3,0.0,81.0,12.5,observed
2025-05-23 09:00:00,17.6,0.0,64.0,10.2,observed
2025-05-23 10:00:00,19.0,0.0,65.0,11.0,observed
2025-05-23 11:00:00,18.5,1.1,86.0,24.3,observed
2025-05-23 12:00:00,20.55,0.55,73.5,19.75,imputed_gap
2025-05-23 13:00:00,22.6,0.0,61.0,15.2,observed
2025-05-23 14:00:00,20.8,0.7,87.0,5.6,observed
2025-05-23 15:00:00,20.3,5.7,75.0,16.1,observed
2025-05-23 16:00:00,20.4,0.7,71.0,12.3,observed
2025-05-23 17:00:00,22.8,0.0,52.0,8.1,observed
2025-05-23 18:00:00,18.4,1.0,81.0,3.7,observed
2025-05-23 19:00:00,17.4,2.7,85.0,10.4,observed
2025-05-23 20:00:00,19.0,0.0,68.0,9.6,observed
2025-05-23 21:00:00,16.85,0.0,73.0,17.2,observed
2025-05-23 22:00:00,16.1,0.0,64.0,5.8,observed
2025-05-23 23:00:00,14.2,0.0,81.0,7.8,observed
2025-05-24 00:00:00,13.6,0.0,75.0,12.4,observed
2025-05-24 01:00:00,13.5,0.0,83.0,11.1,observed
2025-05-24 02:00:00,13.0,0.0,82.5,9.1,observed
2025-05-24 03:00:00,11.9,0.0,82.0,14.3,observed
2025-05-24 04:00:00,13.2,0.0,87.0,10.2,observed
2025-05-24 05:00:00,13.3,0.0,83.0,9.4,observed
2025-05-24 06:00:00,14.5,0.0,75.0,7.1,observed
2025-05-24 07:00:00,15.3,0.0,69.0,11.2,observed
2025-05-24 08:00:00,16.9,0.0,76.0,5.8,observed
2025-05-24 09:00:00,18.5,0.0,69.0,10.6,observed
2025-05-24 10:00:00,19.5,0.0,76.0,12.5,observed
2025-05-24 11:00:00,20.3,0.0,64.0,17.4,observed
2025-05-24 12:00:00,21.8,0.0,59.0,11.45,imputed_gap
2025-05-24 13:00:00,23.3,0.0,54.0,5.5,observed
2025-05-24 14:00:00,22.5,0.0,51.0,5.7,observed
2025-05-24 15:00:00,24.7,0.1,54.0,9.3,observed
2025-05-24 16:00:00,21.75,3.8499999999999996,75.0,13.4,observed
2025-05-24 17:00:00,23.7,0.0,55.0,6.9,observed
2025-05-24 18:00:00,22.3,0.0,65.0,15.4,observed
2025-05-24 19:00:00,21.0,0.0,52.0,8.9,observed
2025-05-24 20:00:00,20.3,0.0,66.0,14.2,observed
2025-05-24 21:00:00,18.2,0.0,74.0,9.9,observed
2025-05-24 22:00:00,15.95,0.0,75.25,11.05,imputed_gap
2025-05-24 23:00:00,13.7,0.0,76.5,12.2,observed
2025-05-25 00:00:00,14.2,0.0,78.0,10.1,observed
2025-05-25 01:00:00,11.3,0.0,89.0,8.3,observed
2025-05-25 02:00:00,11.45,0.0,90.0,15.0,imputed_gap
2025-05-25 03:00:00,11.6,0.0,91.0,21.7,observed
2025-05-25 04:00:00,12.2,0.0,74.0,22.1,observed
2025-05-25 05:00:00,14.350000000000001,0.0,76.0,14.0,observed
2025-05-25 06:00:00,13.7,0.0,74.0,9.0,observed
2025-05-25 07:00:00,14.7,0.0,79.0,9.0,observed
2025-05-25 08:00:00,16.1,0.0,74.5,8.9,imputed_gap
2025-05-25 09:00:00,17.5,0.0,70.0,8.8,observed
2025-05-25 10:00:00,18.5,0.0,69.0,13.8,observed
2025-05-25 11:00:00,19.8,0.0,59.0,8.2,observed
2025-05-25 12:00:00,21.7,0.0,61.0,25.9,observed
2025-05-25 13:00:00,22.1,0.0,64.0,11.7,observed
2025-05-25 14:00:00,23.1,0.0,52.0,8.5,observed
2025-05-25 15:00:00,22.85,0.0,53.0,12.6,observed
2025-05-25 16:00:00,22.6,0.0,68.0,22.3,observed
2025-05-25 17:00:00,22.3,0.0,55.0,18.2,imputed_gap
2025-05-25 18:00:00,22.0,0.0,42.0,14.1,observed
2025-05-25 19:00:00,20.5,0.0,71.0,8.9,observed
2025-05-25 20:00:00,17.65,0.0,65.5,12.55,observed
2025-05-25 21:00:00,17.2,0.0,76.0,18.2,observed
2025-05-25 22:00:00,16.0,0.0,78.0,9.7,observed
2025-05-25 23:00:00,13.775,0.0,81.0,10.5,imputed_gap
2025-05-26 00:00:00,11.55,0.0,84.0,11.3,observed
2025-05-26 01:00:00,10.8,0.0,81.0,9.5,observed
2025-05-26 02:00:00,11.2,0.0,94.0,11.1,observed
2025-05-26 03:00:00,11.0,0.0,89.0,8.9,imputed_gap
2025-05-26 04:00:00,10.8,0.0,84.0,6.7,observed
2025-05-26 05:00:00,13.95,0.0,73.0,17.25,observed
2025-05-26 06:00:00,12.9,0.0,79.0,8.7,observed
2025-05-26 07:00:00,13.3,0.0,85.0,3.7,observed
2025-05-26 08:00:00,18.0,0.0,74.0,7.6,observed
2025-05-26 09:00:00,16.8,0.0,73.0,10.3,observed
2025-05-26 10:00:00,18.0,0.0,77.0,13.7,observed
2025-05-26 11:00:00,21.3,0.0,57.0,8.0,observed
2025-05-26 12:00:00,20.3,0.0,50.0,11.3,observed
2025-05-26 13:00:00,20.6,0.0,70.0,6.4,observed
2025-05-26 14:00:00,21.5,0.0,66.0,6.800000000000001,imputed_gap
2025-05-26 15:00:00,22.4,0.0,62.0,7.2,observed
2025-05-26 16:00:00,22.6,0.0,65.0,8.8,observed
2025-05-26 17:00:00,22.2,0.0,48.0,18.9,observed
2025-05-26 18:00:00,20.1,0.0,67.0,9.7,observed
2025-05-26 19:00:00,19.3,0.0,71.0,17.3,observed
2025-05-26 20:00:00,18.0,0.0,68.0,12.8,observed
2025-05-26 21:00:00,17.8,0.0,74.0,13.6,observed
2025-05-26 22:00:00,14.4,0.0,77.0,10.5,observed
2025-05-26 23:00:00,13.6,0.0,74.0,7.8,observed
2025-05-27 00:00:00,14.3,0.0,81.0,12.9,observed
2025-05-27 01:00:00,12.4,0.0,78.0,6.4,observed
2025-05-27 02:00:00,12.4,0.0,86.0,4.9,observed
2025-05-27 03:00:00,13.2,0.0,78.0,8.9,observed
2025-05-27 04:00:00,12.4,0.0,86.0,7.5,observed
2025-05-27 05:00:00,13.2,0.0,73.0,8.8,observed
2025-05-27 06:00:00,14.3,0.0,80.0,11.3,observed
2025-05-27 07:00:00,15.7,0.0,75.0,9.0,observed
2025-05-27 08:00:00,16.8,0.0,78.0,8.1,observed
2025-05-27 09:00:00,20.85,0.0,65.0,12.399999999999999,observed
2025-05-27 10:00:00,19.8,0.0,67.0,11.2,observed
2025-05-27 11:00:00,22.0,0.0,66.0,10.5,observed
2025-05-27 12:00:00,22.975,0.0,65.0,10.45,imputed_gap
2025-05-27 13:00:00,23.950000000000003,0.0,64.0,10.4,observed
2025-05-27 14:00:00,23.3,0.0,51.0,9.9,observed
2025-05-27 15:00:00,24.4,0.0,50.0,9.6,observed
2025-05-27 16:00:00,23.45,0.0,56.5,13.25,imputed_gap
2025-05-27 17:00:00,22.5,0.0,63.0,16.9,observed
2025-05-27 18:00:00,21.6,0.0,60.0,9.9,observed
2025-05-27 19:00:00,21.2,0.0,58.0,13.3,observed
2025-05-27 20:00:00,20.4,0.0,65.0,14.1,observed
2025-05-27 21:00:00,15.45,0.0,74.5,11.6,observed
2025-05-27 22:00:00,15.9,0.0,76.0,12.0,observed
2025-05-27 23:00:00,16.5,0.0,82.0,6.1,observed
2025-05-28 00:00:00,14.4,0.0,79.5,4.9,imputed_gap
2025-05-28 01:00:00,12.3,0.0,77.0,3.7,observed
2025-05-28 02:00:00,11.7,0.0,83.0,8.9,observed
2025-05-28 03:00:00,12.2,0.0,81.0,9.6,observed
2025-05-28 04:00:00,11.2,0.0,88.0,9.8,observed
2025-05-28 05:00:00,11.2,0.0,92.0,6.0,observed
2025-05-28 06:00:00,12.8,0.0,79.0,18.2,observed
2025-05-28 07:00:00,14.1,0.0,81.0,14.4,observed
2025-05-28 08:00:00,15.6,0.0,75.0,14.3,observed
2025-05-28 09:00:00,17.0,0.0,74.0,10.9,observed
2025-05-28 10:00:00,18.25,0.0,73.0,15.2,imputed_gap
2025-05-28 11:00:00,19.5,0.0,72.0,19.5,observed
2025-05-28 12:00:00,20.9,0.0,65.0,7.1,observed
2025-05-28 13:00:00,20.7,0.0,67.0,9.7,observed
2025-05-28 14:00:00,22.4,0.0,54.0,5.8,observed
2025-05-28 15:00:00,22.8,0.0,44.0,14.8,observed
2025-05-28 16:00:00,22.7,0.0,52.0,10.5,observed
2025-05-28 17:00:00,20.8,0.0,62.0,16.5,observed
2025-05-28 18:00:00,21.2,0.0,63.0,7.3,observed
2025-05-28 19:00:00,20.5,0.0,59.0,5.1,observed
2025-05-28 20:00:00,18.7,0.0,77.0,4.9,observed
2025-05-28 21:00:00,17.3,0.0,66.0,9.1,observed
2025-05-28 22:00:00,14.35,0.0,77.0,10.1,observed
2025-05-28 23:00:00,14.0,0.0,78.0,14.4,observed
2025-05-29 00:00:00,14.5,0.0,71.0,16.2,observed
2025-05-29 01:00:00,14.225,0.0,76.25,13.275,imputed_gap
2025-05-29 02:00:00,13.95,0.0,81.5,10.350000000000001,observed
2025-05-29 03:00:00,12.1,0.0,88.0,10.8,observed
2025-05-29 04:00:00,13.0,0.0,78.0,5.2,observed
2025-05-29 05:00:00,13.9,0.0,77.0,11.900000000000002,imputed_gap
2025-05-29 06:00:00,14.8,0.0,76.0,18.6,observed
2025-05-29 07:00:00,16.9,0.0,75.0,15.4,observed
2025-05-29 08:00:00,19.049999999999997,0.0,70.5,7.3,observed
2025-05-29 09:00:00,18.9,0.0,62.0,11.9,observed
2025-05-29 10:00:00,19.6,0.0,72.0,9.8,observed
2025-05-29 11:00:00,19.9,2.425,77.0,12.625,imputed_gap
2025-05-29 12:00:00,20.2,4.85,82.0,15.45,observed
2025-05-29 13:00:00,22.5,0.0,64.0,10.0,observed
2025-05-29 14:00:00,21.1,6.65,68.5,5.9,observed
2025-05-29 15:00:00,20.9,1.1,83.0,15.1,observed
2025-05-29 16:00:00,24.3,0.0,56.0,19.4,observed
2025-05-29 17:00:00,22.65,0.15,56.0,13.7,imputed_gap
2025-05-29 18:00:00,21.0,0.3,56.0,8.0,observed
2025-05-29 19:00:00,21.4,0.0,67.0,18.3,observed
2025-05-29 20:00:00,17.3,5.1,95.0,9.6,observed
2025-05-29 21:00:00,15.9,9.2,87.0,18.6,observed
2025-05-29 22:00:00,17.3,0.0,71.0,15.0,observed
2025-05-29 23:00:00,15.5,0.0,78.0,10.3,observed
2025-05-30 00:00:00,14.0,0.0,82.0,11.5,observed
2025-05-30 01:00:00,12.6,0.0,85.0,13.0,observed
2025-05-30 02:00:00,12.9,0.0,81.0,12.4,observed
2025-05-30 03:00:00,11.9,0.0,80.0,9.6,observed
2025-05-30 04:00:00,13.75,0.0,84.0,10.55,observed
2025-05-30 05:00:00,13.3,0.0,85.0,8.0,observed
2025-05-30 06:00:00,14.166666666666668,0.0,79.0,8.466666666666667,imputed_gap
2025-05-30 07:00:00,15.033333333333333,0.0,73.0,8.933333333333334,imputed_gap
2025-05-30 08:00:00,15.9,0.0,67.0,9.4,observed
2025-05-30 09:00:00,16.5,0.0,71.0,8.9,observed
2025-05-30 10:00:00,18.7,0.0,73.0,8.7,observed
2025-05-30 11:00:00,20.8,0.0,69.0,9.3,observed
2025-05-30 12:00:00,21.6,0.0,66.0,17.7,observed
2025-05-30 13:00:00,22.7,0.0,59.0,5.0,observed
2025-05-30 14:00:00,22.9,0.0,57.0,5.8,observed
2025-05-30 15:00:00,22.8,0.0,58.0,12.4,observed
2025-05-30 16:00:00,23.0,0.0,53.0,13.7,observed
2025-05-30 17:00:00,22.5,0.0,57.0,8.2,observed
2025-05-30 18:00:00,21.1,0.0,54.0,12.8,observed
2025-05-30 19:00:00,17.799999999999997,0.0,73.0,10.45,observed
2025-05-30 20:00:00,19.1,0.0,76.0,13.0,observed
2025-05-30 21:00:00,17.0,0.0,73.0,12.9,observed
2025-05-30 22:00:00,15.6,0.0,72.75,11.7,imputed_gap
2025-05-30 23:00:00,14.2,0.0,72.5,10.5,observed
2025-05-31 00:00:00,15.2,0.0,70.0,14.1,observed
2025-05-31 01:00:00,13.7,0.0,81.0,14.5,observed
2025-05-31 02:00:00,13.3,0.0,77.5,16.65,imputed_gap
2025-05-31 03:00:00,12.9,0.0,74.0,18.8,observed
2025-05-31 04:00:00,13.7,0.0,83.0,8.3,observed
2025-05-31 05:00:00,13.5,0.0,77.0,13.5,observed
2025-05-31 06:00:00,13.3,0.0,76.0,9.7,observed
2025-05-31 07:00:00,18.200000000000003,0.0,65.5,10.850000000000001,observed
2025-05-31 08:00:00,16.7,0.0,82.0,17.0,observed
2025-05-31 09:00:00,18.35,0.0,69.0,10.6,observed
2025-05-31 10:00:00,19.325000000000003,0.0,67.5,15.2,imputed_gap
2025-05-31 11:00:00,20.3,0.0,66.0,19.8,observed
2025-05-31 12:00:00,22.1,0.0,60.0,9.0,observed
2025-05-31 13:00:00,23.4,0.0,54.0,19.4,observed
2025-05-31 14:00:00,23.3,0.0,47.0,7.0,observed
2025-05-31 15:00:00,23.9,0.0,48.0,12.6,observed
2025-05-31 16:00:00,22.8,0.0,56.0,16.2,observed
2025-05-31 17:00:00,23.4,0.0,60.0,13.5,observed
2025-05-31 18:00:00,20.2,0.0,68.5,13.95,observed
2025-05-31 19:00:00,20.8,0.0,61.0,14.9,observed
2025-05-31 20:00:00,20.2,0.0,66.0,9.5,observed
2025-05-31 21:00:00,18.549999999999997,0.0,71.5,8.55,imputed_gap
2025-05-31 22:00:00,16.9,0.0,77.0,7.6,observed
2025-05-31 23:00:00,16.5,0.0,77.0,19.1,observed
2025-06-01 00:00:00,14.4,0.0,71.0,11.5,observed
2025-06-01 01:00:00,14.4,0.0,78.0,18.1,observed
2025-06-01 02:00:00,13.2,0.0,82.0,5.7,observed
2025-06-01 03:00:00,13.7,0.0,83.0,7.4,observed
2025-06-01 04:00:00,13.8,0.0,75.0,8.0,observed
2025-06-01 05:00:00,13.8,0.0,78.0,21.0,observed
2025-06-01 06:00:00,14.5,0.0,81.0,5.9,observed
2025-06-01 07:00:00,16.566666666666666,0.0,72.0,6.566666666666667,observed
2025-06-01 08:00:00,17.4,0.0,75.0,10.1,observed
2025-06-01 09:00:00,16.8,0.0,69.0,6.1,observed
2025-06-01 10:00:00,18.450000000000003,0.0,65.0,8.0,imputed_gap
2025-06-01 11:00:00,20.1,0.0,61.0,9.9,observed
2025-06-01 12:00:00,21.4,0.0,63.0,7.4,observed
2025-06-01 13:00:00,21.35,0.0,61.5,12.100000000000001,imputed_gap
2025-06-01 14:00:00,21.3,0.0,60.0,16.8,observed
2025-06-01 15:00:00,21.6,0.0,63.0,8.6,observed
2025-06-01 16:00:00,21.3,0.0,55.0,9.3,observed
2025-06-01 17:00:00,22.0,0.0,59.0,6.4,observed
2025-06-01 18:00:00,20.5,0.0,64.0,16.5,observed
2025-06-01 19:00:00,20.1,0.0,66.0,7.4,observed
2025-06-01 20:00:00,19.1,0.0,74.0,8.1,observed
2025-06-01 21:00:00,17.8,0.0,74.0,5.2,observed
2025-06-01 22:00:00,16.65,0.0,76.0,6.9,imputed_gap
2025-06-01 23:00:00,15.5,0.0,78.0,8.6,observed
2025-06-02 00:00:00,15.4,0.0,71.0,10.3,observed
2025-06-02 01:00:00,14.3,0.0,76.0,11.9,observed
2025-06-02 02:00:00,14.3,0.0,77.0,14.6,observed
2025-06-02 03:00:00,13.5,0.0,75.0,12.9,observed
2025-06-02 04:00:00,14.1,0.0,82.0,6.5,observed
2025-06-02 05:00:00,14.4,0.0,74.0,13.3,observed
2025-06-02 06:00:00,15.3,0.0,76.0,11.1,observed
2025-06-02 07:00:00,16.9,0.0,77.0,5.9,observed
2025-06-02 08:00:00,17.0,0.0,69.0,11.0,observed
2025-06-02 09:00:00,18.6,0.0,69.0,7.6,observed
2025-06-02 10:00:00,20.0,0.0,62.5,9.649999999999999,observed
2025-06-02 11:00:00,20.299999999999997,0.0,64.0,10.3,observed
2025-06-02 12:00:00,21.55,0.0,67.0,12.2,observed
2025-06-02 13:00:00,20.675,0.35,73.5,12.1,imputed_gap
2025-06-02 14:00:00,19.8,0.7,80.0,12.0,observed
2025-06-02 15:00:00,22.8,0.0,53.0,18.1,observed
2025-06-02 16:00:00,19.3,6.8,81.0,9.8,observed
2025-06-02 17:00:00,20.5,1.6,74.0,12.3,observed
2025-06-02 18:00:00,18.2,0.9,86.0,14.8,observed
2025-06-02 19:00:00,18.35,1.6,75.0,13.7,observed
2025-06-02 20:00:00,16.9,2.0,91.0,8.1,observed
2025-06-02 21:00:00,16.6,7.1,89.0,8.4,observed
2025-06-02 22:00:00,16.450000000000003,3.55,80.5,8.55,imputed_gap
2025-06-02 23:00:00,16.3,0.0,72.0,8.7,observed
2025-06-03 00:00:00,14.2,0.0,82.0,9.1,observed
2025-06-03 01:00:00,14.4,0.0,92.0,4.7,observed
2025-06-03 02:00:00,14.2,0.0,70.0,9.2,observed
2025-06-03 03:00:00,13.6,0.0,78.66666666666667,12.233333333333334,observed
2025-06-03 04:00:00,13.9,0.0,81.0,11.4,observed
2025-06-03 05:00:00,14.5,0.0,77.0,11.0,observed
2025-06-03 06:00:00,15.15,0.0,79.5,9.9,imputed_gap
2025-06-03 07:00:00,15.8,0.0,82.0,8.8,observed
2025-06-03 08:00:00,17.2,0.0,68.0,16.6,observed
2025-06-03 09:00:00,17.4,0.0,64.0,14.1,observed
2025-06-03 10:00:00,18.549999999999997,0.5,73.0,10.7,observed
2025-06-03 11:00:00,18.5,0.0,64.0,12.7,observed
2025-06-03 12:00:00,20.1,0.0,60.0,13.0,observed
2025-06-03 13:00:00,20.05,2.45,66.0,10.0,imputed_gap
2025-06-03 14:00:00,20.0,4.9,72.0,7.0,observed
2025-06-03 15:00:00,22.7,0.0,64.0,9.4,observed
2025-06-03 16:00:00,19.0,1.8,87.0,13.8,observed
2025-06-03 17:00:00,18.8,3.3,76.0,13.0,observed
2025-06-03 18:00:00,20.6,0.0,66.0,12.9,observed
2025-06-03 19:00:00,19.5,0.0,66.0,5.9,observed
2025-06-03 20:00:00,18.5,0.4,63.0,19.8,observed
2025-06-03 21:00:00,14.7,3.6,94.0,4.0,observed
2025-06-03 22:00:00,13.6,1.0,100.0,10.9,observed
2025-06-03 23:00:00,15.2,0.0,71.0,6.7,observed
2025-06-04 00:00:00,14.2,0.0,78.0,17.5,observed
2025-06-04 01:00:00,13.850000000000001,0.0,78.0,9.75,observed
2025-06-04 02:00:00,14.1,0.0,78.0,19.9,observed
2025-06-04 03:00:00,14.233333333333333,0.0,76.0,14.866666666666667,imputed_gap
2025-06-04 04:00:00,14.366666666666667,0.0,74.0,9.833333333333334,imputed_gap
2025-06-04 05:00:00,14.5,0.0,72.0,4.8,observed
2025-06-04 06:00:00,14.6,0.0,82.0,7.4,observed
2025-06-04 07:00:00,15.7,0.0,73.0,6.9,observed
2025-06-04 08:00:00,16.8,0.0,74.0,5.1,observed
2025-06-04 09:00:00,18.3,0.0,65.0,11.7,observed
2025-06-04 10:00:00,19.4,0.0,58.0,12.1,observed
2025-06-04 11:00:00,19.6,0.0,73.0,17.0,observed
2025-06-04 12:00:00,21.5,0.0,60.0,12.6,observed
2025-06-04 13:00:00,22.1,0.0,59.5,8.55,observed
2025-06-04 14:00:00,22.3,0.0,62.0,14.4,observed
2025-06-04 15:00:00,20.6,3.4,70.0,4.6,observed
2025-06-04 16:00:00,21.1,1.6999999999999997,66.0,5.85,imputed_gap
2025-06-04 17:00:00,21.6,0.0,62.0,7.1,observed
2025-06-04 18:00:00,18.3,1.3,88.0,8.8,observed
2025-06-04 19:00:00,18.6,1.7,90.0,15.0,observed
2025-06-04 20:00:00,18.6,0.0,65.0,21.5,observed
2025-06-04 21:00:00,18.2,0.0,77.0,10.9,observed
2025-06-04 22:00:00,17.2,0.0,75.5,11.600000000000001,imputed_gap
2025-06-04 23:00:00,16.2,0.0,74.0,12.3,observed
2025-06-05 00:00:00,13.0,0.0,78.0,11.5,observed
2025-06-05 01:00:00,13.0,0.0,77.0,9.2,observed
2025-06-05 02:00:00,11.4,0.0,89.0,8.3,observed
2025-06-05 03:00:00,11.9,0.0,83.0,9.6,observed
2025-06-05 04:00:00,11.8,0.0,88.0,14.8,observed
2025-06-05 05:00:00,12.8,0.0,72.0,14.5,observed
2025-06-05 06:00:00,13.5,0.0,86.0,15.2,observed
2025-06-05 07:00:00,15.0,0.0,83.0,11.8,observed
2025-06-05 08:00:00,15.6,0.0,74.0,18.9,observed
2025-06-05 09:00:00,15.6,0.0,81.0,5.7,observed
2025-06-05 10:00:00,17.1,0.0,78.0,10.3,observed
2025-06-05 11:00:00,18.9,0.0,62.0,15.0,observed
2025-06-05 12:00:00,19.5,0.0,63.0,15.4,imputed_gap
2025-06-05 13:00:00,20.1,0.0,64.0,15.8,observed
2025-06-05 14:00:00,20.8,0.0,67.0,14.8,observed
2025-06-05 15:00:00,21.2,0.0,52.0,8.9,observed
2025-06-05 16:00:00,19.3,0.0,69.0,9.65,observed
2025-06-05 17:00:00,18.9,0.0,66.0,7.9,observed
2025-06-05 18:00:00,19.0,0.0,73.0,10.6,observed
2025-06-05 19:00:00,18.05,0.0,70.0,12.25,imputed_gap
2025-06-05 20:00:00,17.1,0.0,67.0,13.9,observed
2025-06-05 21:00:00,14.45,0.0,80.5,12.0,observed
2025-06-05 22:00:00,15.6,0.0,68.0,9.1,observed
2025-06-05 23:00:00,14.6,0.0,72.33333333333333,8.5,observed
2025-06-06 00:00:00,12.774999999999999,0.0,76.66666666666667,6.6,imputed_gap
2025-06-06 01:00:00,10.95,0.0,81.0,4.7,observed
2025-06-06 02:00:00,9.4,0.0,84.0,13.0,observed
2025-06-06 03:00:00,11.3,0.0,90.0,10.6,observed
2025-06-06 04:00:00,10.4,0.0,96.0,10.6,observed
2025-06-06 05:00:00,10.9,0.0,83.0,8.9,observed
2025-06-06 06:00:00,11.6,0.0,84.0,19.6,observed
2025-06-06 07:00:00,12.9,0.0,73.0,10.2,observed
2025-06-06 08:00:00,13.5,0.0,75.0,11.5,observed
2025-06-06 09:00:00,15.2,0.0,80.0,9.8,observed
2025-06-06 10:00:00,15.9,0.0,77.0,8.8,observed
2025-06-06 11:00:00,18.4,0.0,69.5,10.6,observed
2025-06-06 12:00:00,18.7,0.0,65.0,10.7,observed
2025-06-06 13:00:00,19.2,0.0,67.0,3.7,observed
2025-06-06 14:00:00,18.75,0.0,67.0,5.75,imputed_gap
2025-06-06 15:00:00,18.3,0.0,67.0,7.8,observed
2025-06-06 16:00:00,17.8,0.0,73.0,9.65,observed
2025-06-06 17:00:00,19.0,0.0,71.0,5.4,observed
2025-06-06 18:00:00,16.25,0.0,76.0,10.75,observed
2025-06-06 19:00:00,16.125,0.0,74.5,10.175,imputed_gap
2025-06-06 20:00:00,16.0,0.0,73.0,9.6,observed
2025-06-06 21:00:00,15.15,0.0,73.0,12.0,imputed_gap
2025-06-06 22:00:00,14.3,0.0,73.0,14.4,observed
2025-06-06 23:00:00,11.65,0.0,87.5,11.600000000000001,observed
2025-06-07 00:00:00,11.3,0.0,89.0,15.7,observed
2025-06-07 01:00:00,11.1,0.0,80.0,19.7,observed
2025-06-07 02:00:00,10.5,0.0,87.5,19.6,imputed_gap
2025-06-07 03:00:00,9.9,0.0,95.0,19.5,observed
2025-06-07 04:00:00,11.899999999999999,0.25,83.5,12.5,observed
2025-06-07 05:00:00,10.7,0.0,89.0,12.9,observed
2025-06-07 06:00:00,11.5,0.0,87.0,17.2,observed
2025-06-07 07:00:00,12.299999999999999,0.0,85.0,14.6,imputed_gap
2025-06-07 08:00:00,13.1,0.0,83.0,12.0,observed
2025-06-07 09:00:00,14.2,0.0,74.0,15.9,observed
2025-06-07 10:00:00,15.0,0.0,73.0,18.7,observed
2025-06-07 11:00:00,17.1,0.0,73.0,6.2,observed
2025-06-07 12:00:00,17.8,0.0,62.0,10.6,observed
2025-06-07 13:00:00,19.0,0.0,65.0,7.7,observed
2025-06-07 14:00:00,18.5,0.0,69.5,11.0,observed
2025-06-07 15:00:00,19.0,0.0,65.25,14.1,observed
2025-06-07 16:00:00,19.6,0.0,61.0,12.7,observed
2025-06-07 17:00:00,18.85,0.0,58.5,11.8,imputed_gap
2025-06-07 18:00:00,18.1,0.0,56.0,10.9,observed
2025-06-07 19:00:00,17.2,0.0,72.0,9.6,observed
2025-06-07 20:00:00,15.5,0.0,69.0,4.2,observed
2025-06-07 21:00:00,14.6,0.0,80.0,12.8,observed
2025-06-07 22:00:00,13.6,0.0,84.0,6.3,observed
2025-06-07 23:00:00,11.6,0.0,85.0,16.7,observed
2025-06-08 00:00:00,12.9,0.0,78.0,10.1,observed
2025-06-08 01:00:00,12.3,0.0,83.5,11.2,observed
2025-06-08 02:00:00,12.3,0.0,91.0,6.2,observed
2025-06-08 03:00:00,11.4,0.0,91.0,21.7,observed
2025-06-08 04:00:00,12.05,0.0,88.0,13.85,imputed_gap
2025-06-08 05:00:00,12.7,0.0,85.0,6.0,observed
2025-06-08 06:00:00,12.3,0.0,79.0,12.6,observed
2025-06-08 07:00:00,13.7,0.0,81.0,13.0,observed
2025-06-08 08:00:00,15.4,0.0,75.0,7.7,observed
2025-06-08 09:00:00,16.3,0.0,74.0,10.6,observed
2025-06-08 10:00:00,16.9,0.0,72.0,9.5,observed
2025-06-08 11:00:00,17.9,0.0,64.0,6.1,observed
2025-06-08 12:00:00,18.8,0.0,64.0,8.5,observed
2025-06-08 13:00:00,19.2,0.0,73.0,21.2,observed
2025-06-08 14:00:00,20.3,0.0,68.0,6.2,observed
2025-06-08 15:00:00,19.9,0.0,66.0,12.8,observed
2025-06-08 16:00:00,20.3,0.0,66.0,4.6,observed
2025-06-08 17:00:00,20.4,0.0,63.0,9.4,observed
2025-06-08 18:00:00,18.5,0.0,73.0,15.0,observed
2025-06-08 19:00:00,17.9,0.0,73.0,7.6,observed
2025-06-08 20:00:00,17.2,0.0,68.0,10.8,observed
2025-06-08 21:00:00,16.8,0.0,76.0,11.9,observed
2025-06-08 22:00:00,14.3,0.0,78.5,9.0,observed
2025-06-08 23:00:00,14.0,0.0,77.75,11.0,observed
2025-06-09 00:00:00,13.4,0.0,77.0,5.8,observed
2025-06-09 01:00:00,13.100000000000001,0.0,77.5,8.875,imputed_gap
2025-06-09 02:00:00,12.8,0.0,78.0,11.95,observed
2025-06-09 03:00:00,12.25,0.0,88.0,9.75,observed
2025-06-09 04:00:00,13.6,0.0,80.0,7.55,observed
2025-06-09 05:00:00,14.424999999999999,0.0,78.0,9.8875,imputed_gap
2025-06-09 06:00:00,15.25,0.0,76.0,12.224999999999998,imputed_gap
2025-06-09 07:00:00,16.075,0.0,74.0,14.562499999999998,imputed_gap
2025-06-09 08:00:00,16.9,0.0,72.0,16.9,observed
2025-06-09 09:00:00,16.3,0.0,73.0,6.6,observed
2025-06-09 10:00:00,17.4,0.0,76.0,9.4,observed
2025-06-09 11:00:00,18.366666666666667,0.0,68.66666666666667,9.0,imputed_gap
2025-06-09 12:00:00,19.333333333333332,0.0,61.33333333333333,8.6,imputed_gap
2025-06-09 13:00:00,20.3,0.0,54.0,8.2,observed
2025-06-09 14:00:00,21.0,0.0,66.0,9.7,observed
2025-06-09 15:00:00,20.6,0.0,56.0,13.3,observed
2025-06-09 16:00:00,21.4,0.0,60.0,14.3,observed
2025-06-09 17:00:00,20.1,0.0,66.0,15.6,observed
2025-06-09 18:00:00,20.0,0.0,56.0,8.3,observed
2025-06-09 19:00:00,18.1,0.0,69.0,3.2,observed
2025-06-09 20:00:00,17.8,0.0,74.0,10.0,observed
2025-06-09 21:00:00,16.7,0.0,70.0,8.2,observed
2025-06-09 22:00:00,14.9,0.0,81.0,5.5,observed
2025-06-09 23:00:00,14.9,0.0,82.0,5.9,observed
2025-06-10 00:00:00,13.2,0.0,76.5,14.3,observed
2025-06-10 01:00:00,12.6,0.0,71.0,12.9,observed
2025-06-10 02:00:00,13.5,0.0,87.0,8.0,observed
2025-06-10 03:00:00,13.8,0.0,93.0,11.4,observed
2025-06-10 04:00:00,13.2,0.0,84.0,6.3,observed
2025-06-10 05:00:00,13.3,0.0,88.0,15.1,observed
2025-06-10 06:00:00,14.9,0.0,75.0,10.4,observed
2025-06-10 07:00:00,14.7,0.0,76.0,16.5,observed
2025-06-10 08:00:00,16.3,0.0,77.0,14.6,observed
2025-06-10 09:00:00,16.6,0.0,69.0,15.1,observed
2025-06-10 10:00:00,17.9,0.0,61.0,3.5,observed
2025-06-10 11:00:00,20.299999999999997,0.0,60.0,7.6,observed
2025-06-10 12:00:00,19.4,0.0,68.0,13.3,observed
2025-06-10 13:00:00,21.6,0.0,73.0,10.1,observed
2025-06-10 14:00:00,21.35,0.0,70.0,11.55,imputed_gap
2025-06-10 15:00:00,21.1,0.0,67.0,13.0,observed
2025-06-10 16:00:00,21.9,0.0,53.0,8.7,observed
2025-06-10 17:00:00,21.2,0.0,65.0,12.0,observed
2025-06-10 18:00:00,20.0,0.0,73.0,16.5,observed
2025-06-10 19:00:00,19.6,0.0,66.0,7.3,observed
2025-06-10 20:00:00,18.4,0.0,68.0,15.7,observed
2025-06-10 21:00:00,16.7,0.0,74.0,5.8,observed
2025-06-10 22:00:00,16.3,0.0,62.0,13.7,observed
2025-06-10 23:00:00,15.2,0.0,90.0,9.4,observed
2025-06-11 00:00:00,14.9,0.0,75.0,13.7,observed
2025-06-11 01:00:00,14.1,0.0,81.0,11.0,observed
2025-06-11 02:00:00,14.4,0.0,74.0,8.3,observed
2025-06-11 03:00:00,12.7,0.0,85.0,11.6,observed
2025-06-11 04:00:00,13.9,0.0,75.0,6.8,observed
2025-06-11 05:00:00,13.8,0.0,72.0,14.9,observed
2025-06-11 06:00:00,14.1,0.0,80.0,11.7,observed
2025-06-11 07:00:00,16.1,0.0,75.0,9.3,observed
2025-06-11 08:00:00,16.8,0.0,77.0,7.3,observed
2025-06-11 09:00:00,17.7,0.0,68.0,11.9,observed
2025-06-11 10:00:00,18.7,0.0,62.0,7.6,observed
2025-06-11 11:00:00,20.3,0.0,74.0,17.9,observed
2025-06-11 12:00:00,18.6,1.1,75.0,4.5,observed
2025-06-11 13:00:00,18.9,9.1,82.0,5.4,observed
2025-06-11 14:00:00,21.7,0.0,61.0,21.4,observed
2025-06-11 15:00:00,19.9,0.4,68.5,11.5,observed
2025-06-11 16:00:00,18.7,3.7,77.0,11.1,observed
2025-06-11 17:00:00,21.1,0.0,59.0,6.4,observed
2025-06-11 18:00:00,20.65,0.0,60.0,9.350000000000001,imputed_gap
2025-06-11 19:00:00,20.2,0.0,61.0,12.3,observed
2025-06-11 20:00:00,18.0,0.0,62.0,12.2,observed
2025-06-11 21:00:00,18.2,0.0,60.0,18.5,observed
2025-06-11 22:00:00,16.9,0.0,74.0,7.3,observed
2025-06-11 23:00:00,15.8,0.0,85.0,8.7,observed
2025-06-12 00:00:00,14.3,0.0,79.0,6.5,observed
2025-06-12 01:00:00,12.0,0.0,83.0,18.4,observed
2025-06-12 02:00:00,12.2,0.0,83.0,9.3,observed
2025-06-12 03:00:00,11.6,0.0,84.0,20.0,observed
2025-06-12 04:00:00,13.5,0.0,75.0,9.5,observed
2025-06-12 05:00:00,13.2,0.0,79.0,5.4,observed
2025-06-12 06:00:00,13.6,0.0,71.0,12.1,observed
2025-06-12 07:00:00,14.2,0.0,78.0,7.3,observed
2025-06-12 08:00:00,14.9,0.0,76.0,11.4,observed
2025-06-12 09:00:00,16.1,0.0,76.0,9.2,observed
2025-06-12 10:00:00,17.6,0.0,70.0,10.4,observed
2025-06-12 11:00:00,19.8,0.0,61.0,11.4,observed
2025-06-12 12:00:00,19.7,0.0,65.0,6.0,observed
2025-06-12 13:00:00,20.7,0.0,67.0,6.7,observed
2025-06-12 14:00:00,20.6,0.0,64.0,8.7,observed
2025-06-12 15:00:00,20.0,5.75,79.5,9.5,imputed_gap
2025-06-12 16:00:00,19.4,11.5,95.0,10.3,observed
2025-06-12 17:00:00,20.7,0.0,61.0,13.6,observed
2025-06-12 18:00:00,20.0,0.0,65.0,8.7,observed
2025-06-12 19:00:00,18.6,0.0,68.5,13.049999999999999,imputed_gap
2025-06-12 20:00:00,17.2,0.0,72.0,17.4,observed
2025-06-12 21:00:00,17.4,0.0,77.0,6.8,observed
2025-06-12 22:00:00,16.0,0.0,70.0,9.8,observed
2025-06-12 23:00:00,14.6,0.0,82.0,10.4,observed
2025-06-13 00:00:00,15.7,0.0,82.0,6.2,observed
2025-06-13 01:00:00,14.1,0.0,82.0,14.3,observed
2025-06-13 02:00:00,13.1,0.0,82.0,14.9,observed
2025-06-13 03:00:00,12.4,0.0,82.0,12.7,observed
2025-06-13 04:00:00,12.2,0.0,86.0,17.4,observed
2025-06-13 05:00:00,15.55,0.0,78.5,7.550000000000001,observed
2025-06-13 06:00:00,15.0,0.0,69.0,10.0,observed
2025-06-13 07:00:00,15.2,0.0,78.0,7.6,observed
2025-06-13 08:00:00,16.2,0.0,73.0,10.649999999999999,imputed_gap
2025-06-13 09:00:00,17.2,0.0,68.0,13.7,observed
2025-06-13 10:00:00,18.15,0.0,66.0,16.299999999999997,imputed_gap
2025-06-13 11:00:00,19.1,0.0,64.0,18.9,observed
2025-06-13 12:00:00,20.4,0.1,65.0,9.7,observed
2025-06-13 13:00:00,21.2,0.0,58.0,17.0,observed
2025-06-13 14:00:00,20.8,0.0,62.0,7.7,observed
2025-06-13 15:00:00,21.6,0.0,54.0,9.3,observed
2025-06-13 16:00:00,18.5,4.6,83.0,7.2,observed
2025-06-13 17:00:00,21.2,0.0,57.0,15.0,observed
2025-06-13 18:00:00,20.7,0.0,68.0,8.4,observed
2025-06-13 19:00:00,16.3,1.4,90.0,12.0,observed
2025-06-13 20:00:00,16.3,3.1,92.0,8.3,observed
2025-06-13 21:00:00,16.7,0.0,79.0,7.2,observed
2025-06-13 22:00:00,17.1,0.0,71.0,9.5,observed
2025-06-13 23:00:00,15.5,0.0,75.0,6.2,observed
2025-06-14 00:00:00,12.8,0.0,74.0,6.3,observed
2025-06-14 01:00:00,12.3,0.0,83.0,13.2,observed
2025-06-14 02:00:00,12.7,0.0,89.0,12.8,observed
2025-06-14 03:00:00,12.7,0.0,77.0,6.2,observed
2025-06-14 04:00:00,13.2,0.0,82.0,11.5,observed
2025-06-14 05:00:00,13.4,0.0,83.0,6.8,observed
2025-06-14 06:00:00,13.6,0.0,84.0,11.9,observed
2025-06-14 07:00:00,14.8,0.0,84.0,14.8,observed
2025-06-14 08:00:00,15.8,0.0,70.0,10.2,observed
2025-06-14 09:00:00,16.9,0.0,69.0,7.3,observed
2025-06-14 10:00:00,18.5,0.0,65.0,18.9,observed
2025-06-14 11:00:00,19.7,0.0,63.0,10.05,observed
2025-06-14 12:00:00,19.3,0.0,72.0,18.1,observed
2025-06-14 13:00:00,19.8,0.0,67.0,12.0,observed
2025-06-14 14:00:00,20.450000000000003,0.0,68.5,13.1,imputed_gap
2025-06-14 15:00:00,21.1,0.0,70.0,14.2,observed
2025-06-14 16:00:00,20.5,0.0,63.0,13.8,observed
2025-06-14 17:00:00,18.55,0.0,69.5,9.5,observed
2025-06-14 18:00:00,19.7,0.0,61.0,12.4,observed
2025-06-14 19:00:00,18.9,0.0,75.0,7.8,observed
2025-06-14 20:00:00,18.25,0.0,72.0,9.7,imputed_gap
2025-06-14 21:00:00,17.6,0.0,69.0,11.6,observed
2025-06-14 22:00:00,15.7,0.0,77.0,6.5,observed
2025-06-14 23:00:00,15.1,0.0,77.0,6.8,observed
2025-06-15 00:00:00,13.1,0.0,83.0,10.3,observed
2025-06-15 01:00:00,11.2,0.0,88.0,8.8,observed
2025-06-15 02:00:00,11.8,0.0,80.0,10.5,observed
2025-06-15 03:00:00,11.1,0.0,92.0,5.1,observed
2025-06-15 04:00:00,11.7,0.0,88.0,11.7,observed
2025-06-15 05:00:00,11.5,0.0,88.0,13.9,observed
2025-06-15 06:00:00,13.2,0.0,73.0,5.7,observed
2025-06-15 07:00:00,13.4,0.0,76.0,3.6,observed
2025-06-15 08:00:00,16.05,0.0,79.0,10.850000000000001,observed
2025-06-15 09:00:00,15.9,0.0,78.0,5.6,observed
2025-06-15 10:00:00,17.6,0.0,74.0,6.3,observed
2025-06-15 11:00:00,17.85,0.0,70.0,7.75,imputed_gap
2025-06-15 12:00:00,18.1,0.0,66.0,9.2,observed
2025-06-15 13:00:00,19.5,0.0,59.0,7.1,observed
2025-06-15 14:00:00,19.6,0.0,69.0,15.6,observed
2025-06-15 15:00:00,19.9,0.0,76.0,5.3,observed
2025-06-15 16:00:00,19.549999999999997,0.0,68.5,6.9,imputed_gap
2025-06-15 17:00:00,19.2,0.0,61.0,8.5,observed
2025-06-15 18:00:00,18.9,0.0,72.0,9.5,observed
2025-06-15 19:00:00,18.4,0.0,72.0,14.7,observed
2025-06-15 20:00:00,16.5,0.0,70.0,20.1,observed
2025-06-15 21:00:00,15.9,0.0,70.0,13.0,observed
2025-06-15 22:00:00,14.5,0.0,84.0,13.1,observed
2025-06-15 23:00:00,14.7,0.0,79.0,11.7,observed
2025-06-16 00:00:00,13.4,0.0,78.0,10.6,observed
2025-06-16 01:00:00,11.5,0.0,91.0,9.9,observed
2025-06-16 02:00:00,12.3,0.0,90.0,10.1,observed
2025-06-16 03:00:00,12.85,0.0,88.0,11.100000000000001,observed
2025-06-16 04:00:00,11.4,0.0,92.0,7.0,observed
2025-06-16 05:00:00,12.4,0.0,68.0,16.3,observed
2025-06-16 06:00:00,16.1,0.0,68.0,10.8,observed
2025-06-16 07:00:00,15.1,0.0,74.0,10.0,observed
2025-06-16 08:00:00,14.6,0.0,86.0,10.3,observed
2025-06-16 09:00:00,16.15,0.0,80.0,9.15,imputed_gap
2025-06-16 10:00:00,17.7,0.0,74.0,8.0,observed
2025-06-16 11:00:00,19.45,0.0,72.5,12.8,observed
2025-06-16 12:00:00,18.8,0.0,59.0,14.5,observed
2025-06-16 13:00:00,20.5,0.0,61.0,10.15,observed
2025-06-16 14:00:00,19.8,0.0,71.0,13.1,observed
2025-06-16 15:00:00,20.7,0.0,54.0,5.5,observed
2025-06-16 16:00:00,20.233333333333334,0.0,60.333333333333336,5.066666666666666,imputed_gap
2025-06-16 17:00:00,19.766666666666666,0.0,66.66666666666667,4.633333333333334,imputed_gap
2025-06-16 18:00:00,19.3,0.0,73.0,4.2,observed
2025-06-16 19:00:00,18.1,0.0,65.0,11.8,observed
2025-06-16 20:00:00,17.8,0.0,68.0,17.1,observed
2025-06-16 21:00:00,16.45,0.0,68.0,11.350000000000001,imputed_gap
2025-06-16 22:00:00,15.1,0.0,68.0,5.6,observed
2025-06-16 23:00:00,14.2,0.0,84.0,12.3,observed
2025-06-17 00:00:00,13.4,0.0,88.0,12.0,observed
2025-06-17 01:00:00,11.9,0.0,80.0,9.0,observed
2025-06-17 02:00:00,12.4,0.0,82.0,8.5,observed
2025-06-17 03:00:00,11.6,0.0,81.0,6.2,observed
2025-06-17 04:00:00,11.7,0.0,82.0,11.0,observed
2025-06-17 05:00:00,11.9,0.0,86.0,12.6,observed
2025-06-17 06:00:00,12.6,0.0,82.0,6.3,observed
2025-06-17 07:00:00,13.8,0.0,84.0,11.1,observed
2025-06-17 08:00:00,14.9,0.0,86.0,8.9,observed
2025-06-17 09:00:00,16.6,0.0,81.0,9.5,observed
2025-06-17 10:00:00,16.9,0.0,63.0,16.1,observed
2025-06-17 11:00:00,17.8,0.0,64.0,14.2,observed
2025-06-17 12:00:00,17.2,0.6,77.0,6.4,observed
2025-06-17 13:00:00,19.6,0.0,65.0,5.9,observed
2025-06-17 14:00:00,20.15,0.5,63.0,13.85,observed
2025-06-17 15:00:00,20.1,0.0,70.0,6.1,observed
2025-06-17 16:00:00,17.6,1.5,74.0,13.1,observed
2025-06-17 17:00:00,18.3,0.75,70.5,9.05,imputed_gap
2025-06-17 18:00:00,19.0,0.0,67.0,5.0,observed
2025-06-17 19:00:00,17.9,0.1,67.0,7.0,observed
2025-06-17 20:00:00,16.3,0.0,75.0,9.6,observed
2025-06-17 21:00:00,16.6,0.0,74.0,14.8,observed
2025-06-17 22:00:00,15.1,0.0,73.0,10.1,observed
2025-06-17 23:00:00,13.9,0.0,89.0,16.7,observed
2025-06-18 00:00:00,11.8,0.0,81.0,9.3,observed
2025-06-18 01:00:00,11.3,0.0,72.0,9.3,observed
2025-06-18 02:00:00,11.95,0.0,84.0,11.100000000000001,observed
2025-06-18 03:00:00,11.1,0.0,83.0,17.4,observed
2025-06-18 04:00:00,11.5,0.0,94.0,13.6,observed
2025-06-18 05:00:00,11.75,0.0,88.5,15.25,imputed_gap
2025-06-18 06:00:00,12.0,0.0,83.0,16.9,observed
2025-06-18 07:00:00,11.8,0.0,75.0,14.9,observed
2025-06-18 08:00:00,14.1,0.0,80.0,10.2,observed
2025-06-18 09:00:00,15.0,0.0,66.0,9.7,observed
2025-06-18 10:00:00,16.0,0.0,71.0,8.2,observed
2025-06-18 11:00:00,18.2,0.0,60.0,13.7,observed
2025-06-18 12:00:00,17.5,0.9,78.0,12.4,observed
2025-06-18 13:00:00,18.7,0.0,62.0,16.7,observed
2025-06-18 14:00:00,19.5,0.0,64.0,14.7,observed
2025-06-18 15:00:00,18.675,0.0,66.0,12.6,imputed_gap
2025-06-18 16:00:00,17.85,0.0,68.0,10.5,observed
2025-06-18 17:00:00,18.8,0.0,64.0,23.0,observed
2025-06-18 18:00:00,17.6,0.0,74.0,8.8,observed
2025-06-18 19:00:00,17.9,0.0,68.0,14.7,observed
2025-06-18 20:00:00,16.5,0.0,80.0,17.2,observed
2025-06-18 21:00:00,14.5,0.5,76.0,8.1,observed
2025-06-18 22:00:00,13.55,0.0,74.0,6.6,observed
2025-06-18 23:00:00,13.3,0.0,81.0,11.3,observed
2025-06-19 00:00:00,11.5,0.0,72.0,16.2,observed
2025-06-19 01:00:00,11.35,0.0,81.5,10.899999999999999,imputed_gap
2025-06-19 02:00:00,11.2,0.0,91.0,5.6,observed
2025-06-19 03:00:00,11.8,0.0,86.0,6.9,observed
2025-06-19 04:00:00,10.6,0.0,83.0,10.4,observed
2025-06-19 05:00:00,12.2,0.0,82.0,11.8,observed
2025-06-19 06:00:00,12.0,0.0,91.0,13.4,observed
2025-06-19 07:00:00,13.8,0.0,76.0,12.4,observed
2025-06-19 08:00:00,14.8,0.0,89.0,10.3,observed
2025-06-19 09:00:00,16.2,0.0,75.0,8.4,observed
2025-06-19 10:00:00,16.7,0.0,83.0,6.7,observed
2025-06-19 11:00:00,18.3,0.0,75.0,11.1,observed
2025-06-19 12:00:00,19.6,0.0,62.0,11.5,observed
2025-06-19 13:00:00,19.4,0.0,78.0,6.3,observed
2025-06-19 14:00:00,20.0,0.0,59.0,16.8,observed
2025-06-19 15:00:00,19.7,0.0,58.0,17.0,observed
2025-06-19 16:00:00,19.8,0.0,66.0,17.8,observed
2025-06-19 17:00:00,19.5,0.0,58.0,15.8,observed
2025-06-19 18:00:00,17.9,0.0,76.0,8.6,observed
2025-06-19 19:00:00,17.5,0.0,69.0,8.2,observed
2025-06-19 20:00:00,13.9,0.0,71.0,8.4,observed
2025-06-19 21:00:00,15.5,0.0,74.0,7.3,observed
2025-06-19 22:00:00,14.8,0.0,67.0,11.3,observed
2025-06-19 23:00:00,13.95,0.0,70.66666666666667,11.55,imputed_gap
2025-06-20 00:00:00,13.1,0.0,74.33333333333333,11.8,observed
2025-06-20 01:00:00,12.8,0.0,78.0,11.899999999999999,observed
2025-06-20 02:00:00,12.7,0.0,90.0,4.6,observed
2025-06-20 03:00:00,13.649999999999999,0.0,81.0,5.65,observed
2025-06-20 04:00:00,13.662499999999998,0.0,84.0,6.0125,imputed_gap
2025-06-20 05:00:00,13.674999999999999,0.0,87.0,6.375,imputed_gap
2025-06-20 06:00:00,13.6875,0.0,90.0,6.7375,imputed_gap
2025-06-20 07:00:00,13.7,0.0,93.0,7.1,observed
2025-06-20 08:00:00,17.25,0.0,67.0,9.1,observed
2025-06-20 09:00:00,16.0,0.0,73.0,13.4,observed
2025-06-20 10:00:00,18.1,0.0,60.0,10.7,observed
2025-06-20 11:00:00,19.0,0.0,61.0,9.35,imputed_gap
2025-06-20 12:00:00,19.9,0.0,62.0,8.0,observed
2025-06-20 13:00:00,20.9,0.0,57.0,10.9,observed
2025-06-20 14:00:00,20.6,0.0,55.0,9.5,observed
2025-06-20 15:00:00,20.0,0.0,66.0,16.0,observed
2025-06-20 16:00:00,20.9,0.0,67.0,5.1,observed
2025-06-20 17:00:00,21.05,0.0,68.0,9.7,observed
2025-06-20 18:00:00,20.0,0.0,66.0,12.3,observed
2025-06-20 19:00:00,17.5,0.0,78.5,11.899999999999999,observed
2025-06-20 20:00:00,17.5,0.0,70.0,7.3,observed
2025-06-20 21:00:00,16.6,0.0,71.0,6.5,observed
2025-06-20 22:00:00,15.15,0.0,71.5,9.1,imputed_gap
2025-06-20 23:00:00,13.7,0.0,72.0,11.7,observed
2025-06-21 00:00:00,13.6,0.0,77.0,8.0,observed
2025-06-21 01:00:00,13.1,0.0,87.0,9.9,observed
2025-06-21 02:00:00,12.45,0.0,86.5,9.2,imputed_gap
2025-06-21 03:00:00,11.8,0.0,86.0,8.5,observed
2025-06-21 04:00:00,13.2,0.0,76.0,13.8,observed
2025-06-21 05:00:00,13.2,0.0,78.0,17.5,observed
2025-06-21 06:00:00,12.6,0.0,86.0,8.8,observed
2025-06-21 07:00:00,15.1,0.0,83.0,7.2,observed
2025-06-21 08:00:00,15.3,0.0,76.0,5.9,observed
2025-06-21 09:00:00,16.4,0.0,72.5,8.100000000000001,imputed_gap
2025-06-21 10:00:00,17.5,0.0,69.0,10.3,observed
2025-06-21 11:00:00,18.3,0.0,62.0,11.4,observed
2025-06-21 12:00:00,19.6,0.0,71.0,9.0,observed
2025-06-21 13:00:00,18.9,0.0,73.0,14.8,observed
2025-06-21 14:00:00,21.1,0.0,64.0,14.1,observed
2025-06-21 15:00:00,20.9,0.0,59.0,11.3,observed
2025-06-21 16:00:00,20.8,0.0,56.0,11.0,observed
2025-06-21 17:00:00,19.9,0.0,68.0,8.5,observed
2025-06-21 18:00:00,19.6,0.0,67.0,13.8,observed
2025-06-21 19:00:00,18.4,0.0,67.0,12.1,observed
2025-06-21 20:00:00,18.0,0.0,69.0,8.6,observed
2025-06-21 21:00:00,17.0,0.0,73.0,8.9,observed
2025-06-21 22:00:00,15.7,0.0,81.0,6.6,observed
2025-06-21 23:00:00,14.2,0.0,79.0,11.2,observed
2025-06-22 00:00:00,13.2,0.0,82.0,10.5,imputed_gap
2025-06-22 01:00:00,12.2,0.0,85.0,9.8,observed
2025-06-22 02:00:00,12.3,0.0,80.0,13.7,observed
2025-06-22 03:00:00,12.0,0.0,82.0,11.2,imputed_gap
2025-06-22 04:00:00,11.7,0.0,84.0,8.7,observed
2025-06-22 05:00:00,12.9,0.0,74.0,14.9,observed
2025-06-22 06:00:00,12.8,0.0,86.0,13.1,observed
2025-06-22 07:00:00,13.9,0.0,87.0,12.7,observed
2025-06-22 08:00:00,15.5,0.0,73.0,11.5,observed
2025-06-22 09:00:00,14.9,0.0,85.0,9.9,observed
2025-06-22 10:00:00,16.6,0.0,81.0,14.4,observed
2025-06-22 11:00:00,18.1,0.0,76.0,11.5,observed
2025-06-22 12:00:00,19.3,0.0,71.0,6.7,observed
2025-06-22 13:00:00,19.4,0.0,61.0,7.1,observed
2025-06-22 14:00:00,19.65,0.0,62.5,9.5,observed
2025-06-22 15:00:00,20.6,0.0,65.0,15.0,observed
2025-06-22 16:00:00,20.3,0.0,68.0,8.9,observed
2025-06-22 17:00:00,19.450000000000003,0.0,67.0,7.45,imputed_gap
2025-06-22 18:00:00,18.6,0.0,66.0,6.0,observed
2025-06-22 19:00:00,17.6,0.0,79.0,15.4,observed
2025-06-22 20:00:00,16.3,0.0,72.0,5.6,observed
2025-06-22 21:00:00,14.9,0.0,78.0,11.9,observed
2025-06-22 22:00:00,16.3,0.0,75.0,13.4,observed
2025-06-22 23:00:00,14.0,0.0,79.0,7.8,observed
2025-06-23 00:00:00,13.2,0.0,80.0,9.6,observed
2025-06-23 01:00:00,13.0,0.0,85.0,14.5,observed
2025-06-23 02:00:00,12.1,0.0,74.0,10.2,observed
2025-06-23 03:00:00,12.5,0.0,78.0,15.1,observed
2025-06-23 04:00:00,12.2,0.0,74.0,8.2,observed
2025-06-23 05:00:00,13.0,0.0,84.0,10.6,observed
2025-06-23 06:00:00,13.5,0.0,74.0,8.1,observed
2025-06-23 07:00:00,13.7,0.0,81.0,10.2,observed
2025-06-23 08:00:00,15.4,0.0,81.0,15.6,observed
2025-06-23 09:00:00,16.6,0.0,71.0,13.4,observed
2025-06-23 10:00:00,17.6,0.0,75.0,12.3,observed
2025-06-23 11:00:00,19.3,0.0,67.0,18.0,observed
2025-06-23 12:00:00,20.1,0.0,56.0,17.3,observed
2025-06-23 13:00:00,20.3,0.0,61.0,11.2,observed
2025-06-23 14:00:00,20.4,0.0,64.0,9.9,observed
2025-06-23 15:00:00,18.5,2.3,81.0,10.7,observed
2025-06-23 16:00:00,20.3,0.0,71.0,8.4,observed
2025-06-23 17:00:00,19.3,0.0,74.0,17.3,observed
2025-06-23 18:00:00,19.5,0.0,58.0,11.4,observed
2025-06-23 19:00:00,16.1,0.0,87.0,17.4,observed
2025-06-23 20:00:00,17.9,0.0,74.0,4.3,observed
2025-06-23 21:00:00,14.25,0.8,90.5,17.45,observed
2025-06-23 22:00:00,13.825,0.4,81.25,17.275,imputed_gap
2025-06-23 23:00:00,13.4,0.0,72.0,17.1,observed
2025-06-24 00:00:00,14.05,0.0,74.5,18.85,imputed_gap
2025-06-24 01:00:00,14.7,0.0,77.0,20.6,observed
2025-06-24 02:00:00,13.9,0.0,70.0,9.2,observed
2025-06-24 03:00:00,14.0,0.0,78.0,11.2,observed
2025-06-24 04:00:00,14.4,0.0,77.0,15.8,observed
2025-06-24 05:00:00,14.7,0.0,80.0,8.9,observed
2025-06-24 06:00:00,15.1,0.0,74.0,6.6,observed
2025-06-24 07:00:00,15.8,0.0,71.0,17.7,observed
2025-06-24 08:00:00,16.5,0.0,77.0,14.6,observed
2025-06-24 09:00:00,17.5,0.0,70.0,16.0,observed
2025-06-24 10:00:00,18.9,0.0,65.0,13.2,observed
2025-06-24 11:00:00,20.4,0.0,59.0,5.8,observed
2025-06-24 12:00:00,21.5,0.0,69.0,9.9,observed
2025-06-24 13:00:00,21.9,0.0,63.0,9.6,observed
2025-06-24 14:00:00,22.5,0.0,52.0,11.3,observed
2025-06-24 15:00:00,22.4,0.0,59.0,18.9,observed
2025-06-24 16:00:00,22.0,0.0,59.0,9.6,observed
2025-06-24 17:00:00,22.5,0.0,55.0,12.8,observed
2025-06-24 18:00:00,20.4,0.0,65.0,6.3,observed
2025-06-24 19:00:00,20.6,0.0,57.0,10.8,observed
2025-06-24 20:00:00,19.0,0.0,79.0,20.4,observed
2025-06-24 21:00:00,17.9,0.0,74.0,13.0,observed
2025-06-24 22:00:00,16.5,0.0,85.0,9.1,observed
2025-06-24 23:00:00,15.6,0.0,81.0,8.9,observed
2025-06-25 00:00:00,14.4,0.0,74.0,4.8,observed
2025-06-25 01:00:00,13.7,0.0,79.0,9.4,observed
2025-06-25 02:00:00,11.9,0.0,85.0,7.3,observed
2025-06-25 03:00:00,12.6,0.0,78.0,11.3,observed
2025-06-25 04:00:00,12.5,0.0,85.0,14.3,observed
2025-06-25 05:00:00,14.2,0.0,77.0,7.75,observed
2025-06-25 06:00:00,15.6,0.0,75.5,8.6,observed
2025-06-25 07:00:00,14.6,0.0,76.0,16.4,observed
2025-06-25 08:00:00,15.866666666666665,0.0,71.0,15.333333333333332,imputed_gap
2025-06-25 09:00:00,17.133333333333333,0.0,66.0,14.266666666666666,imputed_gap
2025-06-25 10:00:00,18.4,0.0,61.0,13.2,observed
2025-06-25 11:00:00,19.8,0.0,67.0,9.5,observed
2025-06-25 12:00:00,19.6,0.0,73.0,10.2,observed
2025-06-25 13:00:00,21.0,0.0,65.0,8.7,observed
2025-06-25 14:00:00,21.8,0.0,58.0,6.0,observed
2025-06-25 15:00:00,21.0,0.0,67.0,9.0,observed
2025-06-25 16:00:00,21.0,0.0,63.0,6.7,observed
2025-06-25 17:00:00,21.0,0.0,64.0,10.2,observed
2025-06-25 18:00:00,19.9,0.4,61.0,9.3,observed
2025-06-25 19:00:00,16.3,4.1,96.0,12.1,observed
2025-06-25 20:00:00,18.3,0.0,73.0,20.8,observed
2025-06-25 21:00:00,17.1,0.0,68.0,9.9,observed
2025-06-25 22:00:00,15.3,0.0,80.0,9.3,observed
2025-06-25 23:00:00,14.8,0.0,68.0,9.1,observed
2025-06-26 00:00:00,14.1,0.0,85.0,16.3,observed
2025-06-26 01:00:00,13.1,0.0,80.0,13.1,observed
2025-06-26 02:00:00,12.8,0.0,79.0,16.3,observed
2025-06-26 03:00:00,12.6,0.0,82.0,18.0,observed
2025-06-26 04:00:00,13.3,0.0,74.0,15.8,observed
2025-06-26 05:00:00,14.2,0.0,76.0,10.9,observed
2025-06-26 06:00:00,14.7,0.0,84.0,8.9,observed
2025-06-26 07:00:00,15.8,0.0,69.0,11.2,observed
2025-06-26 08:00:00,15.7,0.0,76.0,8.2,observed
2025-06-26 09:00:00,17.0,0.0,69.0,13.7,observed
2025-06-26 10:00:00,18.2,0.0,69.0,6.8,observed
2025-06-26 11:00:00,20.1,0.0,59.0,5.8,observed
2025-06-26 12:00:00,20.7,0.0,66.0,5.5,observed
2025-06-26 13:00:00,18.1,1.0,78.0,10.4,observed
2025-06-26 14:00:00,21.15,0.0,60.5,11.100000000000001,observed
2025-06-26 15:00:00,20.7,0.0,64.0,13.6,observed
2025-06-26 16:00:00,19.9,5.8,70.0,19.2,observed
2025-06-26 17:00:00,18.9,4.35,78.0,15.149999999999999,imputed_gap
2025-06-26 18:00:00,17.9,2.9,86.0,11.1,observed
2025-06-26 19:00:00,19.2,0.0,87.5,7.3,observed
2025-06-26 20:00:00,16.1,3.5,89.0,20.8,observed
2025-06-26 21:00:00,15.75,0.0,68.0,12.9,observed
2025-06-26 22:00:00,16.8,0.0,80.0,18.6,observed
2025-06-26 23:00:00,15.1,0.0,77.0,8.7,observed
2025-06-27 00:00:00,14.15,0.0,78.0,9.75,imputed_gap
2025-06-27 01:00:00,13.2,0.0,79.0,10.8,observed
2025-06-27 02:00:00,13.3,0.0,84.0,4.3,observed
2025-06-27 03:00:00,12.1,0.0,73.0,13.8,observed
2025-06-27 04:00:00,12.9,0.0,76.0,10.0,observed
2025-06-27 05:00:00,13.2,0.0,79.0,9.3,observed
2025-06-27 06:00:00,13.1,0.0,85.0,9.4,observed
2025-06-27 07:00:00,13.8,0.0,78.0,5.6,observed
2025-06-27 08:00:00,15.7,0.0,71.0,7.6,observed
2025-06-27 09:00:00,16.5,0.0,64.0,10.1,observed
2025-06-27 10:00:00,18.0,0.0,68.0,12.0,observed
2025-06-27 11:00:00,19.0,0.0,60.0,9.6,observed
2025-06-27 12:00:00,20.3,0.0,63.0,8.3,observed
2025-06-27 13:00:00,20.3,0.0,64.0,6.9,observed
2025-06-27 14:00:00,20.5,0.0,63.0,18.6,observed
2025-06-27 15:00:00,21.6,0.0,62.0,21.2,observed
2025-06-27 16:00:00,21.5,0.0,67.0,14.4,observed
2025-06-27 17:00:00,20.3,0.0,69.0,8.1,observed
2025-06-27 18:00:00,19.3,0.0,75.0,10.4,observed
2025-06-27 19:00:00,19.2,0.0,67.0,6.8,observed
2025-06-27 20:00:00,18.2,0.0,67.0,8.1,observed
2025-06-27 21:00:00,15.8,0.0,82.0,16.1,observed
2025-06-27 22:00:00,15.6,0.0,71.0,4.0,observed
2025-06-27 23:00:00,13.6,0.0,74.0,19.6,observed
2025-06-28 00:00:00,13.3,0.0,81.0,10.4,observed
2025-06-28 01:00:00,12.5,0.0,91.0,8.5,observed
2025-06-28 02:00:00,12.6,0.0,84.0,8.7,observed
2025-06-28 03:00:00,11.2,0.0,89.0,15.1,observed
2025-06-28 04:00:00,13.9,0.0,83.0,7.5,observed
2025-06-28 05:00:00,13.0,0.0,88.0,14.2,observed
2025-06-28 06:00:00,13.5,0.0,93.0,21.0,observed
2025-06-28 07:00:00,15.0,0.0,82.0,16.2,imputed_gap
2025-06-28 08:00:00,16.5,0.0,71.0,11.4,observed
2025-06-28 09:00:00,17.45,0.0,70.0,8.55,observed
2025-06-28 10:00:00,18.3,0.0,68.0,13.0,observed
2025-06-28 11:00:00,19.4,0.0,74.0,5.7,observed
2025-06-28 12:00:00,19.799999999999997,0.0,67.0,6.1,imputed_gap
2025-06-28 13:00:00,20.2,0.0,60.0,6.5,observed
2025-06-28 14:00:00,20.2,0.0,70.0,14.3,observed
2025-06-28 15:00:00,20.9,0.0,58.0,4.4,observed
2025-06-28 16:00:00,20.1,0.0,64.5,7.6000000000000005,imputed_gap
2025-06-28 17:00:00,19.3,0.0,71.0,10.8,observed
2025-06-28 18:00:00,19.6,0.0,59.0,20.6,observed
2025-06-28 19:00:00,19.0,0.0,66.0,8.6,observed
2025-06-28 20:00:00,16.9,0.0,77.0,15.1,observed
2025-06-28 21:00:00,16.4,0.0,78.0,11.6,observed
2025-06-28 22:00:00,15.7,0.0,77.0,8.3,observed
2025-06-28 23:00:00,14.8,0.0,76.0,17.0,observed
2025-06-29 00:00:00,15.5,0.0,79.0,24.9,observed
2025-06-29 01:00:00,13.8,0.0,72.0,12.7,observed
2025-06-29 02:00:00,14.15,0.0,81.0,20.6,observed
2025-06-29 03:00:00,13.3,0.0,80.0,12.7,observed
2025-06-29 04:00:00,13.3,0.0,73.0,17.7,observed
2025-06-29 05:00:00,13.45,0.0,77.0,16.2,imputed_gap
2025-06-29 06:00:00,13.6,0.0,81.0,14.7,observed
2025-06-29 07:00:00,15.2,0.0,77.0,14.9,observed
2025-06-29 08:00:00,16.1,0.0,70.0,5.1,observed
2025-06-29 09:00:00,17.0,0.0,78.0,5.0,observed
2025-06-29 10:00:00,18.8,0.0,65.0,4.8,observed
2025-06-29 11:00:00,19.7,0.0,75.0,19.8,observed
2025-06-29 12:00:00,21.0,0.0,81.5,5.1,observed
2025-06-29 13:00:00,19.6,4.6,88.0,8.8,observed
2025-06-29 14:00:00,18.6,1.3,84.0,17.0,observed
2025-06-29 15:00:00,19.6,8.8,78.0,15.0,observed
2025-06-29 16:00:00,21.5,0.1,56.0,6.1,observed
2025-06-29 17:00:00,21.4,0.0,67.0,12.0,observed
2025-06-29 18:00:00,20.4,0.0,56.0,11.3,observed
2025-06-29 19:00:00,17.3,7.6,86.0,10.9,observed
2025-06-29 20:00:00,15.850000000000001,9.4,84.0,5.8,observed
2025-06-29 21:00:00,18.2,0.2,74.0,15.4,observed
2025-06-29 22:00:00,16.7,0.0,75.0,9.0,observed
2025-06-29 23:00:00,15.95,0.0,76.0,10.85,imputed_gap
2025-06-30 00:00:00,15.2,0.0,77.0,12.7,observed
2025-06-30 01:00:00,13.3,0.0,87.0,12.0,observed
2025-06-30 02:00:00,12.65,0.0,82.5,10.95,observed
2025-06-30 03:00:00,12.9,0.0,82.0,18.2,observed
2025-06-30 04:00:00,12.7,0.0,85.0,10.2,observed
2025-06-30 05:00:00,13.45,0.0,84.0,10.1,imputed_gap
2025-06-30 06:00:00,14.2,0.0,83.0,10.0,observed
2025-06-30 07:00:00,15.1,0.0,75.0,6.6,observed
2025-06-30 08:00:00,15.9,0.0,81.0,11.9,observed
2025-06-30 09:00:00,17.0,0.0,69.0,15.4,observed
2025-06-30 10:00:00,17.6,0.0,61.0,6.0,observed
2025-06-30 11:00:00,19.1,0.0,69.0,9.4,observed
2025-06-30 12:00:00,19.8,0.0,73.0,6.8,observed
2025-06-30 13:00:00,21.2,0.0,71.0,10.9,observed
2025-06-30 14:00:00,20.7,0.0,56.0,12.6,observed
2025-06-30 15:00:00,21.1,0.0,61.0,14.0,observed
2025-06-30 16:00:00,21.6,0.0,61.0,10.7,observed
2025-06-30 17:00:00,20.4,0.0,67.0,11.7,observed
2025-06-30 18:00:00,19.7,0.0,65.0,7.7,observed
2025-06-30 19:00:00,18.6,0.0,67.0,12.9,observed
2025-06-30 20:00:00,18.1,0.0,61.0,7.0,observed
2025-06-30 21:00:00,16.9,0.0,71.0,7.3,observed
2025-06-30 22:00:00,15.9,0.0,79.0,8.6,observed
2025-06-30 23:00:00,15.3,0.0,69.0,5.9,observed
2025-07-01 00:00:00,12.75,0.0,82.5,9.2,observed
2025-07-01 01:00:00,12.1,0.0,92.0,17.3,observed
2025-07-01 02:00:00,11.8,0.0,80.0,13.6,observed
2025-07-01 03:00:00,12.0,0.0,83.5,14.25,imputed_gap
2025-07-01 04:00:00,12.2,0.0,87.0,14.9,observed
2025-07-01 05:00:00,12.9,0.0,73.0,12.9,observed
2025-07-01 06:00:00,14.350000000000001,0.0,83.0,27.2,observed
2025-07-01 07:00:00,13.2,0.0,76.0,14.1,observed
2025-07-01 08:00:00,15.5,0.0,88.0,5.6,observed
2025-07-01 09:00:00,16.7,0.0,82.0,20.2,observed
2025-07-01 10:00:00,18.65,0.0,68.0,12.100000000000001,observed
2025-07-01 11:00:00,19.0,0.0,73.0,12.6,observed
2025-07-01 12:00:00,17.1,1.5,84.0,4.7,observed
2025-07-01 13:00:00,18.5,0.75,75.5,10.0,imputed_gap
2025-07-01 14:00:00,19.9,0.0,67.0,15.3,observed
2025-07-01 15:00:00,17.7,1.9,84.0,13.6,observed
2025-07-01 16:00:00,20.1,0.0,61.0,12.3,observed
2025-07-01 17:00:00,20.2,0.0,74.0,10.8,observed
2025-07-01 18:00:00,16.5,0.9,81.0,6.7,observed
2025-07-01 19:00:00,15.35,0.5,82.0,7.5,observed
2025-07-01 20:00:00,17.6,0.0,68.0,8.9,observed
2025-07-01 21:00:00,15.15,0.0,77.5,12.5,observed
2025-07-01 22:00:00,15.225000000000001,0.0,75.75,14.8,imputed_gap
2025-07-01 23:00:00,15.3,0.0,74.0,17.1,observed
2025-07-02 00:00:00,13.45,0.0,78.0,14.65,imputed_gap
2025-07-02 01:00:00,11.6,0.0,82.0,12.2,observed
2025-07-02 02:00:00,11.7,0.0,84.0,12.0,observed
2025-07-02 03:00:00,12.55,0.0,81.0,13.95,observed
2025-07-02 04:00:00,12.399999999999999,0.0,88.5,12.1,observed
2025-07-02 05:00:00,12.95,0.0,85.375,12.05,imputed_gap
2025-07-02 06:00:00,13.5,0.0,82.25,12.0,imputed_gap
2025-07-02 07:00:00,14.049999999999999,0.0,79.125,11.95,imputed_gap
2025-07-02 08:00:00,14.6,0.0,76.0,11.9,observed
2025-07-02 09:00:00,16.5,0.0,75.0,11.6,observed
2025-07-02 10:00:00,16.0,0.0,73.0,6.6,observed
2025-07-02 11:00:00,16.2,3.7,90.0,19.9,observed
2025-07-02 12:00:00,19.3,0.0,72.0,8.2,observed
2025-07-02 13:00:00,17.450000000000003,7.6499999999999995,90.5,11.700000000000001,observed
2025-07-02 14:00:00,19.8,0.5,65.0,6.5,observed
2025-07-02 15:00:00,20.3,0.0,61.0,9.3,observed
2025-07-02 16:00:00,19.05,0.55,76.5,10.15,imputed_gap
2025-07-02 17:00:00,17.8,1.1,92.0,11.0,observed
2025-07-02 18:00:00,18.2,0.0,76.0,18.4,observed
2025-07-02 19:00:00,17.8,0.2,72.0,12.1,observed
2025-07-02 20:00:00,15.3,1.5,95.0,11.9,observed
2025-07-02 21:00:00,16.5,0.0,81.0,10.2,observed
2025-07-02 22:00:00,14.9,0.0,73.0,17.5,observed
2025-07-02 23:00:00,13.3,0.0,70.0,10.8,observed
2025-07-03 00:00:00,13.7,0.0,84.0,7.4,observed
2025-07-03 01:00:00,12.3,0.0,81.0,10.55,observed
2025-07-03 02:00:00,12.1,0.0,76.0,10.6,observed
2025-07-03 03:00:00,12.5,0.0,92.0,18.5,observed
2025-07-03 04:00:00,12.55,0.0,87.5,11.4,imputed_gap
2025-07-03 05:00:00,12.6,0.0,83.0,4.3,observed
2025-07-03 06:00:00,13.2,0.0,84.0,9.3,observed
2025-07-03 07:00:00,13.5,0.0,81.0,5.0,observed
2025-07-03 08:00:00,14.4,0.0,76.0,5.9,observed
2025-07-03 09:00:00,16.1,0.0,84.0,3.4,observed
2025-07-03 10:00:00,17.2,0.0,75.0,8.9,observed
2025-07-03 11:00:00,18.3,0.0,71.0,19.2,observed
2025-07-03 12:00:00,19.7,0.0,58.0,16.6,observed
2025-07-03 13:00:00,18.95,1.6,68.5,9.25,observed
2025-07-03 14:00:00,20.5,0.0,61.0,7.3,observed
2025-07-03 15:00:00,17.9,1.4,80.0,8.6,observed
2025-07-03 16:00:00,18.85,0.7,75.5,8.95,imputed_gap
2025-07-03 17:00:00,19.8,0.0,71.0,9.3,observed
2025-07-03 18:00:00,19.4,0.0,67.0,12.4,observed
2025-07-03 19:00:00,18.3,0.0,70.0,9.3,observed
2025-07-03 20:00:00,16.8,0.0,71.0,18.7,observed
2025-07-03 21:00:00,15.9,0.0,84.0,5.5,observed
2025-07-03 22:00:00,14.6,0.0,85.0,14.1,observed
2025-07-03 23:00:00,13.75,0.0,80.0,11.2,observed
2025-07-04 00:00:00,13.5,0.0,88.0,15.1,observed
2025-07-04 01:00:00,13.9,0.0,82.0,8.6,observed
2025-07-04 02:00:00,13.2,0.0,82.0,6.6,imputed_gap
2025-07-04 03:00:00,12.5,0.0,82.0,4.6,observed
2025-07-04 04:00:00,12.4,0.0,91.0,16.1,observed
2025-07-04 05:00:00,12.8,0.0,84.0,14.3,observed
2025-07-04 06:00:00,12.9,0.0,77.0,6.9,observed
2025-07-04 07:00:00,14.9,0.0,77.0,17.4,observed
2025-07-04 08:00:00,15.7,0.0,67.0,5.8,observed
2025-07-04 09:00:00,16.8,0.0,80.0,7.7,observed
2025-07-04 10:00:00,16.6,0.0,83.0,6.9,observed
2025-07-04 11:00:00,19.0,0.0,65.0,6.5,observed
2025-07-04 12:00:00,19.6,0.0,63.0,6.3,observed
2025-07-04 13:00:00,19.625,0.0,75.0,7.3,observed
2025-07-04 14:00:00,19.65,3.9,73.0,10.75,observed
2025-07-04 15:00:00,21.3,0.0,59.0,11.9,observed
2025-07-04 16:00:00,18.2,1.7,89.0,7.6,observed
2025-07-04 17:00:00,19.049999999999997,0.8499999999999999,76.5,9.899999999999999,imputed_gap
2025-07-04 18:00:00,19.9,0.0,64.0,12.2,observed
2025-07-04 19:00:00,18.7,0.0,71.0,5.6,observed
2025-07-04 20:00:00,18.0,0.0,72.0,7.0,observed
2025-07-04 21:00:00,17.4,0.0,72.5,4.2,observed
2025-07-04 22:00:00,16.3,0.0,73.0,14.0,observed
2025-07-04 23:00:00,13.8,0.0,79.0,6.1,observed
2025-07-05 00:00:00,14.9,0.0,77.0,4.7,observed
2025-07-05 01:00:00,14.0,0.0,81.0,13.5,observed
2025-07-05 02:00:00,14.2,0.0,80.0,22.0,observed
2025-07-05 03:00:00,13.4,0.0,80.0,6.5,observed
2025-07-05 04:00:00,13.8,0.0,74.0,11.0,observed
2025-07-05 05:00:00,13.9,0.0,79.0,15.0,observed
2025-07-05 06:00:00,15.8,0.0,67.0,12.0,observed
2025-07-05 07:00:00,15.7,0.0,67.0,26.2,observed
2025-07-05 08:00:00,17.1,0.0,71.0,23.3,observed
2025-07-05 09:00:00,18.1,0.0,66.0,9.8,observed
2025-07-05 10:00:00,18.4,0.0,64.0,9.2,observed
2025-07-05 11:00:00,20.2,0.0,62.0,12.9,observed
2025-07-05 12:00:00,21.2,0.0,66.0,18.2,observed
2025-07-05 13:00:00,21.2,0.0,57.0,6.8,observed
2025-07-05 14:00:00,23.1,0.2,52.0,16.6,observed
2025-07-05 15:00:00,22.7,0.0,63.0,5.5,observed
2025-07-05 16:00:00,21.4,0.0,64.0,13.3,observed
2025-07-05 17:00:00,18.5,2.5,83.5,7.9,observed
2025-07-05 18:00:00,19.0,2.7,79.0,19.3,observed
2025-07-05 19:00:00,17.4,6.5,89.0,14.7,observed
2025-07-05 20:00:00,14.7,0.0,69.0,15.9,observed
2025-07-05 21:00:00,15.100000000000001,0.0,71.5,9.5,observed
2025-07-05 22:00:00,13.9,14.3,92.0,5.4,observed
2025-07-05 23:00:00,13.133333333333333,9.533333333333335,90.0,6.766666666666667,imputed_gap
2025-07-06 00:00:00,12.366666666666667,4.7666666666666675,88.0,8.133333333333333,imputed_gap
2025-07-06 01:00:00,11.6,0.0,86.0,9.5,observed
2025-07-06 02:00:00,11.45,0.0,80.0,11.5,observed
2025-07-06 03:00:00,11.3,0.0,76.0,14.3,observed
2025-07-06 04:00:00,12.4,0.0,76.0,13.0,observed
2025-07-06 05:00:00,12.3,0.0,87.0,4.6,observed
2025-07-06 06:00:00,12.8,0.0,83.0,6.7,observed
2025-07-06 07:00:00,15.0,0.0,81.0,8.3,observed
2025-07-06 08:00:00,15.1,0.0,80.0,15.1,observed
2025-07-06 09:00:00,16.0,0.0,68.0,11.0,observed
2025-07-06 10:00:00,17.2,0.0,78.0,8.1,observed
2025-07-06 11:00:00,18.9,0.0,61.0,13.8,observed
2025-07-06 12:00:00,19.3,0.0,79.0,8.6,observed
2025-07-06 13:00:00,20.3,0.0,60.0,6.6,observed
2025-07-06 14:00:00,20.2,0.0,74.0,10.0,observed
2025-07-06 15:00:00,18.4,2.7,83.0,7.0,observed
2025-07-06 16:00:00,19.9,0.2,68.0,9.9,observed
2025-07-06 17:00:00,18.45,0.0,75.0,15.8,observed
2025-07-06 18:00:00,17.1,0.8,92.0,4.0,observed
2025-07-06 19:00:00,16.5,2.2,76.0,16.6,observed
2025-07-06 20:00:00,15.0,1.4000000000000001,88.0,12.25,imputed_gap
2025-07-06 21:00:00,13.5,0.6,100.0,7.9,observed
2025-07-06 22:00:00,14.4,0.0,84.0,5.0,observed
2025-07-06 23:00:00,14.3,0.0,69.0,12.9,observed
2025-07-07 00:00:00,12.0,0.0,93.0,11.7,observed
2025-07-07 01:00:00,11.0,0.0,92.0,8.2,observed
2025-07-07 02:00:00,11.9,0.0,87.0,14.9,observed
2025-07-07 03:00:00,11.7,0.0,89.0,14.4,observed
2025-07-07 04:00:00,11.8,0.0,81.0,8.2,observed
2025-07-07 05:00:00,11.6,0.0,84.0,9.1,observed
2025-07-07 06:00:00,12.7,0.0,89.0,8.5,observed
2025-07-07 07:00:00,12.9,0.0,83.0,5.2,observed
2025-07-07 08:00:00,14.2,0.0,86.0,10.0,observed
2025-07-07 09:00:00,14.4,0.0,82.0,4.6,observed
2025-07-07 10:00:00,17.3,0.0,74.0,13.6,observed
2025-07-07 11:00:00,17.4,0.9,85.5,10.75,observed
2025-07-07 12:00:00,19.1,0.2,69.0,13.3,observed
2025-07-07 13:00:00,19.1,0.0,73.0,7.5,observed
2025-07-07 14:00:00,18.75,0.375,76.0,9.825,imputed_gap
2025-07-07 15:00:00,18.4,0.75,79.0,12.149999999999999,observed
2025-07-07 16:00:00,19.45,0.2,66.0,22.7,observed
2025-07-07 17:00:00,19.3,0.0,73.0,14.2,observed
2025-07-07 18:00:00,16.65,5.4,82.5,11.8,imputed_gap
2025-07-07 19:00:00,14.0,10.8,92.0,9.4,observed
2025-07-07 20:00:00,16.5,0.0,72.0,13.8,observed
2025-07-07 21:00:00,15.2,0.0,79.0,7.6,observed
2025-07-07 22:00:00,10.9,1.7,100.0,12.8,observed
2025-07-07 23:00:00,12.2,0.0,80.0,12.15,observed
2025-07-08 00:00:00,12.35,0.0,86.0,6.95,observed
2025-07-08 01:00:00,12.7,0.0,85.125,7.9,observed
2025-07-08 02:00:00,12.7,0.0,84.25,9.950000000000001,imputed_gap
2025-07-08 03:00:00,12.7,0.0,83.375,12.0,imputed_gap
2025-07-08 04:00:00,12.7,0.0,82.5,14.05,observed
2025-07-08 05:00:00,13.566666666666668,0.0,82.66666666666667,7.333333333333333,observed
2025-07-08 06:00:00,13.9,0.0,77.0,15.1,observed
2025-07-08 07:00:00,14.466666666666667,0.0,78.33333333333333,15.1,imputed_gap
2025-07-08 08:00:00,15.033333333333333,0.0,79.66666666666667,15.1,imputed_gap
2025-07-08 09:00:00,15.6,0.0,81.0,15.1,observed
2025-07-08 10:00:00,16.6,0.0,71.0,13.3,observed
2025-07-08 11:00:00,19.6,0.05,57.0,15.6,observed
2025-07-08 12:00:00,18.8,0.1,70.0,7.9,observed
2025-07-08 13:00:00,17.0,8.2,87.0,22.9,observed
2025-07-08 14:00:00,17.3,5.0,88.0,15.1,imputed_gap
2025-07-08 15:00:00,17.6,1.8,89.0,7.3,observed
2025-07-08 16:00:00,19.1,0.0,81.5,11.4,observed
2025-07-08 17:00:00,17.4,1.1,74.0,5.6,observed
2025-07-08 18:00:00,16.8,6.0,84.0,10.8,observed
2025-07-08 19:00:00,14.9,0.6,95.0,9.4,observed
2025-07-08 20:00:00,16.6,0.0,71.0,4.7,observed
2025-07-08 21:00:00,14.4,0.9,98.0,11.3,observed
2025-07-08 22:00:00,14.7,0.0,78.0,5.3,observed
2025-07-08 23:00:00,14.149999999999999,0.0,75.0,13.05,observed
2025-07-09 00:00:00,15.4,0.0,71.0,7.5,observed
2025-07-09 01:00:00,15.3,0.0,71.66666666666667,6.7,imputed_gap
2025-07-09 02:00:00,15.2,0.0,72.33333333333333,5.9,imputed_gap
2025-07-09 03:00:00,15.1,0.0,73.0,5.1,observed
2025-07-09 04:00:00,15.0,0.0,81.5,7.3,observed
2025-07-09 05:00:00,15.3,0.0,81.0,10.6,observed
2025-07-09 06:00:00,15.1,0.0,72.0,17.5,observed
2025-07-09 07:00:00,16.6,0.0,68.5,17.6,imputed_gap
2025-07-09 08:00:00,18.1,0.0,65.0,17.7,observed
2025-07-09 09:00:00,18.9,0.0,74.0,5.6,observed
2025-07-09 10:00:00,20.2,0.0,64.0,8.3,observed
2025-07-09 11:00:00,21.8,0.0,59.5,6.35,observed
2025-07-09 12:00:00,21.95,0.0,56.0,5.9,observed
2025-07-09 13:00:00,22.4,0.0,52.0,13.2,observed
2025-07-09 14:00:00,22.2,0.0,58.0,14.25,imputed_gap
2025-07-09 15:00:00,22.0,0.0,64.0,15.3,observed
2025-07-09 16:00:00,20.25,4.1,70.0,7.7,observed
2025-07-09 17:00:00,20.4,1.0,82.0,7.1,observed
2025-07-09 18:00:00,19.616666666666667,0.6666666666666667,79.0,7.966666666666666,imputed_gap
2025-07-09 19:00:00,18.833333333333332,0.33333333333333337,76.0,8.833333333333332,imputed_gap
2025-07-09 20:00:00,18.05,0.0,73.0,9.7,observed
2025-07-09 21:00:00,18.6,0.0,66.0,5.9,observed
2025-07-09 22:00:00,18.1,0.0,70.0,7.6,observed
2025-07-09 23:00:00,16.950000000000003,0.0,73.0,7.8999999999999995,imputed_gap
2025-07-10 00:00:00,15.8,0.0,76.0,8.2,observed
2025-07-10 01:00:00,15.6,0.0,76.0,9.8,observed
2025-07-10 02:00:00,14.5,0.0,79.0,6.7,observed
2025-07-10 03:00:00,14.497645429362882,0.0,83.0,8.5,observed
2025-07-10 04:00:00,14.495290858725761,0.0,79.0,12.3,observed
2025-07-10 05:00:00,14.492936288088643,0.0,83.0,21.6,observed
2025-07-10 06:00:00,14.490581717451523,0.0,83.0,13.8,observed
2025-07-10 07:00:00,14.488227146814404,0.0,75.0,13.6,observed
2025-07-10 08:00:00,14.485872576177286,0.0,73.0,4.1,observed
2025-07-10 09:00:00,14.483518005540166,0.0,69.0,6.0,observed
2025-07-10 10:00:00,14.481163434903047,0.0,61.0,11.4,observed
2025-07-10 11:00:00,14.478808864265927,1.225,64.5,11.925,imputed_gap
2025-07-10 12:00:00,14.476454293628809,2.45,68.0,12.450000000000001,observed
2025-07-10 13:00:00,14.47409972299169,0.8,84.0,7.3,observed
2025-07-10 14:00:00,14.47174515235457,2.2,81.0,20.9,observed
2025-07-10 15:00:00,14.469390581717452,1.675,76.5,14.35,imputed_gap
2025-07-10 16:00:00,14.467036011080332,1.15,72.0,7.800000000000001,observed
2025-07-10 17:00:00,14.464681440443213,1.05,73.5,10.85,observed
2025-07-10 18:00:00,14.462326869806095,2.5,77.0,14.1,observed
2025-07-10 19:00:00,14.459972299168975,5.6,88.0,4.1,observed
2025-07-10 20:00:00,14.457617728531856,2.8,79.0,9.05,imputed_gap
2025-07-10 21:00:00,14.455263157894738,0.0,70.0,14.0,observed
2025-07-10 22:00:00,14.452908587257618,6.5,88.0,4.1,observed
2025-07-10 23:00:00,14.450554016620499,0.0,74.0,3.8,observed
2025-07-11 00:00:00,14.448199445983379,0.0,86.0,6.2,observed
2025-07-11 01:00:00,14.44584487534626,0.0,80.0,15.8,observed
2025-07-11 02:00:00,14.443490304709142,0.0,80.0,6.3,observed
2025-07-11 03:00:00,14.441135734072022,0.0,75.0,8.8,observed
2025-07-11 04:00:00,14.438781163434903,0.0,80.0,8.7,observed
2025-07-11 05:00:00,14.436426592797783,0.0,69.0,10.8,observed
2025-07-11 06:00:00,14.434072022160665,0.0,74.0,13.9,observed
2025-07-11 07:00:00,14.431717451523546,0.0,69.0,12.3,observed
2025-07-11 08:00:00,14.429362880886426,0.0,71.0,10.6,observed
2025-07-11 09:00:00,14.427008310249308,0.0,65.0,7.6,observed
2025-07-11 10:00:00,14.424653739612188,0.0,72.0,11.1,observed
2025-07-11 11:00:00,14.42229916897507,3.4,77.0,12.6,observed
2025-07-11 12:00:00,14.41994459833795,0.0,56.0,20.4,observed
2025-07-11 13:00:00,14.41759002770083,0.0,66.0,12.2,observed
2025-07-11 14:00:00,14.415235457063712,7.7,83.0,6.2,observed
2025-07-11 15:00:00,14.412880886426592,1.4,77.0,17.1,observed
2025-07-11 16:00:00,14.410526315789474,0.0,58.0,5.1,observed
2025-07-11 17:00:00,14.408171745152355,7.5,79.0,12.8,observed
2025-07-11 18:00:00,14.405817174515235,1.5,93.0,12.4,observed
2025-07-11 19:00:00,14.403462603878117,0.0,60.0,6.9,observed
2025-07-11 20:00:00,14.401108033240996,0.0,59.0,17.3,observed
2025-07-11 21:00:00,14.398753462603878,0.0,60.0,5.8,observed
2025-07-11 22:00:00,14.39639889196676,0.0,60.0,5.949999999999999,imputed_gap
2025-07-11 23:00:00,14.39404432132964,0.0,60.0,6.1,observed
2025-07-12 00:00:00,14.391689750692521,0.0,71.0,20.3,observed
2025-07-12 01:00:00,14.389335180055403,0.0,73.0,5.5,observed
2025-07-12 02:00:00,14.386980609418282,0.0,75.0,9.3,observed
2025-07-12 03:00:00,14.384626038781164,0.0,76.0,15.6,observed
2025-07-12 04:00:00,14.382271468144044,0.0,77.0,12.5,observed
2025-07-12 05:00:00,14.379916897506925,0.0,75.0,15.0,observed
2025-07-12 06:00:00,14.377562326869807,0.0,75.0,17.9,observed
2025-07-12 07:00:00,14.375207756232687,0.0,73.0,7.5,observed
2025-07-12 08:00:00,14.372853185595568,0.0,72.0,15.8,observed
2025-07-12 09:00:00,14.370498614958448,0.0,67.0,11.2,observed
2025-07-12 10:00:00,14.36814404432133,0.0,71.0,8.7,observed
2025-07-12 11:00:00,14.365789473684211,2.4499999999999997,74.0,8.850000000000001,observed
2025-07-12 12:00:00,14.363434903047091,1.2249999999999999,67.0,13.1,observed
2025-07-12 13:00:00,14.361080332409973,0.0,71.0,5.2,observed
2025-07-12 14:00:00,14.358725761772853,0.0,65.0,7.800000000000001,imputed_gap
2025-07-12 15:00:00,14.356371191135734,0.0,59.0,10.4,observed
2025-07-12 16:00:00,14.354016620498616,0.0,65.0,9.1,observed
2025-07-12 17:00:00,14.351662049861496,1.7,91.0,7.3,observed
2025-07-12 18:00:00,14.349307479224377,0.2,56.0,9.5,observed
2025-07-12 19:00:00,14.346952908587257,0.0,69.0,4.8,observed
2025-07-12 20:00:00,14.344598337950139,5.2,87.0,19.3,observed
2025-07-12 21:00:00,14.34224376731302,2.4,94.0,10.4,observed
2025-07-12 22:00:00,14.3398891966759,0.1,69.0,10.2,observed
2025-07-12 23:00:00,14.337534626038781,0.0,77.0,10.2,observed
2025-07-13 00:00:00,14.335180055401661,0.0,90.0,6.7,observed
2025-07-13 01:00:00,14.332825484764543,0.0,71.0,8.7,observed
2025-07-13 02:00:00,14.330470914127424,0.0,83.0,7.3,observed
2025-07-13 03:00:00,14.328116343490304,0.0,81.0,8.4,observed
2025-07-13 04:00:00,14.325761772853186,0.0,78.0,13.7,observed
2025-07-13 05:00:00,14.323407202216067,0.0,89.0,10.1,observed
2025-07-13 06:00:00,14.321052631578947,0.0,74.0,11.7,observed
2025-07-13 07:00:00,14.318698060941829,0.0,73.0,7.8,observed
2025-07-13 08:00:00,14.316343490304709,0.0,67.0,8.0,observed
2025-07-13 09:00:00,14.31398891966759,0.0,76.0,8.7,observed
2025-07-13 10:00:00,14.311634349030472,0.0,72.0,7.9,observed
2025-07-13 11:00:00,14.309279778393352,0.0,81.0,12.3,observed
2025-07-13 12:00:00,14.306925207756233,0.0,63.0,9.4,observed
2025-07-13 13:00:00,14.304570637119113,4.6,93.0,15.5,observed
2025-07-13 14:00:00,14.302216066481995,0.0,67.0,6.6,observed
2025-07-13 15:00:00,14.299861495844876,13.6,80.0,12.9,observed
2025-07-13 16:00:00,14.297506925207756,0.0,66.0,8.5,observed
2025-07-13 17:00:00,14.295152354570638,0.7,77.0,12.0,observed
2025-07-13 18:00:00,14.292797783933517,0.0,71.0,8.2,observed
2025-07-13 19:00:00,14.290443213296399,0.0,74.0,9.9,observed
2025-07-13 20:00:00,14.28808864265928,0.0,74.5,7.35,imputed_gap
2025-07-13 21:00:00,14.28573407202216,0.0,75.0,4.8,observed
2025-07-13 22:00:00,14.283379501385042,0.0,74.0,8.5,observed
2025-07-13 23:00:00,14.281024930747922,0.0,71.0,11.7,observed
2025-07-14 00:00:00,14.278670360110803,0.0,76.0,17.2,observed
2025-07-14 01:00:00,14.276315789473685,0.0,74.0,6.7,observed
2025-07-14 02:00:00,14.273961218836565,0.0,71.0,7.5,observed
2025-07-14 03:00:00,14.271606648199446,0.0,89.0,11.4,observed
2025-07-14 04:00:00,14.269252077562326,0.0,79.0,7.7,observed
2025-07-14 05:00:00,14.266897506925208,0.0,82.0,10.0,observed
2025-07-14 06:00:00,14.26454293628809,0.0,71.0,16.4,observed
2025-07-14 07:00:00,14.26218836565097,0.0,73.0,9.5,observed
2025-07-14 08:00:00,14.25983379501385,0.0,71.0,14.8,observed
2025-07-14 09:00:00,14.25747922437673,0.0,56.0,10.5,observed
2025-07-14 10:00:00,14.255124653739612,0.0,67.0,9.7,observed
2025-07-14 11:00:00,14.252770083102494,0.0,66.0,13.1,observed
2025-07-14 12:00:00,14.250415512465374,0.0,70.0,10.1,observed
2025-07-14 13:00:00,14.248060941828255,0.0,57.0,7.8,observed
2025-07-14 14:00:00,14.245706371191137,0.0,68.0,4.5,observed
2025-07-14 15:00:00,14.243351800554017,2.7,79.0,6.1,observed
2025-07-14 16:00:00,14.240997229916898,2.6,80.0,9.8,observed
2025-07-14 17:00:00,14.238642659279778,0.2,61.0,4.7,observed
2025-07-14 18:00:00,14.23628808864266,4.8,90.0,12.5,observed
2025-07-14 19:00:00,14.233933518005541,0.0,70.0,11.350000000000001,observed
2025-07-14 20:00:00,14.23157894736842,1.1,85.0,11.9,observed
2025-07-14 21:00:00,14.229224376731302,0.0,68.0,22.6,observed
2025-07-14 22:00:00,14.226869806094182,0.0,76.5,17.9,imputed_gap
2025-07-14 23:00:00,14.224515235457064,0.0,85.0,13.2,observed
2025-07-15 00:00:00,14.222160664819945,0.0,72.0,3.6,observed
2025-07-15 01:00:00,14.219806094182825,0.0,86.0,8.6,observed
2025-07-15 02:00:00,14.217451523545707,0.0,83.0,8.8,imputed_gap
2025-07-15 03:00:00,14.215096952908587,0.0,80.0,9.0,observed
2025-07-15 04:00:00,14.212742382271468,0.0,80.0,14.8,observed
2025-07-15 05:00:00,14.21038781163435,0.0,72.0,11.7,observed
2025-07-15 06:00:00,14.20803324099723,0.0,71.5,11.5,observed
2025-07-15 07:00:00,14.205678670360111,0.0,67.0,11.6,observed
2025-07-15 08:00:00,14.203324099722991,0.0,66.0,12.1,observed
2025-07-15 09:00:00,14.200969529085873,0.0,60.0,13.5,observed
2025-07-15 10:00:00,14.198614958448754,0.0,56.0,12.2,observed
2025-07-15 11:00:00,14.196260387811634,0.0,59.0,16.7,observed
2025-07-15 12:00:00,14.193905817174516,1.15,67.0,15.3,imputed_gap
2025-07-15 13:00:00,14.191551246537395,2.3,75.0,13.9,observed
2025-07-15 14:00:00,14.189196675900277,4.9,83.0,24.8,observed
2025-07-15 15:00:00,14.186842105263159,10.4,74.0,9.6,observed
2025-07-15 16:00:00,14.184487534626038,0.0,51.0,6.8,observed
2025-07-15 17:00:00,14.18213296398892,0.0,56.0,6.5,observed
2025-07-15 18:00:00,14.1797783933518,1.7,72.0,13.7,observed
2025-07-15 19:00:00,14.177423822714681,2.4,78.0,15.4,observed
2025-07-15 20:00:00,14.175069252077563,5.2,85.0,10.3,observed
2025-07-15 21:00:00,14.172714681440443,0.0,72.0,15.5,observed
2025-07-15 22:00:00,14.170360110803324,0.0,83.0,16.5,observed
2025-07-15 23:00:00,14.168005540166206,0.0,78.0,15.3,observed
2025-07-16 00:00:00,14.165650969529086,0.0,82.0,3.6,observed
2025-07-16 01:00:00,14.163296398891967,0.0,77.5,14.85,observed
2025-07-16 02:00:00,14.160941828254847,0.0,78.0,5.3,observed
2025-07-16 03:00:00,14.158587257617729,0.0,79.0,11.8,observed
2025-07-16 04:00:00,14.15623268698061,0.0,80.5,12.05,imputed_gap
2025-07-16 05:00:00,14.15387811634349,0.0,82.0,12.3,observed
2025-07-16 06:00:00,14.151523545706372,0.0,76.5,9.4,imputed_gap
2025-07-16 07:00:00,14.149168975069252,0.0,71.0,6.5,observed
2025-07-16 08:00:00,14.146814404432133,0.0,75.5,8.1,observed
2025-07-16 09:00:00,14.144459833795015,0.0,67.0,16.8,observed
2025-07-16 10:00:00,14.142105263157895,0.0,65.0,13.7,observed
2025-07-16 11:00:00,14.139750692520776,0.0,65.5,10.0,imputed_gap
2025-07-16 12:00:00,14.137396121883656,0.0,66.0,6.3,observed
2025-07-16 13:00:00,14.135041551246537,0.0,58.0,11.0,observed
2025-07-16 14:00:00,14.132686980609419,0.0,54.0,15.2,observed
2025-07-16 15:00:00,14.130332409972299,0.0,56.0,4.2,observed
2025-07-16 16:00:00,14.12797783933518,16.1,79.0,8.0,observed
2025-07-16 17:00:00,14.12562326869806,0.5,68.0,7.65,observed
2025-07-16 18:00:00,14.123268698060942,1.7,91.0,8.3,observed
2025-07-16 19:00:00,14.120914127423823,0.0,61.0,14.4,observed
2025-07-16 20:00:00,14.118559556786703,0.0,62.5,9.9,imputed_gap
2025-07-16 21:00:00,14.116204986149585,0.0,64.0,5.4,observed
2025-07-16 22:00:00,14.113850415512466,0.0,65.0,8.4,observed
2025-07-16 23:00:00,14.111495844875346,0.0,79.0,7.6,observed
2025-07-17 00:00:00,14.109141274238228,0.0,71.0,7.4,observed
2025-07-17 01:00:00,14.106786703601108,0.0,73.5,8.15,imputed_gap
2025-07-17 02:00:00,14.10443213296399,0.0,76.0,8.9,observed
2025-07-17 03:00:00,14.10207756232687,0.0,79.0,9.05,imputed_gap
2025-07-17 04:00:00,14.09972299168975,0.0,82.0,9.2,observed
2025-07-17 05:00:00,14.097368421052632,0.0,72.0,16.4,observed
2025-07-17 06:00:00,14.095013850415512,0.0,79.0,6.8,observed
2025-07-17 07:00:00,14.092659279778394,0.0,73.0,12.1,observed
2025-07-17 08:00:00,14.090304709141275,0.0,71.0,17.2,observed
2025-07-17 09:00:00,14.087950138504155,0.0,69.0,6.7,observed
2025-07-17 10:00:00,14.085595567867037,0.0,63.0,13.8,observed
2025-07-17 11:00:00,14.083240997229916,0.0,63.0,6.9,observed
2025-07-17 12:00:00,14.080886426592798,3.9,72.0,12.8,observed
2025-07-17 13:00:00,14.07853185595568,4.7,83.0,4.4,observed
2025-07-17 14:00:00,14.07617728531856,1.1,81.0,9.5,observed
2025-07-17 15:00:00,14.073822714681441,0.0,65.0,4.3,observed
2025-07-17 16:00:00,14.07146814404432,0.0,63.0,12.2,observed
2025-07-17 17:00:00,14.069113573407202,0.0,63.0,12.733333333333333,imputed_gap
2025-07-17 18:00:00,14.066759002770084,0.0,63.0,13.266666666666667,imputed_gap
2025-07-17 19:00:00,14.064404432132964,0.0,63.0,13.8,observed
2025-07-17 20:00:00,14.062049861495845,2.8,84.0,12.3,observed
2025-07-17 21:00:00,14.059695290858725,1.3,89.0,14.8,observed
2025-07-17 22:00:00,14.057340720221607,0.8,83.5,15.9,observed
2025-07-17 23:00:00,14.054986149584488,0.0,78.0,11.0,observed
2025-07-18 00:00:00,14.052631578947368,0.0,81.0,6.3,observed
2025-07-18 01:00:00,14.05027700831025,0.0,83.0,5.1,observed
2025-07-18 02:00:00,14.04792243767313,0.0,84.0,9.3,observed
2025-07-18 03:00:00,14.045567867036011,0.0,78.0,9.1,observed
2025-07-18 04:00:00,14.043213296398893,0.0,83.0,11.4,observed
2025-07-18 05:00:00,14.040858725761773,0.0,84.0,8.7,observed
2025-07-18 06:00:00,14.038504155124654,0.0,79.0,7.9,observed
2025-07-18 07:00:00,14.036149584487536,0.0,80.0,13.4,observed
2025-07-18 08:00:00,14.033795013850416,0.0,84.0,14.5,observed
2025-07-18 09:00:00,14.031440443213297,0.0,68.0,14.1,observed
2025-07-18 10:00:00,14.029085872576177,0.0,69.0,18.6,observed
2025-07-18 11:00:00,14.026731301939058,0.0,70.0,18.9,observed
2025-07-18 12:00:00,14.02437673130194,0.0,65.0,10.0,observed
2025-07-18 13:00:00,14.02202216066482,1.5,87.0,11.6,observed
2025-07-18 14:00:00,14.019667590027701,0.0,60.0,5.5,observed
2025-07-18 15:00:00,14.017313019390581,0.0,58.0,11.2,observed
2025-07-18 16:00:00,14.014958448753463,0.0,60.0,9.5,observed
2025-07-18 17:00:00,14.012603878116344,0.0,63.0,10.6,observed
2025-07-18 18:00:00,14.010249307479224,3.6,84.0,15.6,observed
2025-07-18 19:00:00,14.007894736842106,12.5,81.0,4.7,observed
2025-07-18 20:00:00,14.005540166204986,0.0,65.0,8.6,observed
2025-07-18 21:00:00,14.003185595567867,0.0,71.5,13.0,observed
2025-07-18 22:00:00,14.000831024930749,0.0,78.0,14.8,observed
2025-07-18 23:00:00,13.998476454293629,0.0,77.0,17.6,observed
2025-07-19 00:00:00,13.99612188365651,0.0,74.0,9.7,observed
2025-07-19 01:00:00,13.99376731301939,0.0,83.0,13.2,observed
2025-07-19 02:00:00,13.991412742382272,0.0,85.0,8.7,observed
2025-07-19 03:00:00,13.989058171745153,0.0,82.0,16.3,observed
2025-07-19 04:00:00,13.986703601108033,0.0,70.0,15.0,observed
2025-07-19 05:00:00,13.984349030470915,0.0,89.0,9.3,observed
2025-07-19 06:00:00,13.981994459833794,0.0,79.0,16.3,observed
2025-07-19 07:00:00,13.979639889196676,0.0,68.0,13.0,observed
2025-07-19 08:00:00,13.977285318559558,0.0,69.0,4.7,observed
2025-07-19 09:00:00,13.974930747922437,0.0,71.5,10.8,imputed_gap
2025-07-19 10:00:00,13.972576177285319,0.0,74.0,16.9,observed
2025-07-19 11:00:00,13.970221606648199,0.0,63.0,6.7,observed
2025-07-19 12:00:00,13.96786703601108,0.0,61.0,7.7,observed
2025-07-19 13:00:00,13.965512465373962,3.55,72.5,8.899999999999999,observed
2025-07-19 14:00:00,13.963157894736842,5.3,75.0,17.6,observed
2025-07-19 15:00:00,13.960803324099723,1.6,90.0,10.2,observed
2025-07-19 16:00:00,13.958448753462605,0.8,74.5,9.0,imputed_gap
2025-07-19 17:00:00,13.956094182825485,0.0,59.0,7.8,observed
2025-07-19 18:00:00,13.953739612188366,0.9,78.0,6.4,observed
2025-07-19 19:00:00,13.951385041551246,3.1999999999999997,82.5,5.800000000000001,imputed_gap
2025-07-19 20:00:00,13.949030470914128,5.5,87.0,5.2,observed
2025-07-19 21:00:00,13.94667590027701,0.0,67.0,17.4,observed
2025-07-19 22:00:00,13.94432132963989,0.0,61.0,10.7,observed
2025-07-19 23:00:00,13.94196675900277,0.0,79.0,8.0,observed
2025-07-20 00:00:00,13.93961218836565,0.0,75.0,5.5,observed
2025-07-20 01:00:00,13.937257617728532,0.0,76.0,12.5,observed
2025-07-20 02:00:00,13.934903047091414,0.0,74.0,11.6,observed
2025-07-20 03:00:00,13.932548476454294,0.0,68.0,5.8,observed
2025-07-20 04:00:00,13.930193905817175,0.0,82.0,20.4,observed
2025-07-20 05:00:00,13.927839335180055,0.0,76.0,11.1,observed
2025-07-20 06:00:00,13.925484764542936,0.0,78.0,10.3,observed
2025-07-20 07:00:00,13.923130193905818,0.0,84.0,11.0,observed
2025-07-20 08:00:00,13.920775623268698,0.0,65.0,7.4,observed
2025-07-20 09:00:00,13.91842105263158,0.0,67.0,4.8,observed
2025-07-20 10:00:00,13.91606648199446,1.5,76.0,11.600000000000001,observed
2025-07-20 11:00:00,13.91371191135734,0.0,66.0,11.7,observed
2025-07-20 12:00:00,13.911357340720222,0.0,57.0,7.1,observed
2025-07-20 13:00:00,13.909002770083102,2.05,69.5,7.15,imputed_gap
2025-07-20 14:00:00,13.906648199445984,4.1,82.0,7.2,observed
2025-07-20 15:00:00,13.904293628808865,4.7,75.5,11.85,observed
2025-07-20 16:00:00,13.901939058171745,6.7,73.0,11.9,observed
2025-07-20 17:00:00,13.899584487534627,0.0,54.0,8.1,observed
2025-07-20 18:00:00,13.897229916897507,1.55,74.5,6.6,imputed_gap
2025-07-20 19:00:00,13.894875346260388,3.1,95.0,5.1,observed
2025-07-20 20:00:00,13.892520775623268,0.0,68.0,6.3,observed
2025-07-20 21:00:00,13.89016620498615,0.7,94.0,12.5,observed
2025-07-20 22:00:00,13.887811634349031,0.0,76.0,4.2,observed
2025-07-20 23:00:00,13.885457063711911,0.0,69.0,14.15,observed
2025-07-21 00:00:00,13.883102493074793,0.0,86.0,12.9,observed
2025-07-21 01:00:00,13.880747922437674,0.0,71.0,9.0,observed
2025-07-21 02:00:00,13.878393351800554,0.0,82.0,5.1,observed
2025-07-21 03:00:00,13.876038781163436,0.0,73.0,9.1,observed
2025-07-21 04:00:00,13.873684210526315,0.0,80.0,14.8,observed
2025-07-21 05:00:00,13.871329639889197,0.0,76.5,12.8,imputed_gap
2025-07-21 06:00:00,13.868975069252079,0.0,73.0,10.8,observed
2025-07-21 07:00:00,13.866620498614958,0.0,81.0,10.3,observed
2025-07-21 08:00:00,13.86426592797784,0.0,70.0,8.2,observed
2025-07-21 09:00:00,13.86191135734072,0.0,70.0,17.6,observed
2025-07-21 10:00:00,13.859556786703601,1.4,70.5,7.550000000000001,observed
2025-07-21 11:00:00,13.857202216066483,0.0,67.0,5.0,observed
2025-07-21 12:00:00,13.854847645429363,0.0,57.0,16.7,observed
2025-07-21 13:00:00,13.852493074792244,0.0,56.0,12.35,imputed_gap
2025-07-21 14:00:00,13.850138504155124,0.0,55.0,8.0,observed
2025-07-21 15:00:00,13.847783933518006,4.8,81.0,13.1,observed
2025-07-21 16:00:00,13.845429362880887,2.4,73.0,13.2,observed
2025-07-21 17:00:00,13.843074792243767,3.1,73.0,6.5,observed
2025-07-21 18:00:00,13.840720221606649,0.0,68.5,11.850000000000001,observed
2025-07-21 19:00:00,13.838365650969529,3.0,81.0,8.8,observed
2025-07-21 20:00:00,13.83601108033241,0.0,78.0,16.3,observed
2025-07-21 21:00:00,13.833656509695292,0.0,74.0,11.55,imputed_gap
2025-07-21 22:00:00,13.831301939058172,0.0,70.0,6.8,observed
2025-07-21 23:00:00,13.828947368421053,0.0,73.0,15.6,observed
2025-07-22 00:00:00,13.826592797783935,0.0,72.5,9.7,observed
2025-07-22 01:00:00,13.824238227146814,0.0,75.0,12.7,observed
2025-07-22 02:00:00,13.821883656509696,0.0,82.0,13.15,observed
2025-07-22 03:00:00,13.819529085872576,0.0,84.0,15.274999999999999,imputed_gap
2025-07-22 04:00:00,13.817174515235457,0.0,86.0,17.4,observed
2025-07-22 05:00:00,13.814819944598339,0.0,84.0,11.899999999999999,imputed_gap
2025-07-22 06:00:00,13.812465373961219,0.0,82.0,6.4,observed
2025-07-22 07:00:00,13.8101108033241,0.0,67.0,10.5,observed
2025-07-22 08:00:00,13.80775623268698,0.0,67.5,9.9,observed
2025-07-22 09:00:00,13.805401662049862,0.0,68.0,11.5,observed
2025-07-22 10:00:00,13.803047091412743,0.0,66.0,9.7,observed
2025-07-22 11:00:00,13.800692520775623,0.0,59.0,19.0,observed
2025-07-22 12:00:00,13.798337950138505,0.0,55.0,9.0,observed
2025-07-22 13:00:00,13.795983379501385,0.0,57.5,14.5,imputed_gap
2025-07-22 14:00:00,13.793628808864266,0.0,60.0,20.0,observed
2025-07-22 15:00:00,13.791274238227148,2.3,72.0,13.7,observed
2025-07-22 16:00:00,13.788919667590028,0.0,65.0,5.2,observed
2025-07-22 17:00:00,13.78656509695291,0.0,64.0,13.5,observed
2025-07-22 18:00:00,13.784210526315789,0.0,67.0,9.95,observed
2025-07-22 19:00:00,13.78185595567867,9.5,92.0,13.7,observed
2025-07-22 20:00:00,13.779501385041552,0.0,69.66666666666667,9.133333333333333,observed
2025-07-22 21:00:00,13.777146814404432,0.0,71.83333333333334,7.716666666666667,imputed_gap
2025-07-22 22:00:00,13.774792243767314,0.0,74.0,6.3,observed
2025-07-22 23:00:00,13.772437673130193,0.0,71.0,11.55,imputed_gap
2025-07-23 00:00:00,13.770083102493075,0.0,68.0,16.8,observed
2025-07-23 01:00:00,13.767728531855957,0.0,70.0,14.1,observed
2025-07-23 02:00:00,13.765373961218836,0.0,81.0,9.3,observed
2025-07-23 03:00:00,13.763019390581718,0.0,75.0,11.1,observed
2025-07-23 04:00:00,13.760664819944598,0.0,69.0,9.9,observed
2025-07-23 05:00:00,13.75831024930748,0.0,74.0,11.4,observed
2025-07-23 06:00:00,13.755955678670361,0.0,69.0,9.0,observed
2025-07-23 07:00:00,13.75360110803324,0.0,70.0,10.6,observed
2025-07-23 08:00:00,13.751246537396122,0.0,59.0,16.1,observed
2025-07-23 09:00:00,13.748891966759004,0.0,58.5,10.450000000000001,imputed_gap
2025-07-23 10:00:00,13.746537396121884,0.0,58.0,4.8,observed
2025-07-23 11:00:00,13.744182825484765,0.0,57.0,10.5,observed
2025-07-23 12:00:00,13.741828254847645,0.0,57.0,7.5,observed
2025-07-23 13:00:00,13.739473684210527,0.0,59.0,4.9,observed
2025-07-23 14:00:00,13.737119113573408,0.0,54.0,15.0,observed
2025-07-23 15:00:00,13.734764542936288,2.7,76.0,14.4,observed
2025-07-23 16:00:00,13.73240997229917,4.2,78.0,9.1,observed
2025-07-23 17:00:00,13.73005540166205,0.0,58.5,11.35,observed
2025-07-23 18:00:00,13.727700831024931,0.0,60.0,12.0,observed
2025-07-23 19:00:00,13.725346260387813,4.6,88.0,8.0,observed
2025-07-23 20:00:00,13.722991689750693,3.4,89.5,7.5,imputed_gap
2025-07-23 21:00:00,13.720637119113574,2.2,91.0,7.0,observed
2025-07-23 22:00:00,13.718282548476454,13.9,83.0,10.8,observed
2025-07-23 23:00:00,13.715927977839335,0.0,68.0,6.8,observed
2025-07-24 00:00:00,13.713573407202217,0.0,71.0,11.7,observed
2025-07-24 01:00:00,13.711218836565097,0.0,80.0,6.9,observed
2025-07-24 02:00:00,13.708864265927978,0.0,71.0,10.9,observed
2025-07-24 03:00:00,13.706509695290858,0.0,79.0,5.0,observed
2025-07-24 04:00:00,13.70415512465374,0.0,91.0,8.0,observed
2025-07-24 05:00:00,13.701800554016621,0.0,81.0,11.9,observed
2025-07-24 06:00:00,13.699445983379501,0.0,81.0,17.7,observed
2025-07-24 07:00:00,13.697091412742383,0.0,67.0,7.85,observed
2025-07-24 08:00:00,13.694736842105264,0.0,66.0,11.4,observed
2025-07-24 09:00:00,13.692382271468144,0.0,74.0,3.9,observed
2025-07-24 10:00:00,13.690027700831026,0.0,68.5,7.3500000000000005,imputed_gap
2025-07-24 11:00:00,13.687673130193906,0.0,63.0,10.8,observed
2025-07-24 12:00:00,13.685318559556787,0.0,62.5,10.1,observed
2025-07-24 13:00:00,13.682963988919667,0.0,62.0,11.0,observed
2025-07-24 14:00:00,13.680609418282549,0.0,60.0,10.75,observed
2025-07-24 15:00:00,13.67825484764543,0.0,61.0,15.1,observed
2025-07-24 16:00:00,13.67590027700831,0.0,60.333333333333336,11.866666666666667,imputed_gap
2025-07-24 17:00:00,13.673545706371192,0.0,59.666666666666664,8.633333333333333,imputed_gap
2025-07-24 18:00:00,13.671191135734073,0.0,59.0,5.4,observed
2025-07-24 19:00:00,13.668836565096953,0.0,68.0,9.3,observed
2025-07-24 20:00:00,13.666481994459835,0.0,66.0,11.3,observed
2025-07-24 21:00:00,13.664127423822714,0.0,75.0,18.9,observed
2025-07-24 22:00:00,13.661772853185596,0.0,65.0,8.0,observed
2025-07-24 23:00:00,13.659418282548478,0.0,79.5,15.0,observed
2025-07-25 00:00:00,13.657063711911357,0.0,94.0,10.9,observed
2025-07-25 01:00:00,13.654709141274239,0.0,79.0,10.4,observed
2025-07-25 02:00:00,13.652354570637119,0.0,80.0,15.0,observed
2025-07-25 03:00:00,13.65,0.0,74.5,11.05,observed
2025-07-25 04:00:00,13.1,0.0,71.75,12.6,observed
2025-07-25 05:00:00,14.6,0.0,69.0,8.3,observed
2025-07-25 06:00:00,14.85,0.0,73.0,10.95,imputed_gap
2025-07-25 07:00:00,15.1,0.0,77.0,13.6,observed
2025-07-25 08:00:00,16.0,0.0,79.0,10.5,observed
2025-07-25 09:00:00,17.4,0.0,81.0,16.1,observed
2025-07-25 10:00:00,18.3,0.0,71.0,6.7,observed
2025-07-25 11:00:00,18.5,3.5,84.0,14.5,observed
2025-07-25 12:00:00,19.75,0.7,68.5,6.3,observed
2025-07-25 13:00:00,20.6,0.0,64.0,14.7,observed
2025-07-25 14:00:00,21.2,0.0,70.0,7.4,observed
2025-07-25 15:00:00,19.85,10.15,76.0,10.95,imputed_gap
2025-07-25 16:00:00,18.5,20.3,82.0,14.5,observed
2025-07-25 17:00:00,19.2,2.3,87.0,14.8,observed
2025-07-25 18:00:00,19.75,0.15,64.0,5.85,observed
2025-07-25 19:00:00,18.9,0.4,65.0,20.0,observed
2025-07-25 20:00:00,17.45,0.0,71.0,13.0,observed
2025-07-25 21:00:00,16.0,0.0,73.25,9.875,imputed_gap
2025-07-25 22:00:00,14.55,0.0,75.5,6.75,observed
2025-07-25 23:00:00,14.8,0.0,78.0,14.1,observed
2025-07-26 00:00:00,12.7,0.0,78.0,9.9,observed
2025-07-26 01:00:00,12.7,0.0,79.5,11.2,imputed_gap
2025-07-26 02:00:00,12.7,0.0,81.0,12.5,observed
2025-07-26 03:00:00,11.8,0.0,96.0,17.7,observed
2025-07-26 04:00:00,11.6,0.0,84.5,10.4,observed
2025-07-26 05:00:00,12.1,0.0,73.0,11.7,observed
2025-07-26 06:00:00,14.3,0.0,75.0,9.9,observed
2025-07-26 07:00:00,13.4,0.0,78.0,11.5,observed
2025-07-26 08:00:00,15.4,0.0,81.0,10.7,observed
2025-07-26 09:00:00,16.6,0.0,69.0,8.4,observed
2025-07-26 10:00:00,17.5,0.0,67.0,3.5,observed
2025-07-26 11:00:00,18.3,0.0,72.0,11.1,observed
2025-07-26 12:00:00,19.9,0.0,58.0,12.2,observed
2025-07-26 13:00:00,20.3,0.0,70.0,14.3,observed
2025-07-26 14:00:00,18.1,4.7,69.0,14.4,observed
2025-07-26 15:00:00,20.8,0.0,68.0,12.9,observed
2025-07-26 16:00:00,20.0,1.1,72.0,11.3,imputed_gap
2025-07-26 17:00:00,19.2,2.2,76.0,9.7,observed
2025-07-26 18:00:00,20.2,0.0,67.0,7.6,observed
2025-07-26 19:00:00,17.2,5.3,87.0,5.9,observed
2025-07-26 20:00:00,17.8,0.0,65.0,11.6,observed
2025-07-26 21:00:00,15.8,0.0,71.0,7.6,observed
2025-07-26 22:00:00,15.0,0.0,77.0,13.4,observed
2025-07-26 23:00:00,14.4,0.0,81.0,11.1,observed
2025-07-27 00:00:00,13.4,0.0,85.0,11.7,observed
2025-07-27 01:00:00,12.45,0.0,86.5,10.85,observed
2025-07-27 02:00:00,12.3,0.0,82.0,10.0,observed
2025-07-27 03:00:00,12.7,0.0,88.0,11.2,observed
2025-07-27 04:00:00,12.95,0.0,85.0,8.85,imputed_gap
2025-07-27 05:00:00,13.2,0.0,82.0,6.5,observed
2025-07-27 06:00:00,14.2,0.0,79.5,7.0,imputed_gap
2025-07-27 07:00:00,15.2,0.0,77.0,7.5,observed
2025-07-27 08:00:00,15.5,0.0,77.0,12.2,observed
2025-07-27 09:00:00,17.0,0.0,76.0,7.4,observed
2025-07-27 10:00:00,18.799999999999997,0.0,64.5,8.65,observed
2025-07-27 11:00:00,19.3,0.0,76.0,9.5,observed
2025-07-27 12:00:00,20.2,0.0,54.0,9.0,observed
2025-07-27 13:00:00,19.424999999999997,1.05,68.0,9.475,imputed_gap
2025-07-27 14:00:00,18.65,2.1,82.0,9.95,observed
2025-07-27 15:00:00,18.2,2.5,88.0,11.2,observed
2025-07-27 16:00:00,19.55,0.15,63.0,7.6,observed
2025-07-27 17:00:00,19.325000000000003,0.075,62.5,7.6,imputed_gap
2025-07-27 18:00:00,19.1,0.0,62.0,7.6,observed
2025-07-27 19:00:00,18.05,0.0,67.5,7.449999999999999,imputed_gap
2025-07-27 20:00:00,17.0,0.0,73.0,7.3,observed
2025-07-27 21:00:00,14.649999999999999,0.0,79.0,13.850000000000001,observed
2025-07-27 22:00:00,15.6,0.0,75.0,5.5,observed
2025-07-27 23:00:00,13.9,0.0,85.0,15.6,observed
2025-07-28 00:00:00,13.15,0.0,89.66666666666667,17.0,imputed_gap
2025-07-28 01:00:00,12.4,0.0,94.33333333333333,18.4,observed
2025-07-28 02:00:00,11.5,0.0,99.0,13.0,observed
2025-07-28 03:00:00,12.2,0.0,82.0,12.1,observed
2025-07-28 04:00:00,11.2,0.0,81.0,5.6,observed
2025-07-28 05:00:00,13.3,0.0,78.0,18.5,observed
2025-07-28 06:00:00,13.0,0.0,86.0,9.6,observed
2025-07-28 07:00:00,13.8,0.0,77.0,18.2,observed
2025-07-28 08:00:00,16.4,0.0,78.0,17.1,observed
2025-07-28 09:00:00,16.6,0.0,72.0,11.3,observed
2025-07-28 10:00:00,17.2,0.0,76.0,18.4,observed
2025-07-28 11:00:00,18.1,0.0,70.0,14.549999999999999,imputed_gap
2025-07-28 12:00:00,19.0,0.0,64.0,10.7,observed
2025-07-28 13:00:00,19.6,0.0,62.0,13.9,observed
2025-07-28 14:00:00,19.0,0.0,68.0,6.6,observed
2025-07-28 15:00:00,19.55,0.0,69.0,8.8,imputed_gap
2025-07-28 16:00:00,20.1,0.0,70.0,11.0,observed
2025-07-28 17:00:00,20.0,0.0,57.0,8.4,observed
2025-07-28 18:00:00,19.4,0.0,67.0,18.4,observed
2025-07-28 19:00:00,17.6,0.0,76.0,7.0,observed
2025-07-28 20:00:00,15.1,1.2,85.0,5.1,observed
2025-07-28 21:00:00,16.5,0.0,65.0,9.6,observed
2025-07-28 22:00:00,11.5,0.5,91.0,16.75,observed
2025-07-28 23:00:00,13.4,0.0,85.0,8.5,observed
2025-07-29 00:00:00,11.0,0.0,78.0,12.6,observed
2025-07-29 01:00:00,9.1,0.0,92.0,23.0,observed
2025-07-29 02:00:00,9.7,0.0,89.0,10.8,observed
2025-07-29 03:00:00,9.1,0.0,94.0,7.1,observed
2025-07-29 04:00:00,9.399999999999999,0.0,93.5,11.399999999999999,imputed_gap
2025-07-29 05:00:00,9.7,0.0,93.0,15.7,observed
2025-07-29 06:00:00,11.850000000000001,0.0,75.5,10.85,observed
2025-07-29 07:00:00,12.0,0.0,76.0,12.2,observed
2025-07-29 08:00:00,13.6,0.0,76.0,12.3,observed
2025-07-29 09:00:00,14.35,0.0,79.33333333333333,10.65,imputed_gap
2025-07-29 10:00:00,15.1,0.0,82.66666666666667,9.0,observed
2025-07-29 11:00:00,13.8,20.3,86.0,5.2,observed
2025-07-29 12:00:00,17.0,0.0,77.0,11.0,observed
2025-07-29 13:00:00,17.4,0.0,73.0,8.4,observed
2025-07-29 14:00:00,18.2,0.0,71.0,5.4,observed
2025-07-29 15:00:00,16.8,6.1,97.0,12.3,observed
2025-07-29 16:00:00,16.7,3.7,87.0,10.9,observed
2025-07-29 17:00:00,15.4,2.3,90.0,4.6,observed
2025-07-29 18:00:00,15.0,2.7,86.0,6.2,observed
2025-07-29 19:00:00,13.5,0.6,96.0,14.3,observed
2025-07-29 20:00:00,12.0,2.8,99.0,18.6,observed
2025-07-29 21:00:00,15.1,0.0,82.0,9.0,observed
2025-07-29 22:00:00,13.4,0.0,73.0,7.3,observed
2025-07-29 23:00:00,12.5,0.0,74.0,14.5,observed
2025-07-30 00:00:00,11.6,0.0,82.0,13.9,observed
2025-07-30 01:00:00,11.6,0.0,90.0,10.0,observed
2025-07-30 02:00:00,11.1,0.0,81.0,15.4,observed
2025-07-30 03:00:00,10.8,0.0,86.0,9.9,observed
2025-07-30 04:00:00,11.0,0.0,90.0,8.4,observed
2025-07-30 05:00:00,11.9,0.0,84.0,8.3,observed
2025-07-30 06:00:00,11.7,0.0,83.0,7.2,observed
2025-07-30 07:00:00,13.9,0.0,87.0,11.6,observed
2025-07-30 08:00:00,14.9,1.8,81.0,9.05,observed
2025-07-30 09:00:00,15.0,0.0,84.0,17.4,observed
2025-07-30 10:00:00,16.6,0.0,61.0,16.0,observed
2025-07-30 11:00:00,17.5,0.0,64.0,15.3,imputed_gap
2025-07-30 12:00:00,18.4,0.0,67.0,14.6,observed
2025-07-30 13:00:00,18.7,0.0,63.0,8.7,observed
2025-07-30 14:00:00,18.8,0.0,70.25,12.6,observed
2025-07-30 15:00:00,17.0,2.0,77.5,11.3,observed
2025-07-30 16:00:00,19.9,0.0,68.0,19.9,observed
2025-07-30 17:00:00,17.2,10.1,83.0,12.2,observed
2025-07-30 18:00:00,17.0,5.05,74.0,10.55,imputed_gap
2025-07-30 19:00:00,16.8,0.0,65.0,8.9,observed
2025-07-30 20:00:00,16.4,0.0,68.0,5.1,observed
2025-07-30 21:00:00,16.0,0.0,77.0,7.6,observed
2025-07-30 22:00:00,15.4,0.0,87.0,15.0,observed
2025-07-30 23:00:00,12.6,0.0,75.0,7.2,observed
2025-07-31 00:00:00,11.825,0.0,80.5,8.85,imputed_gap
2025-07-31 01:00:00,11.05,0.0,86.0,10.5,observed
2025-07-31 02:00:00,11.1,0.0,92.0,10.2,observed
2025-07-31 03:00:00,10.4,0.0,87.0,12.8,observed
2025-07-31 04:00:00,10.7,0.0,88.0,12.55,imputed_gap
2025-07-31 05:00:00,11.0,0.0,89.0,12.3,observed
2025-07-31 06:00:00,12.1,0.0,75.0,9.2,observed
2025-07-31 07:00:00,12.7,0.0,91.0,9.3,observed
2025-07-31 08:00:00,14.6,0.0,82.0,10.3,observed
2025-07-31 09:00:00,14.2,0.0,76.0,9.4,observed
2025-07-31 10:00:00,15.6,0.0,70.0,8.7,observed
2025-07-31 11:00:00,17.6,0.0,68.0,8.8,observed
2025-07-31 12:00:00,17.7,0.0,65.0,9.7,observed
2025-07-31 13:00:00,15.8,7.7,81.0,17.7,observed
2025-07-31 14:00:00,19.4,0.0,58.0,10.7,observed
2025-07-31 15:00:00,17.1,5.9,85.0,16.9,observed
2025-07-31 16:00:00,17.5,0.05,74.5,13.05,observed
2025-07-31 17:00:00,16.7,1.2,87.0,9.8,observed
2025-07-31 18:00:00,16.0,0.8,85.0,8.7,observed
2025-07-31 19:00:00,16.1,0.5,80.0,11.05,imputed_gap
2025-07-31 20:00:00,16.2,0.2,75.0,13.4,observed
2025-07-31 21:00:00,14.9,0.0,72.0,9.1,observed
2025-07-31 22:00:00,14.0,0.0,80.0,11.4,observed
2025-07-31 23:00:00,13.7,0.0,80.0,13.1,observed
2025-08-01 00:00:00,10.9,0.0,85.0,7.4,observed
2025-08-01 01:00:00,9.5,0.0,87.0,7.3,observed
2025-08-01 02:00:00,9.7,0.0,94.0,13.3,observed
2025-08-01 03:00:00,10.1,0.0,87.0,4.9,observed
2025-08-01 04:00:00,9.0,0.0,91.0,4.5,observed
2025-08-01 05:00:00,9.8,0.0,83.0,5.3,observed
2025-08-01 06:00:00,11.3,0.0,86.0,7.7,observed
2025-08-01 07:00:00,11.2,0.0,77.0,17.0,observed
2025-08-01 08:00:00,12.7,0.0,96.0,9.8,observed
2025-08-01 09:00:00,14.0,0.0,74.0,18.0,observed
2025-08-01 10:00:00,14.9,0.0,81.0,11.8,observed
2025-08-01 11:00:00,16.1,0.0,75.0,11.1,observed
2025-08-01 12:00:00,17.5,0.0,65.0,8.6,observed
2025-08-01 13:00:00,14.2,4.3,86.0,9.2,observed
2025-08-01 14:00:00,17.3,0.0,66.0,17.9,observed
2025-08-01 15:00:00,16.2,0.35,74.5,12.649999999999999,imputed_gap
2025-08-01 16:00:00,15.1,0.7,83.0,7.4,observed
2025-08-01 17:00:00,17.2,0.0,69.0,8.3,observed
2025-08-01 18:00:00,15.3,3.3,81.0,18.4,observed
2025-08-01 19:00:00,13.75,0.0,80.0,7.2,observed
2025-08-01 20:00:00,14.8,0.0,79.0,6.5,observed
2025-08-01 21:00:00,12.6,0.0,79.0,11.3,observed
2025-08-01 22:00:00,12.0,0.0,83.0,8.75,imputed_gap
2025-08-01 23:00:00,11.4,0.0,87.0,6.2,observed
2025-08-02 00:00:00,8.7,0.0,100.0,13.0,observed
2025-08-02 01:00:00,9.6,0.0,87.0,18.9,observed
2025-08-02 02:00:00,9.0,0.0,99.0,7.5,observed
2025-08-02 03:00:00,8.6,0.0,84.0,9.6,observed
2025-08-02 04:00:00,8.2,0.0,97.0,9.4,observed
2025-08-02 05:00:00,9.1,0.0,94.0,9.2,observed
2025-08-02 06:00:00,10.3,0.0,89.0,8.2,observed
2025-08-02 07:00:00,10.5,0.0,85.0,13.3,observed
2025-08-02 08:00:00,11.8,0.0,88.0,10.8,observed
2025-08-02 09:00:00,13.6,0.0,77.0,12.6,observed
2025-08-02 10:00:00,13.5,0.0,78.0,11.5,observed
2025-08-02 11:00:00,14.8,0.0,74.0,13.3,observed
2025-08-02 12:00:00,14.3,1.85,96.5,9.4,observed
2025-08-02 13:00:00,16.6,0.0,78.0,6.7,observed
2025-08-02 14:00:00,17.0,0.0,72.0,13.1,observed
2025-08-02 15:00:00,17.4,0.0,73.5,15.149999999999999,imputed_gap
2025-08-02 16:00:00,17.8,0.0,75.0,17.2,observed
2025-08-02 17:00:00,14.7,10.4,93.0,4.4,observed
2025-08-02 18:00:00,13.6,1.5,99.0,8.1,observed
2025-08-02 19:00:00,13.399999999999999,0.0,80.0,11.1,observed
2025-08-02 20:00:00,14.4,0.0,80.0,9.1,observed
2025-08-02 21:00:00,13.4,0.0,78.0,11.7,observed
2025-08-02 22:00:00,9.5,0.0,87.0,15.7,observed
2025-08-02 23:00:00,10.7,0.0,83.0,5.0,observed
2025-08-03 00:00:00,10.4,0.0,87.0,13.6,observed
2025-08-03 01:00:00,9.2,0.0,88.5,12.55,imputed_gap
2025-08-03 02:00:00,8.0,0.0,90.0,11.5,observed
2025-08-03 03:00:00,8.4,0.0,94.0,6.1,observed
2025-08-03 04:00:00,8.7,0.0,90.0,17.3,observed
2025-08-03 05:00:00,9.3,0.0,89.0,14.7,observed
2025-08-03 06:00:00,9.1,0.0,93.0,31.0,observed
2025-08-03 07:00:00,10.5,0.0,88.0,12.2,observed
2025-08-03 08:00:00,11.4,0.0,78.0,14.7,observed
2025-08-03 09:00:00,13.3,0.0,78.0,7.6,observed
2025-08-03 10:00:00,14.4,0.5,84.0,13.5,observed
2025-08-03 11:00:00,13.3,13.1,100.0,9.5,observed
2025-08-03 12:00:00,15.0,0.0,84.0,11.7,observed
2025-08-03 13:00:00,16.35,0.0,70.5,13.1,imputed_gap
2025-08-03 14:00:00,17.7,0.0,57.0,14.5,observed
2025-08-03 15:00:00,17.1,0.0,65.0,12.0,observed
2025-08-03 16:00:00,15.4,0.0,75.0,5.3,observed
2025-08-03 17:00:00,16.4,0.0,87.5,11.8,observed
2025-08-03 18:00:00,12.6,7.4,100.0,12.9,observed
2025-08-03 19:00:00,13.05,3.7000000000000006,88.0,9.85,imputed_gap
2025-08-03 20:00:00,13.5,0.0,76.0,6.8,observed
2025-08-03 21:00:00,12.6,0.0,80.0,7.8,observed
2025-08-03 22:00:00,11.7,0.0,82.0,9.9,observed
2025-08-03 23:00:00,9.9,0.0,82.0,11.6,observed
2025-08-04 00:00:00,9.633333333333333,0.0,83.5,9.5,imputed_gap
2025-08-04 01:00:00,9.366666666666667,0.0,85.0,7.4,observed
2025-08-04 02:00:00,9.1,0.0,89.0,9.9,observed
2025-08-04 03:00:00,8.5,0.0,86.0,10.0,observed
2025-08-04 04:00:00,8.7,0.0,95.0,4.4,observed
2025-08-04 05:00:00,8.2,0.0,92.0,9.7,observed
2025-08-04 06:00:00,9.3,0.0,83.0,16.0,observed
2025-08-04 07:00:00,10.8,0.0,84.0,14.3,observed
2025-08-04 08:00:00,11.600000000000001,0.0,82.0,14.75,imputed_gap
2025-08-04 09:00:00,12.4,0.0,80.0,15.2,observed
2025-08-04 10:00:00,13.9,0.0,78.0,16.6,observed
2025-08-04 11:00:00,14.9,4.75,82.0,10.75,observed
2025-08-04 12:00:00,15.8,0.0,68.0,15.9,observed
2025-08-04 13:00:00,16.1,0.0,76.0,14.0,observed
2025-08-04 14:00:00,14.65,1.9,82.5,15.0,imputed_gap
2025-08-04 15:00:00,13.2,3.8,89.0,16.0,observed
2025-08-04 16:00:00,17.3,0.0,69.0,11.4,observed
2025-08-04 17:00:00,16.5,0.0,82.0,7.1,observed
2025-08-04 18:00:00,15.2,0.0,71.0,5.7,observed
2025-08-04 19:00:00,14.4,0.0,75.0,9.4,observed
2025-08-04 20:00:00,13.25,0.0,83.5,13.95,imputed_gap
2025-08-04 21:00:00,12.1,0.0,92.0,18.5,observed
2025-08-04 22:00:00,11.1,0.0,89.0,16.5,observed
2025-08-04 23:00:00,9.5,0.0,88.0,15.0,observed
2025-08-05 00:00:00,10.8,0.0,90.5,11.6,observed
2025-08-05 01:00:00,10.2,0.0,90.0,7.9,observed
2025-08-05 02:00:00,9.2,0.0,82.0,6.1,observed
2025-08-05 03:00:00,9.45,0.0,87.5,7.6,imputed_gap
2025-08-05 04:00:00,9.7,0.0,93.0,9.1,observed
2025-08-05 05:00:00,9.2,0.0,95.0,5.7,observed
2025-08-05 06:00:00,9.2,0.0,89.0,14.8,observed
2025-08-05 07:00:00,12.8,0.0,82.5,15.05,observed
2025-08-05 08:00:00,13.25,0.0,78.0,17.65,observed
2025-08-05 09:00:00,12.7,0.0,77.0,6.8,observed
2025-08-05 10:00:00,13.866666666666665,0.0,76.66666666666667,6.066666666666666,imputed_gap
2025-08-05 11:00:00,15.033333333333333,0.0,76.33333333333333,5.333333333333333,imputed_gap
2025-08-05 12:00:00,16.2,0.0,76.0,4.6,observed
2025-08-05 13:00:00,17.5,0.0,73.0,3.3,observed
2025-08-05 14:00:00,17.3,0.0,73.0,10.9,observed
2025-08-05 15:00:00,16.9,0.0,76.0,11.6,observed
2025-08-05 16:00:00,17.3,0.0,72.0,19.7,observed
2025-08-05 17:00:00,15.966666666666667,0.0,74.83333333333333,16.416666666666668,imputed_gap
2025-08-05 18:00:00,14.633333333333335,0.0,77.66666666666667,13.133333333333333,imputed_gap
2025-08-05 19:00:00,13.3,0.0,80.5,9.850000000000001,observed
2025-08-05 20:00:00,13.8,0.0,75.0,13.8,observed
2025-08-05 21:00:00,10.8,2.2,94.0,14.3,observed
2025-08-05 22:00:00,11.8,1.1,91.0,9.45,imputed_gap
2025-08-05 23:00:00,12.8,0.0,88.0,4.6,observed
2025-08-06 00:00:00,11.75,0.0,79.5,7.75,observed
2025-08-06 01:00:00,11.5,0.0,92.0,3.4,observed
2025-08-06 02:00:00,12.0,0.0,79.0,7.5,observed
2025-08-06 03:00:00,12.3,0.0,88.0,4.4,observed
2025-08-06 04:00:00,11.3,0.0,85.0,10.0,observed
2025-08-06 05:00:00,11.4,0.0,73.0,17.6,observed
2025-08-06 06:00:00,13.15,0.0,73.5,16.425,imputed_gap
2025-08-06 07:00:00,14.899999999999999,0.0,74.0,15.25,observed
2025-08-06 08:00:00,13.7,0.0,84.0,9.6,observed
2025-08-06 09:00:00,14.8,0.0,78.0,17.0,observed
2025-08-06 10:00:00,16.0,0.0,71.0,17.55,imputed_gap
2025-08-06 11:00:00,17.2,0.0,64.0,18.1,observed
2025-08-06 12:00:00,17.7,0.2,74.0,5.4,observed
2025-08-06 13:00:00,17.9,0.2,77.0,9.5,observed
2025-08-06 14:00:00,19.5,0.0,64.0,20.0,observed
2025-08-06 15:00:00,19.6,0.2,60.0,8.6,observed
2025-08-06 16:00:00,16.0,2.3,88.0,8.7,observed
2025-08-06 17:00:00,16.8,3.8,82.0,10.6,observed
2025-08-06 18:00:00,14.899999999999999,2.9,81.5,14.350000000000001,observed
2025-08-06 19:00:00,17.7,0.0,71.0,13.8,observed
2025-08-06 20:00:00,15.3,0.0,80.0,14.8,observed
2025-08-06 21:00:00,13.7,0.4,84.33333333333333,13.15,imputed_gap
2025-08-06 22:00:00,12.1,0.8,88.66666666666667,11.5,observed
2025-08-06 23:00:00,12.1,0.0,93.0,8.2,observed
2025-08-07 00:00:00,12.2,0.0,91.0,9.6,observed
2025-08-07 01:00:00,11.6,0.0,81.0,12.2,observed
2025-08-07 02:00:00,11.3,0.0,79.0,17.8,observed
2025-08-07 03:00:00,11.5,0.0,88.0,11.1,observed
2025-08-07 04:00:00,12.5,0.0,85.0,6.7,observed
2025-08-07 05:00:00,11.2,0.0,87.0,6.3,observed
2025-08-07 06:00:00,13.2,0.0,77.0,11.9,observed
2025-08-07 07:00:00,13.6,0.0,80.0,10.6,observed
2025-08-07 08:00:00,14.5,0.0,83.0,12.6,observed
2025-08-07 09:00:00,15.5,0.0,75.0,7.0,observed
2025-08-07 10:00:00,16.5,0.0,84.0,15.3,observed
2025-08-07 11:00:00,18.1,0.0,70.0,10.3,observed
2025-08-07 12:00:00,19.0,0.0,75.0,6.1,observed
2025-08-07 13:00:00,18.8,0.0,68.0,10.7,observed
2025-08-07 14:00:00,19.3,0.0,65.0,9.0,observed
2025-08-07 15:00:00,20.7,0.0,61.0,9.5,observed
2025-08-07 16:00:00,20.1,0.0,59.0,14.0,observed
2025-08-07 17:00:00,19.6,0.2,66.0,10.3,observed
2025-08-07 18:00:00,15.950000000000001,0.75,81.5,13.2,observed
2025-08-07 19:00:00,17.3,0.0,73.0,5.5,observed
2025-08-07 20:00:00,16.4,0.0,82.0,6.7,observed
2025-08-07 21:00:00,15.549999999999999,0.0,80.5,7.5,imputed_gap
2025-08-07 22:00:00,14.7,0.0,79.0,8.3,observed
2025-08-07 23:00:00,12.9,0.0,81.0,14.1,observed
2025-08-08 00:00:00,12.0,0.0,82.0,7.5,observed
2025-08-08 01:00:00,11.9,0.0,90.0,5.7,observed
2025-08-08 02:00:00,10.5,0.0,88.0,15.1,observed
2025-08-08 03:00:00,11.7,0.0,90.0,6.3,observed
2025-08-08 04:00:00,11.1,0.0,88.0,10.8,observed
2025-08-08 05:00:00,11.649999999999999,0.0,90.5,8.55,imputed_gap
2025-08-08 06:00:00,12.2,0.0,93.0,6.3,observed
2025-08-08 07:00:00,12.1,0.0,76.0,6.0,observed
2025-08-08 08:00:00,15.4,0.0,74.0,12.2,observed
2025-08-08 09:00:00,16.75,0.0,75.0,11.35,observed
2025-08-08 10:00:00,15.8,0.0,75.0,8.0,observed
2025-08-08 11:00:00,17.6,0.0,71.0,12.6,observed
2025-08-08 12:00:00,19.0,0.0,66.0,16.9,observed
2025-08-08 13:00:00,18.6,0.0,63.0,7.8,observed
2025-08-08 14:00:00,19.8,0.0,69.0,9.5,observed
2025-08-08 15:00:00,19.1,0.0,73.5,8.45,imputed_gap
2025-08-08 16:00:00,18.4,0.0,78.0,7.4,observed
2025-08-08 17:00:00,17.9,0.0,66.0,10.4,observed
2025-08-08 18:00:00,18.0,0.0,71.0,9.2,observed
2025-08-08 19:00:00,17.4,0.0,74.0,8.1,observed
2025-08-08 20:00:00,16.25,0.0,72.0,7.4,imputed_gap
2025-08-08 21:00:00,15.1,0.0,70.0,6.7,observed
2025-08-08 22:00:00,14.3,0.0,76.0,10.0,observed
2025-08-08 23:00:00,12.8,0.0,85.0,14.1,observed
2025-08-09 00:00:00,14.2,0.0,77.0,6.0,observed
2025-08-09 01:00:00,14.0,0.0,77.0,5.4,observed
2025-08-09 02:00:00,14.3,0.0,76.0,11.8,observed
2025-08-09 03:00:00,13.0,0.0,85.0,9.8,observed
2025-08-09 04:00:00,12.5,0.0,81.0,9.7,observed
2025-08-09 05:00:00,13.1,0.0,85.0,5.9,observed
2025-08-09 06:00:00,14.2,0.0,80.0,10.1,observed
2025-08-09 07:00:00,16.25,0.0,73.0,9.8,observed
2025-08-09 08:00:00,16.6,0.0,74.0,14.3,observed
2025-08-09 09:00:00,17.1,0.0,82.0,10.7,observed
2025-08-09 10:00:00,20.3,0.0,70.0,8.1,observed
2025-08-09 11:00:00,18.4,0.0,71.0,18.3,observed
2025-08-09 12:00:00,19.2,1.0,71.5,11.1,observed
2025-08-09 13:00:00,19.25,1.625,72.75,10.274999999999999,imputed_gap
2025-08-09 14:00:00,19.3,2.25,74.0,9.45,observed
2025-08-09 15:00:00,18.85,2.475,80.0,14.075,imputed_gap
2025-08-09 16:00:00,18.4,2.7,86.0,18.7,observed
2025-08-09 17:00:00,19.25,1.5,76.5,13.2,imputed_gap
2025-08-09 18:00:00,20.1,0.3,67.0,7.7,observed
2025-08-09 19:00:00,16.8,3.8,84.0,7.8,observed
2025-08-09 20:00:00,15.9,9.4,86.0,16.6,observed
2025-08-09 21:00:00,16.1,0.5,77.0,12.2,observed
2025-08-09 22:00:00,15.2,0.0,75.0,11.6,observed
2025-08-09 23:00:00,15.2,0.0,83.0,10.0,observed
2025-08-10 00:00:00,12.9,0.0,82.0,8.4,observed
2025-08-10 01:00:00,12.9,0.0,83.0,14.0,observed
2025-08-10 02:00:00,11.75,0.0,85.5,12.350000000000001,observed
2025-08-10 03:00:00,12.4,0.0,84.0,9.5,observed
2025-08-10 04:00:00,12.4,0.0,84.0,9.9,observed
2025-08-10 05:00:00,13.6,0.0,77.0,10.45,imputed_gap
2025-08-10 06:00:00,14.799999999999999,0.0,70.0,11.0,observed
2025-08-10 07:00:00,13.7,0.0,84.0,5.6,observed
2025-08-10 08:00:00,15.7,0.0,76.0,6.3,observed
2025-08-10 09:00:00,16.35,0.0,71.0,7.800000000000001,imputed_gap
2025-08-10 10:00:00,17.0,0.0,66.0,9.3,observed
2025-08-10 11:00:00,18.1,0.0,73.0,10.6,observed
2025-08-10 12:00:00,18.8,0.0,68.0,11.9,observed
2025-08-10 13:00:00,19.7,0.0,61.0,21.4,observed
2025-08-10 14:00:00,19.5,0.0,67.0,10.6,observed
2025-08-10 15:00:00,20.2,0.0,67.0,6.0,observed
2025-08-10 16:00:00,20.3,0.0,63.0,5.3,observed
2025-08-10 17:00:00,17.9,2.2,78.0,12.9,observed
2025-08-10 18:00:00,18.45,1.1,68.0,11.600000000000001,imputed_gap
2025-08-10 19:00:00,19.0,0.0,58.0,10.3,observed
2025-08-10 20:00:00,16.45,1.9499999999999997,75.0,7.9,imputed_gap
2025-08-10 21:00:00,13.9,3.9,92.0,5.5,observed
2025-08-10 22:00:00,14.7,0.0,86.0,7.6,observed
2025-08-10 23:00:00,13.7,0.0,80.0,4.6,observed
2025-08-11 00:00:00,12.8,0.0,83.0,8.3,observed
2025-08-11 01:00:00,12.6,0.0,86.0,9.7,observed
2025-08-11 02:00:00,10.8,0.0,84.0,7.8,observed
2025-08-11 03:00:00,11.8,0.0,84.0,5.1,observed
2025-08-11 04:00:00,11.7,0.0,83.0,9.9,observed
2025-08-11 05:00:00,11.5,0.0,91.0,10.7,observed
2025-08-11 06:00:00,12.3,0.0,80.0,10.4,observed
2025-08-11 07:00:00,13.4,0.0,78.0,7.9,observed
2025-08-11 08:00:00,15.0,0.0,79.0,17.0,observed
2025-08-11 09:00:00,17.15,0.0,71.5,13.25,observed
2025-08-11 10:00:00,16.7,0.0,78.0,5.6,observed
2025-08-11 11:00:00,17.2,1.2,82.0,16.1,observed
2025-08-11 12:00:00,18.4,0.6,71.5,11.55,imputed_gap
2025-08-11 13:00:00,19.6,0.0,61.0,7.0,observed
2025-08-11 14:00:00,19.55,0.0,60.5,8.95,imputed_gap
2025-08-11 15:00:00,19.5,0.0,60.0,10.9,observed
2025-08-11 16:00:00,20.3,0.0,68.0,9.4,observed
2025-08-11 17:00:00,19.5,0.0,70.0,12.0,observed
2025-08-11 18:00:00,18.6,0.0,80.0,11.1,observed
2025-08-11 19:00:00,17.2,1.1,81.0,10.1,observed
2025-08-11 20:00:00,15.0,2.2,82.0,6.0,observed
2025-08-11 21:00:00,14.9,0.0,82.0,15.1,observed
2025-08-11 22:00:00,12.4,5.7,100.0,8.7,observed
2025-08-11 23:00:00,14.5,0.0,83.0,5.8,observed
2025-08-12 00:00:00,11.5,0.0,85.0,8.9,observed
2025-08-12 01:00:00,11.4,0.0,78.0,9.8,observed
2025-08-12 02:00:00,10.2,0.0,87.0,13.5,observed
2025-08-12 03:00:00,10.4,0.0,81.0,6.6,observed
2025-08-12 04:00:00,9.6,0.0,89.0,5.7,observed
2025-08-12 05:00:00,11.0,0.0,82.0,13.0,observed
2025-08-12 06:00:00,11.9,0.0,80.0,14.5,observed
2025-08-12 07:00:00,13.3,0.0,83.0,10.0,observed
2025-08-12 08:00:00,14.7,0.0,77.0,6.1,observed
2025-08-12 09:00:00,14.9,0.0,71.0,3.2,observed
2025-08-12 10:00:00,16.0,0.0,69.0,25.0,observed
2025-08-12 11:00:00,17.1,0.0,79.0,11.9,observed
2025-08-12 12:00:00,17.1,6.05,79.0,18.75,observed
2025-08-12 13:00:00,16.6,6.5,89.0,17.4,observed
2025-08-12 14:00:00,18.75,0.25,71.5,12.8,observed
2025-08-12 15:00:00,18.525,0.225,67.25,9.0,imputed_gap
2025-08-12 16:00:00,18.3,0.2,63.0,5.2,observed
2025-08-12 17:00:00,17.3,1.4,74.5,9.15,imputed_gap
2025-08-12 18:00:00,16.3,2.6,86.0,13.1,observed
2025-08-12 19:00:00,16.9,0.0,74.0,5.2,observed
2025-08-12 20:00:00,13.6,0.0,84.5,13.5,observed
2025-08-12 21:00:00,14.9,0.0,83.0,5.5,observed
2025-08-12 22:00:00,13.9,0.0,88.0,5.1,observed
2025-08-12 23:00:00,12.9,0.0,85.5,8.899999999999999,imputed_gap
2025-08-13 00:00:00,11.9,0.0,83.0,12.7,observed
2025-08-13 01:00:00,11.9,0.0,84.0,18.3,observed
2025-08-13 02:00:00,10.8,0.0,91.0,12.9,observed
2025-08-13 03:00:00,12.0,0.0,81.0,7.8,observed
2025-08-13 04:00:00,11.1,0.0,89.0,6.1,observed
2025-08-13 05:00:00,13.100000000000001,0.0,81.5,11.75,observed
2025-08-13 06:00:00,12.4,0.0,85.0,19.3,observed
2025-08-13 07:00:00,13.0,0.0,79.0,11.6,observed
2025-08-13 08:00:00,14.05,0.0,78.5,11.399999999999999,imputed_gap
2025-08-13 09:00:00,15.1,0.0,78.0,11.2,observed
2025-08-13 10:00:00,16.5,0.0,77.0,5.8,observed
2025-08-13 11:00:00,17.0,0.0,76.0,15.1,observed
2025-08-13 12:00:00,17.7,0.0,71.0,9.8,observed
2025-08-13 13:00:00,19.0,0.0,61.0,16.8,observed
2025-08-13 14:00:00,18.25,0.9,66.75,16.425,imputed_gap
2025-08-13 15:00:00,17.5,1.8,72.5,16.05,observed
2025-08-13 16:00:00,19.2,0.0,76.0,5.4,observed
2025-08-13 17:00:00,16.9,2.8,95.0,17.4,observed
2025-08-13 18:00:00,17.2,1.4,83.0,19.1,imputed_gap
2025-08-13 19:00:00,17.5,0.0,71.0,20.8,observed
2025-08-13 20:00:00,16.2,0.0,73.0,8.6,observed
2025-08-13 21:00:00,14.3,0.0,81.5,12.5,observed
2025-08-13 22:00:00,12.8,0.0,82.5,9.850000000000001,observed
2025-08-13 23:00:00,12.5,0.0,87.0,10.2,observed
2025-08-14 00:00:00,12.5,0.0,87.0,11.0,imputed_gap
2025-08-14 01:00:00,12.5,0.0,87.0,11.799999999999999,imputed_gap
2025-08-14 02:00:00,12.5,0.0,87.0,12.6,observed
2025-08-14 03:00:00,11.8,0.0,86.0,7.5,observed
2025-08-14 04:00:00,12.1,0.0,77.0,6.8,observed
2025-08-14 05:00:00,12.5,0.0,85.0,10.6,observed
2025-08-14 06:00:00,12.4,0.0,80.0,20.1,observed
2025-08-14 07:00:00,14.4,0.0,75.0,26.6,observed
2025-08-14 08:00:00,14.7,0.0,86.0,13.7,observed
2025-08-14 09:00:00,17.2,0.0,69.0,9.6,observed
2025-08-14 10:00:00,18.25,0.0,66.5,9.850000000000001,observed
2025-08-14 11:00:00,18.7,0.0,69.0,12.7,observed
2025-08-14 12:00:00,19.4,0.0,67.0,14.7,observed
2025-08-14 13:00:00,19.7,0.0,65.0,12.5,observed
2025-08-14 14:00:00,16.4,13.3,90.0,11.6,observed
2025-08-14 15:00:00,16.7,6.65,80.0,11.95,imputed_gap
2025-08-14 16:00:00,17.0,0.0,70.0,12.3,observed
2025-08-14 17:00:00,17.8,2.6,81.0,5.6,observed
2025-08-14 18:00:00,19.5,0.0,63.0,13.5,observed
2025-08-14 19:00:00,18.3,0.15,68.5,11.3,imputed_gap
2025-08-14 20:00:00,17.1,0.3,74.0,9.1,observed
2025-08-14 21:00:00,16.4,0.0,75.0,14.3,observed
2025-08-14 22:00:00,14.6,0.0,82.0,7.2,observed
2025-08-14 23:00:00,13.6,0.0,85.0,10.9,observed
2025-08-15 00:00:00,11.5,0.0,81.0,4.8,observed
2025-08-15 01:00:00,10.8,0.0,93.5,14.399999999999999,observed
2025-08-15 02:00:00,11.0,0.0,76.0,21.8,observed
2025-08-15 03:00:00,10.5,0.0,89.0,5.2,observed
2025-08-15 04:00:00,10.55,0.0,86.5,7.1,imputed_gap
2025-08-15 05:00:00,10.6,0.0,84.0,9.0,observed
2025-08-15 06:00:00,11.9,0.0,79.0,12.1,observed
2025-08-15 07:00:00,14.15,0.0,84.0,7.15,observed
2025-08-15 08:00:00,13.4,0.0,80.0,10.4,observed
2025-08-15 09:00:00,15.5,0.0,76.0,11.7,observed
2025-08-15 10:00:00,16.25,0.0,69.0,11.85,imputed_gap
2025-08-15 11:00:00,17.0,0.0,62.0,12.0,observed
2025-08-15 12:00:00,17.7,0.0,76.0,6.3,observed
2025-08-15 13:00:00,16.5,5.0,85.0,10.5,observed
2025-08-15 14:00:00,18.0,0.0,75.0,7.7,observed
2025-08-15 15:00:00,18.4,0.0,70.0,8.3,observed
2025-08-15 16:00:00,17.5,2.5,73.0,16.1,observed
2025-08-15 17:00:00,17.8,0.0,76.0,16.2,observed
2025-08-15 18:00:00,14.8,3.8,95.0,8.5,observed
2025-08-15 19:00:00,13.75,8.75,93.0,10.3,observed
2025-08-15 20:00:00,15.6,0.0,75.0,10.5,observed
2025-08-15 21:00:00,14.6,0.0,80.0,11.1,observed
2025-08-15 22:00:00,13.2,0.0,77.0,5.6,observed
2025-08-15 23:00:00,13.0,0.0,79.0,4.8,observed
2025-08-16 00:00:00,11.4,0.0,79.0,5.7,observed
2025-08-16 01:00:00,10.7,0.0,84.0,9.7,observed
2025-08-16 02:00:00,10.1,0.0,97.0,16.0,observed
2025-08-16 03:00:00,10.0,0.0,89.0,13.2,observed
2025-08-16 04:00:00,10.5,0.0,87.5,14.9,observed
2025-08-16 05:00:00,9.2,0.0,92.0,9.8,observed
2025-08-16 06:00:00,12.7,0.0,85.0,10.95,observed
2025-08-16 07:00:00,12.8,0.0,88.0,9.325,imputed_gap
2025-08-16 08:00:00,12.9,0.0,91.0,7.7,observed
2025-08-16 09:00:00,14.05,0.0,82.0,6.85,imputed_gap
2025-08-16 10:00:00,15.2,0.0,73.0,6.0,observed
2025-08-16 11:00:00,16.8,0.0,67.0,4.9,observed
2025-08-16 12:00:00,17.4,0.0,74.0,12.1,observed
2025-08-16 13:00:00,15.7,1.7,88.0,12.0,observed
2025-08-16 14:00:00,16.8,0.7,82.0,10.4,observed
2025-08-16 15:00:00,19.4,0.0,65.0,11.4,observed
2025-08-16 16:00:00,15.8,2.0,93.0,9.4,observed
2025-08-16 17:00:00,15.8,0.6499999999999999,91.0,7.4,observed
2025-08-16 18:00:00,15.0,0.9,94.0,10.8,observed
2025-08-16 19:00:00,13.15,2.45,97.0,4.8,observed
2025-08-16 20:00:00,15.7,0.0,71.0,8.2,observed
2025-08-16 21:00:00,14.6,0.0,84.0,7.5,observed
2025-08-16 22:00:00,13.7,0.0,82.0,8.5,observed
2025-08-16 23:00:00,12.4,0.0,83.0,7.7,observed
2025-08-17 00:00:00,14.0,0.0,82.0,13.5,observed
2025-08-17 01:00:00,13.9,0.0,85.0,6.5,observed
2025-08-17 02:00:00,12.75,0.0,82.5,9.8,observed
2025-08-17 03:00:00,12.675,0.0,75.75,9.65,imputed_gap
2025-08-17 04:00:00,12.6,0.0,69.0,9.5,observed
2025-08-17 05:00:00,13.6,0.0,77.5,9.6,imputed_gap
2025-08-17 06:00:00,14.6,0.0,86.0,9.7,observed
2025-08-17 07:00:00,14.3,0.0,73.0,8.8,observed
2025-08-17 08:00:00,15.6,0.0,72.0,13.1,observed
2025-08-17 09:00:00,16.7,0.0,72.0,14.2,observed
2025-08-17 10:00:00,18.9,0.0,61.0,9.9,observed
2025-08-17 11:00:00,18.3,0.0,72.0,5.1,observed
2025-08-17 12:00:00,20.25,0.0,62.5,6.9,observed
2025-08-17 13:00:00,19.725,1.3,69.75,8.55,imputed_gap
2025-08-17 14:00:00,19.2,2.6,77.0,10.2,observed
2025-08-17 15:00:00,19.6,1.3,75.5,11.55,imputed_gap
2025-08-17 16:00:00,20.0,0.0,74.0,12.9,observed
2025-08-17 17:00:00,18.5,1.8,84.0,12.0,observed
2025-08-17 18:00:00,17.7,3.6,86.0,11.6,observed
2025-08-17 19:00:00,18.7,0.5,62.0,13.0,observed
2025-08-17 20:00:00,16.0,1.7,79.0,20.0,observed
2025-08-17 21:00:00,16.9,0.0,76.0,10.7,observed
2025-08-17 22:00:00,15.2,0.0,79.0,13.2,observed
2025-08-17 23:00:00,14.5,0.0,82.0,13.3,observed
2025-08-18 00:00:00,13.4,0.0,84.0,11.9,observed
2025-08-18 01:00:00,12.1,0.0,79.0,11.15,observed
2025-08-18 02:00:00,10.5,0.0,89.0,13.3,observed
2025-08-18 03:00:00,11.4,0.0,90.0,7.4,observed
2025-08-18 04:00:00,11.9,0.0,87.0,7.9,imputed_gap
2025-08-18 05:00:00,12.4,0.0,84.0,8.4,observed
2025-08-18 06:00:00,12.9,0.0,81.0,6.6,observed
2025-08-18 07:00:00,12.9,0.0,75.0,7.2,observed
2025-08-18 08:00:00,14.1,0.0,75.0,10.3,observed
2025-08-18 09:00:00,15.0,0.0,75.0,9.7,observed
2025-08-18 10:00:00,16.9,0.0,71.0,7.8,observed
2025-08-18 11:00:00,18.1,0.0,66.0,15.4,observed
2025-08-18 12:00:00,18.8,0.0,62.0,11.0,observed
2025-08-18 13:00:00,18.4,0.0,67.0,12.7,observed
2025-08-18 14:00:00,17.2,1.9,88.0,16.7,observed
2025-08-18 15:00:00,19.8,0.0,58.0,7.8,observed
2025-08-18 16:00:00,18.35,1.15,71.5,7.449999999999999,imputed_gap
2025-08-18 17:00:00,16.9,2.3,85.0,7.1,observed
2025-08-18 18:00:00,18.5,0.0,82.0,10.5,observed
2025-08-18 19:00:00,15.3,15.0,98.0,5.3,observed
2025-08-18 20:00:00,16.9,0.0,73.0,6.1,observed
2025-08-18 21:00:00,15.8,0.5,80.0,6.4,observed
2025-08-18 22:00:00,14.2,0.0,73.0,10.6,observed
2025-08-18 23:00:00,13.6,0.0,76.0,14.149999999999999,imputed_gap
2025-08-19 00:00:00,13.0,0.0,79.0,17.7,observed
2025-08-19 01:00:00,13.3,0.0,85.0,14.9,observed
2025-08-19 02:00:00,11.6,0.0,90.0,14.5,observed
2025-08-19 03:00:00,11.8,0.0,79.0,17.5,observed
2025-08-19 04:00:00,11.8,0.0,84.0,13.7,observed
2025-08-19 05:00:00,11.5,0.0,90.0,12.5,observed
2025-08-19 06:00:00,13.1,0.0,82.0,16.4,observed
2025-08-19 07:00:00,14.149999999999999,0.0,75.5,14.95,imputed_gap
2025-08-19 08:00:00,15.2,0.0,69.0,13.5,observed
2025-08-19 09:00:00,16.1,0.0,69.0,8.8,observed
2025-08-19 10:00:00,17.5,0.0,74.0,12.9,observed
2025-08-19 11:00:00,15.6,7.4,90.0,9.4,observed
2025-08-19 12:00:00,18.9,0.0,67.0,10.0,observed
2025-08-19 13:00:00,17.8,1.5,89.0,11.5,observed
2025-08-19 14:00:00,19.9,0.0,61.0,10.2,observed
2025-08-19 15:00:00,18.7,1.4,89.0,11.3,observed
2025-08-19 16:00:00,19.4,0.1,57.0,10.8,observed
2025-08-19 17:00:00,18.3,9.4,73.0,8.8,observed
2025-08-19 18:00:00,16.6,2.1,95.0,11.5,observed
2025-08-19 19:00:00,17.8,0.0,68.0,15.5,observed
2025-08-19 20:00:00,16.8,0.0,75.0,6.2,observed
2025-08-19 21:00:00,15.7,0.0,71.0,11.5,observed
2025-08-19 22:00:00,15.8,0.0,66.0,5.5,observed
2025-08-19 23:00:00,14.6,0.0,77.0,19.5,observed
2025-08-20 00:00:00,13.4,0.0,84.0,30.4,observed
2025-08-20 01:00:00,12.6,0.0,87.0,13.8,observed
2025-08-20 02:00:00,11.1,0.0,83.0,8.7,observed
2025-08-20 03:00:00,11.9,0.0,88.0,12.4,observed
2025-08-20 04:00:00,12.649999999999999,0.0,89.0,12.2,observed
2025-08-20 05:00:00,11.1,0.0,93.0,10.6,observed
2025-08-20 06:00:00,12.9,0.0,91.0,9.5,observed
2025-08-20 07:00:00,13.7,0.0,85.0,6.7,imputed_gap
2025-08-20 08:00:00,14.5,0.0,79.0,3.9,observed
2025-08-20 09:00:00,16.0,0.0,75.0,8.5,observed
2025-08-20 10:00:00,18.6,0.0,69.5,11.100000000000001,observed
2025-08-20 11:00:00,17.3,0.0,77.0,12.9,observed
2025-08-20 12:00:00,19.0,0.0,61.0,6.8,observed
2025-08-20 13:00:00,18.5,2.3,70.0,7.3,imputed_gap
2025-08-20 14:00:00,18.0,4.6,79.0,7.8,observed
2025-08-20 15:00:00,20.8,0.0,67.0,8.5,observed
2025-08-20 16:00:00,16.9,3.2,84.0,13.5,observed
2025-08-20 17:00:00,17.7,2.4,85.0,8.2,observed
2025-08-20 18:00:00,19.4,0.0,68.0,11.9,observed
2025-08-20 19:00:00,17.6,0.0,63.0,10.3,observed
2025-08-20 20:00:00,18.3,0.0,78.0,6.2,observed
2025-08-20 21:00:00,16.2,0.0,74.0,15.2,observed
2025-08-20 22:00:00,14.149999999999999,0.0,79.0,7.6,observed
2025-08-20 23:00:00,13.6,0.0,76.0,12.8,observed
2025-08-21 00:00:00,12.2,0.0,77.0,11.5,observed
2025-08-21 01:00:00,12.4,0.0,88.0,10.5,observed
2025-08-21 02:00:00,12.45,0.0,81.0,9.6,observed
2025-08-21 03:00:00,12.5,0.0,86.0,12.3,observed
2025-08-21 04:00:00,12.2,0.0,82.0,14.0,observed
2025-08-21 05:00:00,12.9,0.0,82.0,18.4,observed
2025-08-21 06:00:00,13.25,0.0,75.0,19.4,imputed_gap
2025-08-21 07:00:00,13.6,0.0,68.0,20.4,observed
2025-08-21 08:00:00,15.2,0.0,77.0,6.3,observed
2025-08-21 09:00:00,15.6,0.0,85.0,12.7,observed
2025-08-21 10:00:00,17.4,0.0,80.0,9.6,observed
2025-08-21 11:00:00,15.3,8.1,89.0,11.2,observed
2025-08-21 12:00:00,18.5,0.0,65.0,12.1,observed
2025-08-21 13:00:00,17.7,0.6,82.0,6.8,observed
2025-08-21 14:00:00,19.4,0.0,68.0,8.4,observed
2025-08-21 15:00:00,20.1,0.0,60.0,15.3,observed
2025-08-21 16:00:00,20.1,0.0,65.0,5.8,observed
2025-08-21 17:00:00,17.5,3.1,90.0,10.6,observed
2025-08-21 18:00:00,18.5,0.0,74.0,10.4,observed
2025-08-21 19:00:00,15.2,2.7,83.0,7.0,observed
2025-08-21 20:00:00,14.9,4.7,92.0,6.3,observed
2025-08-21 21:00:00,16.8,0.0,63.0,16.8,observed
2025-08-21 22:00:00,11.8,3.9,92.0,12.4,observed
2025-08-21 23:00:00,13.9,0.0,87.0,10.2,observed
2025-08-22 00:00:00,12.6,0.0,82.0,23.4,observed
2025-08-22 01:00:00,13.0,0.0,82.0,5.4,observed
2025-08-22 02:00:00,12.4,0.0,84.0,6.2,observed
2025-08-22 03:00:00,12.2,0.0,90.0,15.6,observed
2025-08-22 04:00:00,12.2,0.0,86.0,6.5,observed
2025-08-22 05:00:00,11.7,0.0,83.0,8.6,observed
2025-08-22 06:00:00,13.0,0.0,88.0,5.3,observed
2025-08-22 07:00:00,15.350000000000001,0.0,81.5,9.15,observed
2025-08-22 08:00:00,14.3,0.0,73.0,11.6,observed
2025-08-22 09:00:00,17.700000000000003,0.0,64.5,11.1,observed
2025-08-22 10:00:00,17.650000000000002,0.0,70.75,7.949999999999999,imputed_gap
2025-08-22 11:00:00,17.6,0.0,77.0,4.8,observed
2025-08-22 12:00:00,18.55,0.0,70.5,7.0,imputed_gap
2025-08-22 13:00:00,19.5,0.0,64.0,9.2,observed
2025-08-22 14:00:00,17.7,2.3,91.0,13.8,observed
2025-08-22 15:00:00,19.9,0.0,73.0,9.7,observed
2025-08-22 16:00:00,17.8,0.9,89.0,22.1,observed
2025-08-22 17:00:00,19.7,0.0,57.0,4.7,observed
2025-08-22 18:00:00,18.1,0.0,67.0,4.9,observed
2025-08-22 19:00:00,17.3,0.0,77.0,15.2,observed
2025-08-22 20:00:00,16.5,0.0,81.0,5.3,observed
2025-08-22 21:00:00,15.7,0.0,72.0,5.9,observed
2025-08-22 22:00:00,15.1,0.0,76.0,12.9,observed
2025-08-22 23:00:00,13.5,0.0,75.0,16.2,observed
2025-08-23 00:00:00,11.0,0.0,92.0,11.6,observed
2025-08-23 01:00:00,12.1,0.0,89.0,6.3,observed
2025-08-23 02:00:00,10.9,0.0,86.0,11.9,observed
2025-08-23 03:00:00,10.4,0.0,86.0,6.2,observed
2025-08-23 04:00:00,11.3,0.0,88.0,13.2,observed
2025-08-23 05:00:00,11.1,0.0,98.0,13.5,observed
2025-08-23 06:00:00,12.2,0.0,83.0,9.4,observed
2025-08-23 07:00:00,13.5,0.0,79.0,10.4,observed
2025-08-23 08:00:00,15.649999999999999,0.0,79.0,14.85,observed
2025-08-23 09:00:00,14.6,0.0,72.0,15.2,observed
2025-08-23 10:00:00,17.2,0.0,65.0,13.2,observed
2025-08-23 11:00:00,17.799999999999997,0.0,66.0,11.3,imputed_gap
2025-08-23 12:00:00,18.4,0.0,67.0,9.4,observed
2025-08-23 13:00:00,19.1,0.0,68.0,11.8,observed
2025-08-23 14:00:00,17.2,4.6,87.0,13.0,observed
2025-08-23 15:00:00,18.2,1.0,80.0,5.6,observed
2025-08-23 16:00:00,16.3,2.8,92.0,9.8,observed
2025-08-23 17:00:00,16.0,6.2,80.0,13.0,observed
2025-08-23 18:00:00,18.2,0.0,69.0,16.1,observed
2025-08-23 19:00:00,15.3,8.8,90.0,8.0,observed
2025-08-23 20:00:00,13.95,1.45,86.0,14.2,observed
2025-08-23 21:00:00,15.9,0.0,73.0,14.7,observed
2025-08-23 22:00:00,12.5,1.0,95.0,9.8,observed
2025-08-23 23:00:00,12.95,0.5,87.0,7.3500000000000005,imputed_gap
2025-08-24 00:00:00,13.4,0.0,79.0,4.9,observed
2025-08-24 01:00:00,12.6,0.0,82.0,9.4,observed
2025-08-24 02:00:00,11.6,0.0,86.0,6.2,observed
2025-08-24 03:00:00,11.6,0.0,85.0,7.3,observed
2025-08-24 04:00:00,12.1,0.0,77.0,9.2,observed
2025-08-24 05:00:00,11.8,0.0,84.0,13.3,observed
2025-08-24 06:00:00,12.5,0.0,79.0,10.2,observed
2025-08-24 07:00:00,13.3,0.0,84.0,3.3,observed
2025-08-24 08:00:00,15.600000000000001,0.0,78.0,9.05,observed
2025-08-24 09:00:00,15.5,0.0,77.0,18.0,observed
2025-08-24 10:00:00,16.9,0.0,69.0,11.0,observed
2025-08-24 11:00:00,18.1,0.0,70.0,10.7,imputed_gap
2025-08-24 12:00:00,19.3,0.0,71.0,10.4,observed
2025-08-24 13:00:00,18.2,0.0,67.0,7.3,observed
2025-08-24 14:00:00,19.6,0.0,73.0,10.0,observed
2025-08-24 15:00:00,17.8,0.7,73.0,4.8,observed
2025-08-24 16:00:00,18.9,0.0,73.0,14.1,observed
2025-08-24 17:00:00,19.6,0.0,69.0,11.4,observed
2025-08-24 18:00:00,19.2,0.0,74.0,14.9,observed
2025-08-24 19:00:00,17.3,0.0,69.0,8.6,observed
2025-08-24 20:00:00,15.4,0.0,78.0,9.6,observed
2025-08-24 21:00:00,13.3,3.3,86.0,10.8,observed
2025-08-24 22:00:00,13.9,0.0,82.5,18.7,observed
2025-08-24 23:00:00,13.3,0.0,79.0,9.4,observed
2025-08-25 00:00:00,12.4,0.0,78.5,9.600000000000001,imputed_gap
2025-08-25 01:00:00,11.5,0.0,78.0,9.8,observed
2025-08-25 02:00:00,12.3,0.0,78.0,8.5,observed
2025-08-25 03:00:00,11.8,0.0,80.0,3.4,observed
2025-08-25 04:00:00,11.0,0.0,78.0,8.2,observed
2025-08-25 05:00:00,11.9,0.0,88.0,6.1,observed
2025-08-25 06:00:00,13.4,0.0,68.0,16.5,observed
2025-08-25 07:00:00,13.0,0.0,83.0,8.2,observed
2025-08-25 08:00:00,15.4,0.0,65.0,13.0,observed
2025-08-25 09:00:00,15.9,0.0,78.0,15.4,observed
2025-08-25 10:00:00,16.7,0.0,78.0,10.0,observed
2025-08-25 11:00:00,18.0,0.0,71.0,14.2,observed
2025-08-25 12:00:00,19.5,0.0,69.0,11.5,observed
2025-08-25 13:00:00,19.3,0.0,59.0,19.0,observed
2025-08-25 14:00:00,17.7,4.9,86.0,10.0,observed
2025-08-25 15:00:00,19.3,0.0,74.0,4.4,observed
2025-08-25 16:00:00,18.3,0.6,74.0,3.2,observed
2025-08-25 17:00:00,17.2,0.7,94.0,6.0,observed
2025-08-25 18:00:00,18.3,0.0,68.0,9.7,observed
2025-08-25 19:00:00,18.4,0.0,64.0,12.1,observed
2025-08-25 20:00:00,17.1,0.0,73.0,13.4,observed
2025-08-25 21:00:00,14.3,0.0,74.0,7.9,observed
2025-08-25 22:00:00,14.4,0.0,84.0,9.7,observed
2025-08-25 23:00:00,13.2,0.0,85.0,6.7,observed
2025-08-26 00:00:00,13.6,0.0,78.0,12.0,observed
2025-08-26 01:00:00,13.2,0.0,76.0,14.2,observed
2025-08-26 02:00:00,11.8,0.0,77.0,12.5,observed
2025-08-26 03:00:00,12.25,0.0,80.0,13.0,imputed_gap
2025-08-26 04:00:00,12.7,0.0,83.0,13.5,observed
2025-08-26 05:00:00,13.2,0.0,81.0,7.1,observed
2025-08-26 06:00:00,14.9,0.0,77.5,7.15,observed
2025-08-26 07:00:00,14.7,0.0,73.0,13.5,observed
2025-08-26 08:00:00,16.3,0.0,70.0,7.1,observed
2025-08-26 09:00:00,16.9,0.0,67.5,11.25,imputed_gap
2025-08-26 10:00:00,17.5,0.0,65.0,15.4,observed
2025-08-26 11:00:00,18.0,0.0,69.0,10.1,observed
2025-08-26 12:00:00,19.1,0.0,67.0,7.6,observed
2025-08-26 13:00:00,20.1,0.0,58.0,9.4,observed
2025-08-26 14:00:00,22.3,0.0,59.0,9.9,observed
2025-08-26 15:00:00,18.9,9.6,80.0,9.2,observed
2025-08-26 16:00:00,19.35,0.05,72.0,8.35,observed
2025-08-26 17:00:00,20.6,0.0,71.0,6.2,observed
2025-08-26 18:00:00,17.2,3.2,87.0,10.3,observed
2025-08-26 19:00:00,17.2,1.6,79.0,9.4,imputed_gap
2025-08-26 20:00:00,17.2,0.0,71.0,8.5,observed
2025-08-26 21:00:00,17.3,0.1,75.0,22.0,observed
2025-08-26 22:00:00,16.4,0.0,73.0,8.3,observed
2025-08-26 23:00:00,15.5,0.0,91.0,7.2,observed
2025-08-27 00:00:00,16.0,0.0,84.0,13.4,observed
2025-08-27 01:00:00,15.6,0.0,76.0,10.2,observed
2025-08-27 02:00:00,13.8,0.0,76.0,12.7,observed
2025-08-27 03:00:00,13.6,0.0,85.0,8.6,observed
2025-08-27 04:00:00,15.2,0.0,74.0,11.1,observed
2025-08-27 05:00:00,15.85,0.0,71.0,9.95,observed
2025-08-27 06:00:00,15.1,0.0,77.0,9.0,observed
2025-08-27 07:00:00,17.95,0.0,64.0,8.7,observed
2025-08-27 08:00:00,17.5,2.4,88.0,20.6,observed
2025-08-27 09:00:00,17.7,0.0,71.0,26.5,observed
2025-08-27 10:00:00,18.966666666666665,0.8666666666666666,70.83333333333333,21.4,imputed_gap
2025-08-27 11:00:00,20.233333333333334,1.7333333333333332,70.66666666666667,16.299999999999997,imputed_gap
2025-08-27 12:00:00,21.5,2.6,70.5,11.2,observed
2025-08-27 13:00:00,21.9,0.0,58.0,14.1,observed
2025-08-27 14:00:00,22.6,0.0,58.0,12.0,observed
2025-08-27 15:00:00,22.15,0.3,66.0,15.2,imputed_gap
2025-08-27 16:00:00,21.7,0.6,74.0,18.4,observed
2025-08-27 17:00:00,21.9,0.0,61.0,11.1,observed
2025-08-27 18:00:00,19.6,1.7,70.0,10.8,observed
2025-08-27 19:00:00,20.4,0.0,63.0,14.0,observed
2025-08-27 20:00:00,19.4,0.0,63.0,8.3,observed
2025-08-27 21:00:00,18.9,0.0,63.0,4.3,observed
2025-08-27 22:00:00,17.8,0.0,70.0,15.4,observed
2025-08-27 23:00:00,16.2,0.0,78.0,19.2,observed
2025-08-28 00:00:00,15.0,0.0,75.0,14.7,observed
2025-08-28 01:00:00,13.5,0.0,76.0,16.6,observed
2025-08-28 02:00:00,14.5,0.0,80.5,9.65,observed
2025-08-28 03:00:00,14.0,0.0,80.0,12.3,observed
2025-08-28 04:00:00,13.5,0.0,84.0,9.7,observed
2025-08-28 05:00:00,13.85,0.0,79.0,12.25,imputed_gap
2025-08-28 06:00:00,14.2,0.0,74.0,14.8,observed
2025-08-28 07:00:00,14.2,0.0,82.0,11.0,observed
2025-08-28 08:00:00,16.5,0.0,78.0,14.6,observed
2025-08-28 09:00:00,17.6,0.0,69.0,13.5,observed
2025-08-28 10:00:00,18.3,0.0,65.0,10.6,observed
2025-08-28 11:00:00,20.55,0.0,59.5,8.25,observed
2025-08-28 12:00:00,20.4,0.0,61.0,4.6,observed
2025-08-28 13:00:00,20.6,0.0,65.0,22.9,observed
2025-08-28 14:00:00,21.65,0.0,60.5,17.95,imputed_gap
2025-08-28 15:00:00,22.7,0.0,56.0,13.0,observed
2025-08-28 16:00:00,22.0,0.0,65.0,8.7,observed
2025-08-28 17:00:00,20.8,0.0,51.0,14.5,observed
2025-08-28 18:00:00,19.8,0.0,65.0,7.1,observed
2025-08-28 19:00:00,20.6,0.0,66.0,7.2,observed
2025-08-28 20:00:00,18.5,0.0,62.0,12.2,observed
2025-08-28 21:00:00,17.05,0.0,68.0,8.1,observed
2025-08-28 22:00:00,16.9,0.0,72.0,7.2,observed
2025-08-28 23:00:00,15.4,0.0,75.0,12.4,observed
2025-08-29 00:00:00,16.0,0.0,79.0,12.1,observed
2025-08-29 01:00:00,15.3,0.0,79.0,15.0,observed
2025-08-29 02:00:00,14.4,0.0,85.0,5.7,observed
2025-08-29 03:00:00,14.4,0.0,70.0,18.5,observed
2025-08-29 04:00:00,14.3,0.0,77.0,12.9,observed
2025-08-29 05:00:00,15.2,0.0,91.0,12.0,observed
2025-08-29 06:00:00,16.950000000000003,0.0,71.5,9.85,observed
2025-08-29 07:00:00,15.9,0.0,79.0,10.6,observed
2025-08-29 08:00:00,17.1,0.0,74.0,10.4,observed
2025-08-29 09:00:00,18.35,0.0,71.5,9.5,imputed_gap
2025-08-29 10:00:00,19.6,0.0,69.0,8.6,observed
2025-08-29 11:00:00,20.8,0.0,67.0,11.7,observed
2025-08-29 12:00:00,22.4,0.0,64.0,8.0,observed
2025-08-29 13:00:00,20.9,4.2,78.0,9.9,observed
2025-08-29 14:00:00,22.5,0.0,58.0,8.5,observed
2025-08-29 15:00:00,21.049999999999997,1.25,69.0,12.5,observed
2025-08-29 16:00:00,23.2,0.0,58.0,10.2,observed
2025-08-29 17:00:00,22.3,0.0,60.0,6.4,observed
2025-08-29 18:00:00,21.700000000000003,0.0,61.5,6.75,imputed_gap
2025-08-29 19:00:00,21.1,0.0,63.0,7.1,observed
2025-08-29 20:00:00,19.3,0.0,59.0,8.0,observed
2025-08-29 21:00:00,18.5,0.0,63.0,14.3,observed
2025-08-29 22:00:00,18.4,0.0,75.0,8.3,observed
2025-08-29 23:00:00,15.8,0.0,79.0,12.3,observed
2025-08-30 00:00:00,15.4,0.0,68.0,12.8,observed
2025-08-30 01:00:00,15.6,0.0,83.0,22.9,observed
2025-08-30 02:00:00,15.55,0.0,88.0,17.9,imputed_gap
2025-08-30 03:00:00,15.5,0.0,93.0,12.9,observed
2025-08-30 04:00:00,15.7,0.0,79.0,16.1,observed
2025-08-30 05:00:00,17.35,0.0,71.0,11.85,observed
2025-08-30 06:00:00,16.8,0.0,73.0,8.9,observed
2025-08-30 07:00:00,17.4,0.0,68.0,8.1,observed
2025-08-30 08:00:00,18.45,0.0,64.5,9.95,imputed_gap
2025-08-30 09:00:00,19.5,0.0,61.0,11.8,observed
2025-08-30 10:00:00,19.6,0.0,62.0,7.6,observed
2025-08-30 11:00:00,21.6,0.0,57.0,6.8,observed
2025-08-30 12:00:00,22.0,0.0,50.0,12.9,observed
2025-08-30 13:00:00,22.0,0.0,54.0,9.2,observed
2025-08-30 14:00:00,22.8,0.0,67.0,11.7,observed
2025-08-30 15:00:00,24.0,0.5,56.0,15.5,observed
2025-08-30 16:00:00,23.4,0.0,49.0,9.0,observed
2025-08-30 17:00:00,22.825,0.0,56.5,8.5,imputed_gap
2025-08-30 18:00:00,22.25,0.0,64.0,8.0,observed
2025-08-30 19:00:00,22.1,0.0,64.0,9.3,observed
2025-08-30 20:00:00,17.1,2.3,92.0,22.3,observed
2025-08-30 21:00:00,19.8,0.0,57.0,12.3,observed
2025-08-30 22:00:00,18.0,0.0,71.0,6.3,observed
2025-08-30 23:00:00,17.5,0.0,78.0,6.0,observed
2025-08-31 00:00:00,16.4,0.0,67.0,8.2,observed
2025-08-31 01:00:00,15.0,0.0,75.0,4.4,observed
2025-08-31 02:00:00,14.2,0.0,80.0,12.8,observed
2025-08-31 03:00:00,14.3,0.0,73.0,13.7,observed
2025-08-31 04:00:00,13.9,0.0,83.0,14.7,observed
2025-08-31 05:00:00,14.4,0.0,75.0,12.9,observed
2025-08-31 06:00:00,16.1,0.0,73.0,10.3,observed
2025-08-31 07:00:00,17.700000000000003,0.0,75.0,17.6,observed
2025-08-31 08:00:00,17.9,0.0,75.0,17.7,observed
2025-08-31 09:00:00,19.9,0.0,68.0,7.6,observed
2025-08-31 10:00:00,20.35,1.05,79.0,14.2,observed
2025-08-31 11:00:00,21.4,0.0,59.0,11.3,observed
2025-08-31 12:00:00,21.833333333333332,0.0,58.333333333333336,11.1,imputed_gap
2025-08-31 13:00:00,22.266666666666666,0.0,57.666666666666664,10.9,imputed_gap
2025-08-31 14:00:00,22.7,0.0,57.0,10.7,observed
2025-08-31 15:00:00,22.4,0.0,55.0,6.7,observed
2025-08-31 16:00:00,23.5,0.0,56.0,7.6,observed
2025-08-31 17:00:00,22.1,0.0,52.0,14.8,observed
2025-08-31 18:00:00,19.6,14.9,89.0,7.0,observed
2025-08-31 19:00:00,17.8,1.0,77.0,7.8,observed
2025-08-31 20:00:00,18.2,0.3,78.0,7.0,observed
2025-08-31 21:00:00,18.3,0.0,68.0,5.9,observed
2025-08-31 22:00:00,13.6,4.5,100.0,10.0,observed
2025-08-31 23:00:00,15.5,0.0,74.0,5.0,observed
2025-09-01 00:00:00,14.2,0.0,74.0,5.7,observed
2025-09-01 01:00:00,14.0,0.0,86.0,6.4,observed
2025-09-01 02:00:00,13.4,0.0,80.0,10.4,observed
2025-09-01 03:00:00,12.6,0.0,87.0,17.6,observed
2025-09-01 04:00:00,14.3,0.0,73.0,6.9,observed
2025-09-01 05:00:00,13.5,0.0,78.0,13.3,observed
2025-09-01 06:00:00,13.7,0.0,75.0,6.1,observed
2025-09-01 07:00:00,15.4,0.0,67.0,7.2,observed
2025-09-01 08:00:00,17.1,0.0,67.0,11.5,observed
2025-09-01 09:00:00,16.3,0.0,75.0,8.5,observed
2025-09-01 10:00:00,19.8,0.0,67.0,14.35,observed
2025-09-01 11:00:00,19.0,0.0,64.0,16.1,observed
2025-09-01 12:00:00,20.0,0.0,69.0,15.4,observed
2025-09-01 13:00:00,20.65,0.0,61.0,10.5,imputed_gap
2025-09-01 14:00:00,21.3,0.0,53.0,5.6,observed
2025-09-01 15:00:00,20.6,0.0,67.0,8.7,observed
2025-09-01 16:00:00,21.2,0.0,70.0,8.9,observed
2025-09-01 17:00:00,21.4,0.0,61.0,7.7,observed
2025-09-01 18:00:00,19.8,0.0,56.0,7.9,observed
2025-09-01 19:00:00,18.9,0.0,66.0,12.0,observed
2025-09-01 20:00:00,17.9,0.0,73.5,13.6,imputed_gap
2025-09-01 21:00:00,16.9,0.0,81.0,15.2,observed
2025-09-01 22:00:00,17.0,0.0,72.0,9.1,observed
2025-09-01 23:00:00,14.8,0.0,78.0,8.0,observed
2025-09-02 00:00:00,13.9,0.0,75.0,6.8,observed
2025-09-02 01:00:00,14.1,0.0,74.0,6.1,observed
2025-09-02 02:00:00,12.6,0.0,86.0,13.6,observed
2025-09-02 03:00:00,13.7,0.0,85.0,8.8,observed
2025-09-02 04:00:00,14.2,0.0,80.5,6.699999999999999,observed
2025-09-02 05:00:00,13.3,0.0,83.0,7.3,observed
2025-09-02 06:00:00,14.8,0.0,80.0,22.7,observed
2025-09-02 07:00:00,16.3,0.0,77.0,17.174999999999997,imputed_gap
2025-09-02 08:00:00,17.8,0.0,74.0,11.649999999999999,observed
2025-09-02 09:00:00,17.3,0.0,69.0,7.0,observed
2025-09-02 10:00:00,18.3,0.0,65.0,19.5,observed
2025-09-02 11:00:00,19.3,0.0,61.0,17.266666666666666,imputed_gap
2025-09-02 12:00:00,20.3,0.0,57.0,15.033333333333335,imputed_gap
2025-09-02 13:00:00,21.3,0.0,53.0,12.8,observed
2025-09-02 14:00:00,21.1,0.0,64.0,15.1,observed
2025-09-02 15:00:00,20.85,0.0,62.0,10.100000000000001,observed
2025-09-02 16:00:00,21.3,0.0,57.0,14.3,observed
2025-09-02 17:00:00,19.85,0.0,63.5,10.649999999999999,observed
2025-09-02 18:00:00,19.575000000000003,0.0,69.75,13.975,imputed_gap
2025-09-02 19:00:00,19.3,0.0,76.0,17.3,observed
2025-09-02 20:00:00,19.05757575757576,0.0,76.18181818181819,17.054545454545455,imputed_gap
2025-09-02 21:00:00,18.815151515151516,0.0,76.36363636363636,16.80909090909091,imputed_gap
2025-09-02 22:00:00,18.572727272727274,0.0,76.54545454545455,16.563636363636363,imputed_gap
2025-09-02 23:00:00,18.330303030303032,0.0,76.72727272727273,16.31818181818182,imputed_gap
2025-09-03 00:00:00,18.08787878787879,0.0,76.9090909090909,16.072727272727274,imputed_gap
2025-09-03 01:00:00,17.845454545454547,0.0,77.0909090909091,15.827272727272728,imputed_gap
2025-09-03 02:00:00,17.603030303030305,0.0,77.27272727272727,15.581818181818182,imputed_gap
2025-09-03 03:00:00,17.360606060606063,0.0,77.45454545454545,15.336363636363636,imputed_gap
2025-09-03 04:00:00,17.118181818181817,0.0,77.63636363636364,15.090909090909092,imputed_gap
2025-09-03 05:00:00,16.875757575757575,0.0,77.81818181818181,14.845454545454546,imputed_gap
2025-09-03 06:00:00,16.633333333333333,0.0,78.0,14.6,imputed_gap
2025-09-03 07:00:00,16.39090909090909,0.0,78.18181818181819,14.354545454545455,imputed_gap
2025-09-03 08:00:00,16.14848484848485,0.0,78.36363636363636,14.10909090909091,imputed_gap
2025-09-03 09:00:00,15.906060606060606,0.0,78.54545454545455,13.863636363636363,imputed_gap
2025-09-03 10:00:00,15.663636363636364,0.0,78.72727272727273,13.618181818181817,imputed_gap
2025-09-03 11:00:00,15.421212121212122,0.0,78.9090909090909,13.372727272727273,imputed_gap
2025-09-03 12:00:00,15.17878787878788,0.0,79.0909090909091,13.127272727272727,imputed_gap
2025-09-03 13:00:00,14.936363636363637,0.0,79.27272727272727,12.881818181818183,imputed_gap
2025-09-03 14:00:00,14.693939393939395,0.0,79.45454545454545,12.636363636363637,imputed_gap
2025-09-03 15:00:00,14.451515151515153,0.0,79.63636363636364,12.39090909090909,imputed_gap
2025-09-03 16:00:00,14.20909090909091,0.0,79.81818181818181,12.145454545454545,imputed_gap
2025-09-03 17:00:00,13.966666666666669,0.0,80.0,11.899999999999999,imputed_gap
2025-09-03 18:00:00,13.724242424242426,0.0,80.18181818181819,11.654545454545454,imputed_gap
2025-09-03 19:00:00,13.481818181818184,0.0,80.36363636363636,11.409090909090908,imputed_gap
2025-09-03 20:00:00,13.23939393939394,0.0,80.54545454545455,11.163636363636364,imputed_gap
2025-09-03 21:00:00,12.996969696969698,0.0,80.72727272727273,10.918181818181818,imputed_gap
2025-09-03 22:00:00,12.754545454545456,0.0,80.9090909090909,10.672727272727272,imputed_gap
2025-09-03 23:00:00,12.512121212121214,0.0,81.0909090909091,10.427272727272726,imputed_gap
2025-09-04 00:00:00,12.269696969696971,0.0,81.27272727272727,10.18181818181818,imputed_gap
2025-09-04 01:00:00,12.027272727272727,0.0,81.45454545454545,9.936363636363636,imputed_gap
2025-09-04 02:00:00,11.784848484848485,0.0,81.63636363636364,9.690909090909091,imputed_gap
2025-09-04 03:00:00,11.542424242424243,0.0,81.81818181818181,9.445454545454545,imputed_gap
2025-09-04 04:00:00,11.3,0.0,82.0,9.2,observed
2025-09-04 05:00:00,12.85,0.0,84.0,7.6,observed
2025-09-04 06:00:00,12.3,0.0,81.0,8.2,observed
2025-09-04 07:00:00,13.9,0.0,74.0,8.4,observed
2025-09-04 08:00:00,15.100000000000001,0.0,74.0,10.45,imputed_gap
2025-09-04 09:00:00,16.3,0.0,74.0,12.5,observed
2025-09-04 10:00:00,17.5,0.0,60.0,7.7,observed
2025-09-04 11:00:00,14.5,8.7,100.0,13.5,observed
2025-09-04 12:00:00,19.1,0.0,64.0,7.1,observed
2025-09-04 13:00:00,20.0,0.0,67.0,8.4,observed
2025-09-04 14:00:00,19.8,0.0,66.0,15.8,observed
2025-09-04 15:00:00,17.3,1.3,88.0,19.0,observed
2025-09-04 16:00:00,17.9,0.6,88.0,4.6,observed
2025-09-04 17:00:00,16.4,1.6,86.0,7.1,observed
2025-09-04 18:00:00,16.0,3.65,79.66666666666667,7.4,imputed_gap
2025-09-04 19:00:00,15.6,5.7,73.33333333333333,7.7,observed
2025-09-04 20:00:00,17.1,0.0,67.0,14.3,observed
2025-09-04 21:00:00,14.4,7.7,92.0,9.0,observed
2025-09-04 22:00:00,14.25,3.85,85.5,8.5,imputed_gap
2025-09-04 23:00:00,14.1,0.0,79.0,8.0,observed
2025-09-05 00:00:00,11.9,0.0,88.0,14.1,observed
2025-09-05 01:00:00,11.5,0.0,84.0,4.1,observed
2025-09-05 02:00:00,11.5,0.0,84.0,10.8,observed
2025-09-05 03:00:00,11.1,0.0,87.0,10.2,observed
2025-09-05 04:00:00,10.8,0.0,85.0,9.6,observed
2025-09-05 05:00:00,12.1,0.0,82.0,18.1,observed
2025-09-05 06:00:00,12.6,0.0,81.0,8.1,observed
2025-09-05 07:00:00,13.6,0.0,92.0,18.1,observed
2025-09-05 08:00:00,14.5,0.0,87.0,8.0,observed
2025-09-05 09:00:00,15.2,0.0,77.0,16.1,observed
2025-09-05 10:00:00,16.5,0.0,74.0,10.1,observed
2025-09-05 11:00:00,17.8,0.0,70.0,10.0,observed
2025-09-05 12:00:00,18.0,0.0,77.0,5.3,observed
2025-09-05 13:00:00,18.4,0.0,67.0,10.7,observed
2025-09-05 14:00:00,18.8,0.0,65.0,7.7,observed
2025-09-05 15:00:00,17.2,1.3,86.0,4.5,observed
2025-09-05 16:00:00,17.3,1.9,88.0,8.2,observed
2025-09-05 17:00:00,19.4,0.0,64.0,10.9,observed
2025-09-05 18:00:00,18.5,0.0,56.0,18.8,observed
2025-09-05 19:00:00,17.6,0.0,68.0,7.3,observed
2025-09-05 20:00:00,14.15,0.0,81.5,8.899999999999999,observed
2025-09-05 21:00:00,14.9,0.0,78.0,10.8,observed
2025-09-05 22:00:00,14.5,0.0,77.0,6.4,observed
2025-09-05 23:00:00,13.55,0.0,74.5,7.9,imputed_gap
2025-09-06 00:00:00,12.6,0.0,72.0,9.4,observed
2025-09-06 01:00:00,12.4,0.0,86.0,9.8,observed
2025-09-06 02:00:00,12.4,0.0,83.0,12.1,observed
2025-09-06 03:00:00,12.5,0.0,81.0,6.4,observed
2025-09-06 04:00:00,11.7,0.0,89.0,25.1,observed
2025-09-06 05:00:00,12.4,0.0,83.25,8.0,observed
2025-09-06 06:00:00,15.3,0.0,77.5,10.6,observed
2025-09-06 07:00:00,13.2,0.0,83.0,5.3,observed
2025-09-06 08:00:00,14.9,0.0,80.0,12.2,observed
2025-09-06 09:00:00,16.0,0.0,75.5,11.85,imputed_gap
2025-09-06 10:00:00,17.1,0.0,71.0,11.5,observed
2025-09-06 11:00:00,18.9,0.0,71.0,15.8,observed
2025-09-06 12:00:00,19.4,0.0,63.0,11.8,observed
2025-09-06 13:00:00,19.5,0.0,64.0,5.7,observed
2025-09-06 14:00:00,20.0,0.0,64.0,7.4,observed
2025-09-06 15:00:00,20.15,0.0,66.5,10.600000000000001,imputed_gap
2025-09-06 16:00:00,20.3,0.0,69.0,13.8,observed
2025-09-06 17:00:00,20.0,0.5,67.0,6.8,observed
2025-09-06 18:00:00,19.5,0.4,69.0,16.9,observed
2025-09-06 19:00:00,18.3,0.0,80.0,7.0,observed
2025-09-06 20:00:00,16.5,0.0,81.0,12.8,observed
2025-09-06 21:00:00,15.8,0.0,82.0,10.6,observed
2025-09-06 22:00:00,14.6,0.0,75.0,6.1,observed
2025-09-06 23:00:00,14.6,0.0,80.0,7.6,observed
2025-09-07 00:00:00,13.5,0.0,81.0,16.2,observed
2025-09-07 01:00:00,13.1,0.0,84.0,9.4,observed
2025-09-07 02:00:00,13.2,0.0,78.0,15.9,observed
2025-09-07 03:00:00,11.9,0.0,88.0,3.7,observed
2025-09-07 04:00:00,12.1,0.0,80.0,14.9,observed
2025-09-07 05:00:00,12.6,0.0,87.0,4.5,observed
2025-09-07 06:00:00,14.950000000000001,0.0,71.0,8.7,observed
2025-09-07 07:00:00,13.3,0.0,81.0,10.5,observed
2025-09-07 08:00:00,14.4,0.0,79.0,15.4,observed
2025-09-07 09:00:00,15.649999999999999,0.0,77.0,13.6,imputed_gap
2025-09-07 10:00:00,16.9,0.0,75.0,11.8,observed
2025-09-07 11:00:00,18.5,0.0,76.0,4.5,observed
2025-09-07 12:00:00,19.2,0.0,63.0,9.5,observed
2025-09-07 13:00:00,20.0,0.0,68.0,6.8,observed
2025-09-07 14:00:00,19.3,0.8,79.0,6.3,imputed_gap
2025-09-07 15:00:00,18.6,1.6,90.0,5.8,observed
2025-09-07 16:00:00,17.9,2.1,84.0,7.1,observed
2025-09-07 17:00:00,18.3,1.0,90.0,8.5,observed
2025-09-07 18:00:00,20.1,0.0,66.0,19.8,observed
2025-09-07 19:00:00,19.15,0.0,65.5,17.35,imputed_gap
2025-09-07 20:00:00,18.2,0.0,65.0,14.9,observed
2025-09-07 21:00:00,16.6,0.0,78.0,6.5,observed
2025-09-07 22:00:00,15.0,0.0,73.0,12.9,observed
2025-09-07 23:00:00,14.2,0.0,91.0,19.3,observed
2025-09-08 00:00:00,10.95,0.0,83.0,10.6,observed
2025-09-08 01:00:00,10.9,0.0,78.0,6.3,observed
2025-09-08 02:00:00,10.850000000000001,0.0,84.0,11.05,observed
2025-09-08 03:00:00,11.1,0.0,80.0,14.0,observed
2025-09-08 04:00:00,11.4,0.0,86.0,26.7,observed
2025-09-08 05:00:00,13.05,0.0,79.5,17.3,imputed_gap
2025-09-08 06:00:00,14.7,0.0,73.0,7.9,observed
2025-09-08 07:00:00,13.1,0.0,66.0,8.9,observed
2025-09-08 08:00:00,13.6,0.0,85.0,12.5,observed
2025-09-08 09:00:00,14.25,0.0,77.5,11.3,imputed_gap
2025-09-08 10:00:00,14.9,0.0,70.0,10.1,observed
2025-09-08 11:00:00,16.0,0.0,76.0,9.9,observed
2025-09-08 12:00:00,17.2,0.0,65.0,8.4,observed
2025-09-08 13:00:00,18.8,0.0,63.0,9.6,observed
2025-09-08 14:00:00,18.8,0.0,68.0,8.8,observed
2025-09-08 15:00:00,18.6,0.0,69.0,12.3,observed
2025-09-08 16:00:00,18.3,0.0,74.0,9.9,observed
2025-09-08 17:00:00,18.4,0.0,68.0,6.4,observed
2025-09-08 18:00:00,18.1,0.0,84.0,15.6,observed
2025-09-08 19:00:00,16.2,0.0,72.0,7.8,observed
2025-09-08 20:00:00,16.6,0.0,77.0,6.8,observed
2025-09-08 21:00:00,14.1,0.0,74.0,3.9,observed
2025-09-08 22:00:00,14.1,0.0,84.0,5.2,observed
2025-09-08 23:00:00,13.8,0.0,87.0,5.5,observed
2025-09-09 00:00:00,12.3,0.0,86.0,8.4,observed
2025-09-09 01:00:00,12.6,0.0,84.0,12.4,observed
2025-09-09 02:00:00,11.8,0.0,82.0,5.0,observed
2025-09-09 03:00:00,11.2,0.0,82.0,16.0,observed
2025-09-09 04:00:00,12.3,0.0,75.5,17.1,observed
2025-09-09 05:00:00,11.2,0.0,88.0,25.8,observed
2025-09-09 06:00:00,12.1,0.0,87.0,7.5,observed
2025-09-09 07:00:00,13.3,0.0,82.0,6.85,imputed_gap
2025-09-09 08:00:00,14.5,0.0,77.0,6.2,observed
2025-09-09 09:00:00,15.0,0.0,68.0,6.8,observed
2025-09-09 10:00:00,16.5,0.0,74.0,14.5,observed
2025-09-09 11:00:00,17.3,0.0,71.0,13.7,observed
2025-09-09 12:00:00,19.1,0.0,65.0,3.4,observed
2025-09-09 13:00:00,19.9,0.0,66.0,8.1,observed
2025-09-09 14:00:00,19.9,0.0,65.0,10.5,observed
2025-09-09 15:00:00,20.2,0.0,67.0,12.0,observed
2025-09-09 16:00:00,20.1,0.0,59.0,13.7,observed
2025-09-09 17:00:00,19.5,0.0,81.0,7.8,observed
2025-09-09 18:00:00,17.7,0.0,68.0,15.6,observed
2025-09-09 19:00:00,18.6,0.0,75.0,15.9,observed
2025-09-09 20:00:00,16.8,0.0,74.0,11.9,observed
2025-09-09 21:00:00,15.3,0.0,69.0,6.9,observed
2025-09-09 22:00:00,15.0,0.0,77.0,10.9,observed
2025-09-09 23:00:00,13.3,0.0,78.0,7.2,observed
2025-09-10 00:00:00,13.6,0.0,85.0,5.1,observed
2025-09-10 01:00:00,13.55,0.0,84.0,6.949999999999999,observed
2025-09-10 02:00:00,12.9,0.0,87.0,11.7,observed
2025-09-10 03:00:00,13.3,0.0,80.5,13.600000000000001,observed
2025-09-10 04:00:00,12.850000000000001,0.0,85.25,11.4,imputed_gap
2025-09-10 05:00:00,12.4,0.0,90.0,9.2,observed
2025-09-10 06:00:00,13.666666666666666,0.0,83.0,8.766666666666666,imputed_gap
2025-09-10 07:00:00,14.933333333333334,0.0,76.0,8.333333333333334,imputed_gap
2025-09-10 08:00:00,16.2,0.0,69.0,7.9,observed
2025-09-10 09:00:00,16.9,0.0,73.0,14.6,observed
2025-09-10 10:00:00,17.2,0.0,69.0,9.3,observed
2025-09-10 11:00:00,19.7,0.0,66.0,6.7,observed
2025-09-10 12:00:00,19.5,0.0,58.0,3.1,observed
2025-09-10 13:00:00,19.8,0.0,57.0,7.2,observed
2025-09-10 14:00:00,21.2,0.0,60.0,9.5,observed
2025-09-10 15:00:00,18.7,0.6,84.0,15.9,observed
2025-09-10 16:00:00,21.5,0.0,49.0,7.7,observed
2025-09-10 17:00:00,20.3,0.0,74.0,8.9,observed
2025-09-10 18:00:00,18.3,0.0,74.0,10.7,observed
2025-09-10 19:00:00,17.65,0.0,76.0,13.799999999999999,observed
2025-09-10 20:00:00,15.8,1.8,90.0,9.6,observed
2025-09-10 21:00:00,14.399999999999999,0.0,78.5,19.95,observed
2025-09-10 22:00:00,14.5,0.0,75.25,15.625,imputed_gap
2025-09-10 23:00:00,14.6,0.0,72.0,11.3,observed
2025-09-11 00:00:00,13.1,0.0,79.5,11.7,imputed_gap
2025-09-11 01:00:00,11.6,0.0,87.0,12.1,observed
2025-09-11 02:00:00,10.3,0.0,93.0,13.6,observed
2025-09-11 03:00:00,11.0,0.0,85.0,7.6,observed
2025-09-11 04:00:00,12.1,0.0,79.0,7.3,observed
2025-09-11 05:00:00,11.3,0.0,87.0,12.5,observed
2025-09-11 06:00:00,11.0,0.0,88.0,9.9,observed
2025-09-11 07:00:00,14.6,0.0,85.0,13.7,observed
2025-09-11 08:00:00,14.5,0.0,82.0,11.1,observed
2025-09-11 09:00:00,15.2,0.0,77.0,7.9,observed
2025-09-11 10:00:00,16.049999999999997,0.0,75.0,7.95,imputed_gap
2025-09-11 11:00:00,16.9,0.0,73.0,8.0,observed
2025-09-11 12:00:00,18.2,0.0,70.0,8.2,observed
2025-09-11 13:00:00,17.9,0.0,73.0,4.5,observed
2025-09-11 14:00:00,17.1,3.7,91.0,18.1,observed
2025-09-11 15:00:00,18.8,0.0,56.0,11.6,observed
2025-09-11 16:00:00,19.4,0.0,71.0,8.7,observed
2025-09-11 17:00:00,17.7,3.2999999999999994,69.0,17.6,observed
2025-09-11 18:00:00,15.3,6.6,87.0,5.1,observed
2025-09-11 19:00:00,16.2,0.0,80.0,5.6,observed
2025-09-11 20:00:00,12.8,4.2,100.0,10.4,observed
2025-09-11 21:00:00,15.1,0.0,75.0,7.2,observed
2025-09-11 22:00:00,13.649999999999999,0.0,80.0,7.7,observed
2025-09-11 23:00:00,11.8,0.0,83.0,15.2,observed
2025-09-12 00:00:00,13.6,0.0,86.0,5.1,observed
2025-09-12 01:00:00,12.5,0.0,79.0,6.6,observed
2025-09-12 02:00:00,11.6,0.0,83.0,12.1,observed
2025-09-12 03:00:00,11.8,0.0,88.0,12.2,observed
2025-09-12 04:00:00,11.4,0.0,80.0,7.3,observed
2025-09-12 05:00:00,12.7,0.0,90.0,13.0,observed
2025-09-12 06:00:00,12.8,0.0,77.0,11.7,observed
2025-09-12 07:00:00,14.5,0.0,81.0,7.0,observed
2025-09-12 08:00:00,14.6,0.0,71.0,15.9,observed
2025-09-12 09:00:00,17.1,0.0,70.0,10.5,observed
2025-09-12 10:00:00,17.5,0.0,61.0,8.3,observed
2025-09-12 11:00:00,18.4,0.0,71.0,16.8,observed
2025-09-12 12:00:00,18.9,0.0,71.0,8.4,observed
2025-09-12 13:00:00,17.3,6.3,80.0,8.4,observed
2025-09-12 14:00:00,17.7,7.8,83.0,9.8,observed
2025-09-12 15:00:00,16.9,2.2,84.0,12.6,observed
2025-09-12 16:00:00,17.5,1.6500000000000001,82.0,15.399999999999999,imputed_gap
2025-09-12 17:00:00,18.1,1.1,80.0,18.2,observed
2025-09-12 18:00:00,16.5,8.3,90.0,10.4,observed
2025-09-12 19:00:00,15.45,1.0,87.0,9.55,observed
2025-09-12 20:00:00,17.1,0.0,76.0,16.4,observed
2025-09-12 21:00:00,16.9,0.0,81.0,15.6,observed
2025-09-12 22:00:00,15.2,0.0,80.0,15.2,imputed_gap
2025-09-12 23:00:00,13.5,0.0,79.0,14.8,observed
2025-09-13 00:00:00,10.9,0.0,93.0,17.3,observed
2025-09-13 01:00:00,11.1,0.0,93.0,14.9,observed
2025-09-13 02:00:00,10.3,0.0,100.0,8.8,observed
2025-09-13 03:00:00,10.3,0.0,86.0,5.9,observed
2025-09-13 04:00:00,10.1,0.0,85.0,10.0,observed
2025-09-13 05:00:00,10.1,0.0,87.0,7.9,observed
2025-09-13 06:00:00,10.8,0.0,85.0,12.1,observed
2025-09-13 07:00:00,13.5,0.0,78.0,20.2,observed
2025-09-13 08:00:00,12.8,0.0,79.0,5.0,observed
2025-09-13 09:00:00,13.5,0.0,76.0,7.8,observed
2025-09-13 10:00:00,15.0,0.0,74.0,7.8,observed
2025-09-13 11:00:00,16.7,0.0,74.0,9.2,observed
2025-09-13 12:00:00,17.4,0.0,72.0,8.2,observed
2025-09-13 13:00:00,18.4,0.0,70.0,5.1,observed
2025-09-13 14:00:00,17.6,2.8,89.0,21.1,observed
2025-09-13 15:00:00,16.5,12.1,89.0,11.9,observed
2025-09-13 16:00:00,18.8,0.0,73.0,7.2,observed
2025-09-13 17:00:00,15.6,0.9,94.0,5.3,observed
2025-09-13 18:00:00,14.9,5.9,92.0,11.6,observed
2025-09-13 19:00:00,14.3,0.6,82.0,12.7,observed
2025-09-13 20:00:00,13.7,2.8,89.0,6.2,observed
2025-09-13 21:00:00,14.4,0.0,71.0,8.6,observed
2025-09-13 22:00:00,11.4,3.6,97.0,6.0,observed
2025-09-13 23:00:00,11.4,0.0,84.0,3.5,observed
2025-09-14 00:00:00,10.899999999999999,0.0,85.0,12.75,observed
2025-09-14 01:00:00,10.1,0.0,78.5,7.2,observed
2025-09-14 02:00:00,10.25,0.0,79.375,7.625,imputed_gap
2025-09-14 03:00:00,10.399999999999999,0.0,80.25,8.05,imputed_gap
2025-09-14 04:00:00,10.549999999999999,0.0,81.125,8.475,imputed_gap
2025-09-14 05:00:00,10.7,0.0,82.0,8.9,observed
2025-09-14 06:00:00,12.95,0.0,85.0,15.350000000000001,observed
2025-09-14 07:00:00,11.7,0.0,78.0,11.3,observed
2025-09-14 08:00:00,13.4,0.0,75.0,12.9,observed
2025-09-14 09:00:00,14.75,0.42500000000000004,77.75,12.850000000000001,imputed_gap
2025-09-14 10:00:00,16.1,0.85,80.5,12.8,observed
2025-09-14 11:00:00,16.1,2.7,81.5,15.8,observed
2025-09-14 12:00:00,17.4,0.0,68.0,14.0,observed
2025-09-14 13:00:00,18.0,0.0,67.0,12.5,imputed_gap
2025-09-14 14:00:00,18.599999999999998,0.0,66.0,11.0,imputed_gap
2025-09-14 15:00:00,19.2,0.0,65.0,9.5,observed
2025-09-14 16:00:00,18.5,0.0,71.0,19.6,observed
2025-09-14 17:00:00,15.4,2.9,83.0,8.95,observed
2025-09-14 18:00:00,15.1,2.9,88.0,9.9,observed
2025-09-14 19:00:00,13.2,1.1,89.0,10.1,observed
2025-09-14 20:00:00,13.125,0.55,85.25,11.425,imputed_gap
2025-09-14 21:00:00,13.05,0.0,81.5,12.75,observed
2025-09-14 22:00:00,11.3,0.0,82.0,7.0,observed
2025-09-14 23:00:00,11.95,0.0,81.0,8.5,observed
2025-09-15 00:00:00,11.825,0.0,82.0,9.1,imputed_gap
2025-09-15 01:00:00,11.7,0.0,83.0,9.7,observed
2025-09-15 02:00:00,11.4,0.0,87.0,6.7,observed
2025-09-15 03:00:00,10.5,0.0,92.0,6.1,observed
2025-09-15 04:00:00,12.5,0.0,81.0,10.3,observed
2025-09-15 05:00:00,11.7,0.0,86.0,13.0,observed
2025-09-15 06:00:00,11.7,0.0,88.0,8.5,observed
2025-09-15 07:00:00,12.85,0.0,84.0,8.55,imputed_gap
2025-09-15 08:00:00,14.0,0.0,80.0,8.6,observed
2025-09-15 09:00:00,15.3,0.0,77.0,4.3,observed
2025-09-15 10:00:00,16.3,0.0,74.0,8.7,observed
2025-09-15 11:00:00,16.7,0.0,70.0,19.7,observed
2025-09-15 12:00:00,17.8,0.0,70.0,8.8,observed
2025-09-15 13:00:00,18.9,0.0,65.0,11.1,observed
2025-09-15 14:00:00,18.8,0.0,70.0,13.0,observed
2025-09-15 15:00:00,19.6,0.0,63.0,8.3,observed
2025-09-15 16:00:00,16.4,1.1,86.0,10.2,observed
2025-09-15 17:00:00,18.2,0.0,74.0,4.8,observed
2025-09-15 18:00:00,18.1,0.3,67.0,6.9,observed
2025-09-15 19:00:00,17.2,0.0,73.0,5.6,observed
2025-09-15 20:00:00,16.5,0.0,79.0,9.4,observed
2025-09-15 21:00:00,14.4,0.0,77.0,9.3,observed
2025-09-15 22:00:00,12.95,0.0,86.5,7.7,observed
2025-09-15 23:00:00,12.2,0.0,87.0,9.0,observed
2025-09-16 00:00:00,13.2,0.0,79.0,15.1,observed
2025-09-16 01:00:00,11.95,0.0,81.0,11.85,imputed_gap
2025-09-16 02:00:00,10.7,0.0,83.0,8.6,observed
2025-09-16 03:00:00,11.3,0.0,88.0,12.4,observed
2025-09-16 04:00:00,11.9,0.0,84.0,10.4,observed
2025-09-16 05:00:00,11.5,0.0,78.0,8.3,observed
2025-09-16 06:00:00,13.4,0.0,76.0,10.5,observed
2025-09-16 07:00:00,13.6,0.0,77.0,8.7,observed
2025-09-16 08:00:00,14.5,0.0,71.0,5.9,observed
2025-09-16 09:00:00,17.2,0.0,70.5,11.5,observed
2025-09-16 10:00:00,16.8,0.0,74.0,11.6,observed
2025-09-16 11:00:00,17.7,0.0,75.0,12.2,observed
2025-09-16 12:00:00,18.049999999999997,0.0,76.0,12.5,imputed_gap
2025-09-16 13:00:00,18.4,0.0,77.0,12.8,observed
2025-09-16 14:00:00,19.1,0.0,63.0,12.2,observed
2025-09-16 15:00:00,19.7,0.0,67.0,6.5,observed
2025-09-16 16:00:00,19.8,0.0,70.0,6.0,observed
2025-09-16 17:00:00,18.8,0.3,64.0,7.1,observed
2025-09-16 18:00:00,16.5,3.2,88.0,17.7,observed
2025-09-16 19:00:00,15.7,1.8,94.0,11.0,observed
2025-09-16 20:00:00,16.9,0.0,82.0,8.8,observed
2025-09-16 21:00:00,16.3,0.0,65.0,14.1,observed
2025-09-16 22:00:00,14.8,0.0,73.0,9.8,observed
2025-09-16 23:00:00,14.0,0.0,85.0,12.0,observed
2025-09-17 00:00:00,12.6,0.0,83.0,12.5,observed
2025-09-17 01:00:00,11.5,0.0,82.0,10.4,observed
2025-09-17 02:00:00,11.4,0.0,83.0,17.0,observed
2025-09-17 03:00:00,11.9,0.0,78.0,10.7,observed
2025-09-17 04:00:00,11.4,0.0,90.0,16.5,observed
2025-09-17 05:00:00,11.8,0.0,90.5,12.9,imputed_gap
2025-09-17 06:00:00,12.2,0.0,91.0,9.3,observed
2025-09-17 07:00:00,13.0,0.0,94.0,10.6,observed
2025-09-17 08:00:00,16.05,0.0,72.5,14.600000000000001,observed
2025-09-17 09:00:00,15.7,0.0,72.0,14.0,observed
2025-09-17 10:00:00,17.3,0.0,71.0,13.9,observed
2025-09-17 11:00:00,18.0,0.0,70.0,16.2,imputed_gap
2025-09-17 12:00:00,18.7,0.0,69.0,18.5,observed
2025-09-17 13:00:00,18.8,0.0,72.0,9.5,observed
2025-09-17 14:00:00,17.9,0.8,84.0,13.0,observed
2025-09-17 15:00:00,20.4,0.1,67.0,6.5,observed
2025-09-17 16:00:00,19.9,0.0,62.0,10.6,observed
2025-09-17 17:00:00,16.3,2.5,83.0,11.1,observed
2025-09-17 18:00:00,18.9,0.2,73.0,8.3,observed
2025-09-17 19:00:00,17.2,0.0,81.0,9.7,observed
2025-09-17 20:00:00,16.4,0.0,72.0,3.4,observed
2025-09-17 21:00:00,15.4,0.0,74.0,7.5,observed
2025-09-17 22:00:00,15.3,0.0,78.0,15.2,observed
2025-09-17 23:00:00,13.9,0.0,83.0,9.0,observed
2025-09-18 00:00:00,13.6,0.0,76.0,4.9,observed
2025-09-18 01:00:00,13.5,0.0,79.0,16.8,observed
2025-09-18 02:00:00,13.7,0.0,78.0,12.5,observed
2025-09-18 03:00:00,12.4,0.0,79.0,11.6,observed
2025-09-18 04:00:00,12.5,0.0,88.0,6.6,observed
2025-09-18 05:00:00,14.0,0.0,88.0,10.0,observed
2025-09-18 06:00:00,14.2,0.0,70.0,18.4,observed
2025-09-18 07:00:00,14.2,0.0,78.0,5.3,observed
2025-09-18 08:00:00,16.1,0.0,76.0,8.4,observed
2025-09-18 09:00:00,17.1,0.0,68.0,11.9,observed
2025-09-18 10:00:00,18.6,0.0,63.0,16.1,observed
2025-09-18 11:00:00,19.1,0.0,67.0,12.6,observed
2025-09-18 12:00:00,20.0,0.35,74.0,11.6,observed
2025-09-18 13:00:00,21.2,0.0,67.0,10.7,observed
2025-09-18 14:00:00,21.2,0.0,61.0,13.5,observed
2025-09-18 15:00:00,21.5,0.0,63.5,9.75,imputed_gap
2025-09-18 16:00:00,21.8,0.0,66.0,6.0,observed
2025-09-18 17:00:00,18.2,2.6,83.0,10.7,observed
2025-09-18 18:00:00,20.0,0.0,65.0,13.9,observed
2025-09-18 19:00:00,19.7,0.0,59.0,11.5,observed
2025-09-18 20:00:00,18.4,0.0,77.0,17.2,observed
2025-09-18 21:00:00,17.2,0.0,77.0,12.9,observed
2025-09-18 22:00:00,15.8,0.0,78.5,13.600000000000001,imputed_gap
2025-09-18 23:00:00,14.4,0.0,80.0,14.3,observed
2025-09-19 00:00:00,15.1,0.0,77.0,11.6,observed
2025-09-19 01:00:00,13.8,0.0,82.0,14.2,observed
2025-09-19 02:00:00,13.45,0.0,74.0,16.6,observed
2025-09-19 03:00:00,13.1,0.0,81.0,6.9,observed
2025-09-19 04:00:00,14.75,0.0,75.5,12.350000000000001,observed
2025-09-19 05:00:00,13.9,0.0,81.0,16.5,observed
2025-09-19 06:00:00,15.5,0.0,73.0,10.3,observed
2025-09-19 07:00:00,16.05,0.0,71.0,10.100000000000001,imputed_gap
2025-09-19 08:00:00,16.6,0.0,69.0,9.9,observed
2025-09-19 09:00:00,17.5,0.0,65.0,14.3,observed
2025-09-19 10:00:00,18.9,0.0,69.0,10.4,observed
2025-09-19 11:00:00,19.7,0.0,65.0,10.2,observed
2025-09-19 12:00:00,17.9,7.2,87.0,4.9,observed
2025-09-19 13:00:00,21.3,0.0,60.0,11.8,observed
2025-09-19 14:00:00,20.2,6.0,85.0,10.0,observed
2025-09-19 15:00:00,21.2,0.0,57.0,13.5,observed
2025-09-19 16:00:00,21.7,0.0,54.0,7.9,observed
2025-09-19 17:00:00,18.8,0.8,83.0,11.6,observed
2025-09-19 18:00:00,20.4,0.0,69.0,10.5,observed
2025-09-19 19:00:00,19.5,0.0,68.0,13.7,observed
2025-09-19 20:00:00,19.5,0.0,72.0,15.1,observed
2025-09-19 21:00:00,17.8,0.0,71.0,8.0,observed
2025-09-19 22:00:00,16.05,0.0,74.75,12.975,imputed_gap
2025-09-19 23:00:00,14.3,0.0,78.5,17.95,observed
2025-09-20 00:00:00,13.9,0.0,75.0,6.3,observed
2025-09-20 01:00:00,12.6,0.0,76.0,8.4,observed
2025-09-20 02:00:00,14.0,0.0,77.0,14.2,observed
2025-09-20 03:00:00,13.2,0.0,81.0,14.8,observed
2025-09-20 04:00:00,13.4,0.0,82.0,6.2,observed
2025-09-20 05:00:00,17.5,0.0,67.0,15.2,observed
2025-09-20 06:00:00,13.7,0.0,83.0,15.1,observed
2025-09-20 07:00:00,15.4,0.0,73.0,8.9,observed
2025-09-20 08:00:00,16.5,0.0,69.5,6.7,imputed_gap
2025-09-20 09:00:00,17.6,0.0,66.0,4.5,observed
2025-09-20 10:00:00,18.6,0.0,74.0,7.1,observed
2025-09-20 11:00:00,21.0,0.0,55.5,14.850000000000001,observed
2025-09-20 12:00:00,17.5,1.6,78.0,15.2,observed
2025-09-20 13:00:00,21.7,0.0,56.0,17.0,observed
2025-09-20 14:00:00,21.75,0.0,57.0,10.400000000000002,imputed_gap
2025-09-20 15:00:00,21.8,0.0,58.0,3.8,observed
2025-09-20 16:00:00,22.5,0.1,59.0,8.7,observed
2025-09-20 17:00:00,18.7,1.2,74.0,11.7,observed
2025-09-20 18:00:00,17.8,5.199999999999999,80.0,7.7,observed
2025-09-20 19:00:00,17.1,9.2,88.0,6.6,observed
2025-09-20 20:00:00,18.1,0.0,75.0,12.7,observed
2025-09-20 21:00:00,17.6,0.2,69.0,4.0,observed
2025-09-20 22:00:00,17.1,0.0,70.0,11.3,observed
2025-09-20 23:00:00,16.0,0.0,73.0,12.6,observed
2025-09-21 00:00:00,14.8,0.0,70.0,9.2,observed
2025-09-21 01:00:00,13.7,0.0,72.0,13.6,observed
2025-09-21 02:00:00,13.2,0.0,79.0,9.4,observed
2025-09-21 03:00:00,14.3,0.0,87.0,9.6,observed
2025-09-21 04:00:00,13.85,0.0,81.0,5.5,observed
2025-09-21 05:00:00,14.4,0.0,83.0,6.3,observed
2025-09-21 06:00:00,14.2,0.0,81.0,10.6,observed
2025-09-21 07:00:00,16.2,0.0,71.0,11.5,observed
2025-09-21 08:00:00,16.6,0.0,63.0,18.2,observed
2025-09-21 09:00:00,18.5,0.0,60.0,14.6,observed
2025-09-21 10:00:00,18.866666666666667,0.0,66.33333333333333,11.466666666666667,observed
2025-09-21 11:00:00,19.7,0.0,56.0,14.2,observed
2025-09-21 12:00:00,20.9,0.0,56.0,9.9,observed
2025-09-21 13:00:00,20.1,1.5,69.0,9.45,imputed_gap
2025-09-21 14:00:00,19.3,3.0,82.0,9.0,observed
2025-09-21 15:00:00,22.1,0.0,66.0,7.9,observed
2025-09-21 16:00:00,19.2,1.0,79.0,15.5,observed
2025-09-21 17:00:00,19.8,0.0,72.0,9.7,observed
2025-09-21 18:00:00,21.2,0.0,68.0,6.4,observed
2025-09-21 19:00:00,19.4,0.0,66.0,13.0,observed
2025-09-21 20:00:00,18.6,0.0,71.5,12.1,imputed_gap
2025-09-21 21:00:00,17.8,0.0,77.0,11.2,observed
2025-09-21 22:00:00,16.8,0.0,72.0,14.1,observed
2025-09-21 23:00:00,16.3,0.0,77.0,9.2,observed
2025-09-22 00:00:00,13.8,0.0,93.0,13.6,observed
2025-09-22 01:00:00,13.1,0.0,81.0,15.8,observed
2025-09-22 02:00:00,11.7,0.0,80.0,12.3,observed
2025-09-22 03:00:00,12.2,0.0,82.0,15.4,observed
2025-09-22 04:00:00,12.7,0.0,85.0,7.0,observed
2025-09-22 05:00:00,12.4,0.0,85.0,15.2,observed
2025-09-22 06:00:00,14.7,0.0,83.0,6.0,observed
2025-09-22 07:00:00,15.35,0.0,70.5,9.45,observed
2025-09-22 08:00:00,15.7,0.0,71.0,5.4,observed
2025-09-22 09:00:00,15.6,0.0,76.0,21.5,observed
2025-09-22 10:00:00,17.4,0.0,70.5,13.600000000000001,imputed_gap
2025-09-22 11:00:00,19.2,0.0,65.0,5.7,observed
2025-09-22 12:00:00,19.5,0.0,61.0,7.0,observed
2025-09-22 13:00:00,19.5,0.0,64.0,14.9,observed
2025-09-22 14:00:00,20.6,0.0,65.0,8.3,observed
2025-09-22 15:00:00,20.9,0.0,58.0,9.9,observed
2025-09-22 16:00:00,20.7,0.0,52.0,7.1,observed
2025-09-22 17:00:00,16.9,2.4,83.0,11.7,observed
2025-09-22 18:00:00,16.6,2.8,85.0,21.2,observed
2025-09-22 19:00:00,17.7,0.0,71.0,5.5,observed
2025-09-22 20:00:00,15.8,2.1,88.0,18.5,observed
2025-09-22 21:00:00,14.9,0.0,79.0,10.5,observed
2025-09-22 22:00:00,16.1,0.0,70.0,15.1,observed
2025-09-22 23:00:00,14.3,0.0,84.0,7.1,observed
2025-09-23 00:00:00,12.3,0.0,78.0,8.8,observed
2025-09-23 01:00:00,12.9,0.0,87.0,8.7,observed
2025-09-23 02:00:00,12.05,0.0,87.0,11.55,observed
2025-09-23 03:00:00,12.1,0.0,87.0,8.9,observed
2025-09-23 04:00:00,12.5,0.0,80.0,15.7,observed
2025-09-23 05:00:00,14.7,0.0,72.0,10.9,observed
2025-09-23 06:00:00,13.2,0.0,92.0,6.2,observed
2025-09-23 07:00:00,15.7,0.0,71.0,9.6,observed
2025-09-23 08:00:00,15.85,0.0,72.5,11.45,imputed_gap
2025-09-23 09:00:00,16.0,0.0,74.0,13.3,observed
2025-09-23 10:00:00,17.5,0.0,67.0,11.4,observed
2025-09-23 11:00:00,18.5,0.0,70.0,8.0,observed
2025-09-23 12:00:00,19.2,0.0,73.0,9.7,observed
2025-09-23 13:00:00,19.450000000000003,0.65,72.5,7.75,observed
2025-09-23 14:00:00,17.8,2.0,85.0,5.8,observed
2025-09-23 15:00:00,18.4,1.9,90.0,12.4,observed
2025-09-23 16:00:00,19.4,0.95,76.0,9.5,imputed_gap
2025-09-23 17:00:00,20.4,0.0,62.0,6.6,observed
2025-09-23 18:00:00,18.1,5.4,82.0,9.2,observed
2025-09-23 19:00:00,19.0,0.0,71.0,8.3,observed
2025-09-23 20:00:00,16.0,0.0,76.0,10.75,observed
2025-09-23 21:00:00,16.9,0.0,76.0,10.5,observed
2025-09-23 22:00:00,15.6,0.0,73.0,7.8,observed
2025-09-23 23:00:00,14.45,0.0,82.0,8.65,imputed_gap
2025-09-24 00:00:00,13.3,0.0,91.0,9.5,observed
2025-09-24 01:00:00,12.4,0.0,89.5,10.2,imputed_gap
2025-09-24 02:00:00,11.5,0.0,88.0,10.9,observed
2025-09-24 03:00:00,12.9,0.0,80.0,8.9,observed
2025-09-24 04:00:00,11.9,0.0,78.0,15.5,observed
2025-09-24 05:00:00,11.6,0.0,83.0,12.9,observed
2025-09-24 06:00:00,12.0,0.0,73.0,14.3,observed
2025-09-24 07:00:00,13.4,0.0,74.0,13.9,observed
2025-09-24 08:00:00,14.8,0.0,72.0,8.9,observed
2025-09-24 09:00:00,16.3,0.0,71.0,7.5,observed
2025-09-24 10:00:00,16.5,0.0,70.0,7.6,observed
2025-09-24 11:00:00,18.5,0.0,72.0,18.1,observed
2025-09-24 12:00:00,18.1,0.0,75.0,9.8,observed
2025-09-24 13:00:00,19.8,0.0,68.0,11.6,observed
2025-09-24 14:00:00,19.6,0.0,71.0,7.9,observed
2025-09-24 15:00:00,20.8,0.0,67.0,8.5,observed
2025-09-24 16:00:00,18.0,6.6,83.0,7.4,observed
2025-09-24 17:00:00,18.4,3.3000000000000003,77.0,13.8,imputed_gap
2025-09-24 18:00:00,18.8,0.0,71.0,20.2,observed
2025-09-24 19:00:00,15.45,1.35,81.0,12.2,observed
2025-09-24 20:00:00,17.0,0.0,68.0,20.0,observed
2025-09-24 21:00:00,15.7,0.0,76.0,13.0,observed
2025-09-24 22:00:00,15.0,0.0,83.0,12.65,imputed_gap
2025-09-24 23:00:00,14.3,0.0,90.0,12.3,observed
2025-09-25 00:00:00,14.8,0.0,65.0,11.7,observed
2025-09-25 01:00:00,13.0,0.0,89.0,6.6,observed
2025-09-25 02:00:00,12.6,0.0,83.0,7.8,observed
2025-09-25 03:00:00,13.6,0.0,84.0,7.9,observed
2025-09-25 04:00:00,14.9,0.0,84.0,8.0,observed
2025-09-25 05:00:00,13.9,0.0,81.0,6.9,observed
2025-09-25 06:00:00,15.0,0.0,70.0,7.8,observed
2025-09-25 07:00:00,15.5,0.0,73.0,8.9,observed
2025-09-25 08:00:00,16.5,0.0,74.0,10.3,observed
2025-09-25 09:00:00,18.6,0.0,73.0,13.0,observed
2025-09-25 10:00:00,17.8,0.0,60.0,8.2,observed
2025-09-25 11:00:00,18.8,0.0,77.0,13.1,observed
2025-09-25 12:00:00,20.7,0.0,74.0,10.9,observed
2025-09-25 13:00:00,21.2,0.0,68.0,5.4,observed
2025-09-25 14:00:00,21.5,0.0,64.0,7.2,observed
2025-09-25 15:00:00,20.3,5.95,70.5,14.8,observed
2025-09-25 16:00:00,21.5,7.825,64.0,28.3,observed
2025-09-25 17:00:00,19.3,9.7,90.0,14.2,observed
2025-09-25 18:00:00,19.1,4.85,75.5,9.25,imputed_gap
2025-09-25 19:00:00,18.9,0.0,61.0,4.3,observed
2025-09-25 20:00:00,18.6,0.0,72.0,10.0,observed
2025-09-25 21:00:00,17.4,0.0,67.0,7.0,observed
2025-09-25 22:00:00,16.2,0.0,78.0,9.7,observed
2025-09-25 23:00:00,14.3,0.0,77.5,16.25,observed
2025-09-26 00:00:00,14.2,0.0,80.0,4.7,observed
2025-09-26 01:00:00,12.2,0.0,82.0,5.1,observed
2025-09-26 02:00:00,12.399999999999999,0.0,81.5,8.1,imputed_gap
2025-09-26 03:00:00,12.6,0.0,81.0,11.1,observed
2025-09-26 04:00:00,12.7,0.0,81.0,7.7,observed
2025-09-26 05:00:00,13.0,0.0,78.0,17.6,observed
2025-09-26 06:00:00,14.1,0.0,84.0,8.4,observed
2025-09-26 07:00:00,15.4,0.0,76.0,6.4,observed
2025-09-26 08:00:00,17.15,0.0,70.5,6.45,observed
2025-09-26 09:00:00,17.575,0.0,67.25,8.325,imputed_gap
2025-09-26 10:00:00,18.0,0.0,64.0,10.2,observed
2025-09-26 11:00:00,19.1,0.0,62.5,9.25,imputed_gap
2025-09-26 12:00:00,20.2,0.0,61.0,8.3,observed
2025-09-26 13:00:00,19.75,4.75,80.0,21.9,observed
2025-09-26 14:00:00,20.6,0.0,65.0,11.7,observed
2025-09-26 15:00:00,21.2,0.0,52.0,8.2,observed
2025-09-26 16:00:00,21.5,0.1,60.0,8.6,observed
2025-09-26 17:00:00,18.35,1.7,73.0,11.95,observed
2025-09-26 18:00:00,17.6,4.9,91.0,6.2,observed
2025-09-26 19:00:00,18.6,0.3,72.0,9.5,observed
2025-09-26 20:00:00,17.15,0.15,71.5,10.1,imputed_gap
2025-09-26 21:00:00,15.7,0.0,71.0,10.7,observed
2025-09-26 22:00:00,13.1,2.9,97.0,5.1,observed
2025-09-26 23:00:00,16.0,0.0,77.0,5.3,observed
2025-09-27 00:00:00,13.7,0.0,70.0,15.0,observed
2025-09-27 01:00:00,14.5,0.0,73.0,10.5,observed
2025-09-27 02:00:00,14.3,0.0,83.0,5.2,observed
2025-09-27 03:00:00,13.1,0.0,85.0,12.5,observed
2025-09-27 04:00:00,14.25,0.0,75.5,14.25,observed
2025-09-27 05:00:00,13.1,0.0,90.0,18.5,observed
2025-09-27 06:00:00,14.5,0.0,72.0,9.0,observed
2025-09-27 07:00:00,15.25,0.0,77.5,9.65,imputed_gap
2025-09-27 08:00:00,16.0,0.0,83.0,10.3,observed
2025-09-27 09:00:00,16.9,0.0,69.0,8.7,observed
2025-09-27 10:00:00,19.2,0.0,64.0,16.4,observed
2025-09-27 11:00:00,19.8,0.0,61.0,11.7,observed
2025-09-27 12:00:00,20.3,0.0,61.0,7.5,observed
2025-09-27 13:00:00,21.5,0.0,62.0,16.7,observed
2025-09-27 14:00:00,21.3,0.0,66.0,12.1,observed
2025-09-27 15:00:00,21.3,0.0,65.0,17.4,observed
2025-09-27 16:00:00,20.8,0.0,64.5,11.0,observed
2025-09-27 17:00:00,20.9,0.0,64.0,12.8,observed
2025-09-27 18:00:00,20.7,0.0,54.0,5.3,observed
2025-09-27 19:00:00,18.7,0.0,63.0,16.0,observed
2025-09-27 20:00:00,19.2,0.0,71.0,9.7,observed
2025-09-27 21:00:00,16.15,0.0,76.5,11.9,observed
2025-09-27 22:00:00,16.5,0.0,71.0,16.3,observed
2025-09-27 23:00:00,15.7,0.0,70.0,15.1,observed
2025-09-28 00:00:00,14.4,0.0,77.0,11.05,imputed_gap
2025-09-28 01:00:00,13.100000000000001,0.0,84.0,7.0,observed
2025-09-28 02:00:00,13.3,0.0,84.0,9.4,observed
2025-09-28 03:00:00,12.8,0.0,73.0,11.8,observed
2025-09-28 04:00:00,12.7,0.0,76.0,11.75,imputed_gap
2025-09-28 05:00:00,12.6,0.0,79.0,11.7,observed
2025-09-28 06:00:00,13.8,0.0,74.0,4.2,observed
2025-09-28 07:00:00,15.8,0.0,70.0,5.5,observed
2025-09-28 08:00:00,15.5,0.0,78.0,8.1,observed
2025-09-28 09:00:00,16.8,0.0,78.0,9.0,observed
2025-09-28 10:00:00,18.3,0.0,67.0,16.1,observed
2025-09-28 11:00:00,19.0,0.0,78.5,11.3,observed
2025-09-28 12:00:00,18.7,9.6,90.0,8.5,observed
2025-09-28 13:00:00,18.3,8.3,77.0,11.4,observed
2025-09-28 14:00:00,21.7,0.0,52.0,17.3,observed
2025-09-28 15:00:00,19.4,0.8,76.0,9.1,observed
2025-09-28 16:00:00,18.3,2.4,84.0,14.2,observed
2025-09-28 17:00:00,17.7,3.5,80.5,8.8,observed
2025-09-28 18:00:00,17.5,2.333333333333333,77.0,12.4,imputed_gap
2025-09-28 19:00:00,17.3,1.1666666666666665,73.5,16.0,imputed_gap
2025-09-28 20:00:00,17.1,0.0,70.0,19.6,observed
2025-09-28 21:00:00,15.9,0.0,68.0,10.2,observed
2025-09-28 22:00:00,13.5,5.0,87.0,13.0,observed
2025-09-28 23:00:00,15.0,0.0,81.0,14.9,observed
2025-09-29 00:00:00,12.2,0.0,89.0,10.9,observed
2025-09-29 01:00:00,12.7,0.0,86.0,8.9,observed
2025-09-29 02:00:00,11.2,0.0,84.0,6.2,observed
2025-09-29 03:00:00,12.0,0.0,76.0,8.4,observed
2025-09-29 04:00:00,11.2,0.0,83.0,7.0,observed
2025-09-29 05:00:00,12.3,0.0,83.0,6.0,observed
2025-09-29 06:00:00,12.6,0.0,78.0,14.1,observed
2025-09-29 07:00:00,13.7,0.0,79.0,15.6,observed
2025-09-29 08:00:00,15.0,0.0,72.0,14.5,observed
2025-09-29 09:00:00,16.2,0.0,74.0,7.4,observed
2025-09-29 10:00:00,16.6,0.0,72.0,9.7,observed
2025-09-29 11:00:00,17.3,0.0,76.0,6.8,observed
2025-09-29 12:00:00,18.9,0.1,66.0,11.0,observed
2025-09-29 13:00:00,18.9,0.0,71.0,16.9,observed
2025-09-29 14:00:00,19.7,0.0,71.0,5.1,observed
2025-09-29 15:00:00,19.6,0.0,66.0,5.8,observed
2025-09-29 16:00:00,20.4,0.0,63.0,7.1,observed
2025-09-29 17:00:00,15.9,4.5,89.0,10.9,observed
2025-09-29 18:00:00,16.7,1.2,82.0,15.1,observed
2025-09-29 19:00:00,17.4,0.4,80.0,8.8,observed
2025-09-29 20:00:00,14.0,2.3,88.0,10.4,observed
2025-09-29 21:00:00,16.0,0.0,78.0,17.8,observed
2025-09-29 22:00:00,14.1,0.0,71.0,10.3,observed
2025-09-29 23:00:00,14.0,0.0,81.0,11.8,observed
2025-09-30 00:00:00,13.4,0.0,83.0,18.2,observed
2025-09-30 01:00:00,12.6,0.0,85.0,9.7,observed
2025-09-30 02:00:00,13.0,0.0,81.0,11.4,observed
2025-09-30 03:00:00,12.0,0.0,90.0,9.6,observed
2025-09-30 04:00:00,11.7,0.0,86.0,16.9,observed
2025-09-30 05:00:00,12.9,0.0,81.0,10.4,observed
2025-09-30 06:00:00,13.75,0.0,81.5,9.55,imputed_gap
2025-09-30 07:00:00,14.6,0.0,82.0,8.7,observed
2025-09-30 08:00:00,15.8,0.0,82.0,11.9,observed
2025-09-30 09:00:00,16.4,0.0,75.0,9.7,observed
2025-09-30 10:00:00,17.0,0.0,75.0,13.5,observed
2025-09-30 11:00:00,17.4,0.0,74.0,5.6,observed
2025-09-30 12:00:00,17.6,2.7,85.0,11.7,observed
2025-09-30 13:00:00,20.2,0.0,73.0,10.7,observed
2025-09-30 14:00:00,20.45,0.0,62.5,10.25,imputed_gap
2025-09-30 15:00:00,20.7,0.0,52.0,9.8,observed
2025-09-30 16:00:00,17.5,8.3,86.0,12.1,observed
2025-09-30 17:00:00,20.4,0.0,56.0,6.7,observed
2025-09-30 18:00:00,19.9,0.0,58.0,9.0,observed
2025-09-30 19:00:00,17.2,3.3,83.0,12.2,observed
2025-09-30 20:00:00,15.4,4.6,88.0,9.1,observed
2025-09-30 21:00:00,15.9,0.0,73.0,7.4,observed
2025-09-30 22:00:00,14.8,0.0,72.0,10.7,observed
2025-09-30 23:00:00,14.2,0.0,84.0,7.6,observed
2025-10-01 00:00:00,12.7,0.0,83.0,8.6,observed
2025-10-01 01:00:00,11.4,0.0,81.0,8.0,observed
2025-10-01 02:00:00,10.5,0.0,85.0,8.3,observed
2025-10-01 03:00:00,10.0,0.0,83.0,4.2,observed
2025-10-01 04:00:00,10.7,0.0,93.0,12.4,observed
2025-10-01 05:00:00,11.6,0.0,85.0,14.5,observed
2025-10-01 06:00:00,12.6,0.0,78.0,7.0,observed
2025-10-01 07:00:00,14.3,0.0,75.0,11.5,observed
2025-10-01 08:00:00,15.6,0.0,74.0,4.4,observed
2025-10-01 09:00:00,19.75,0.0,65.0,16.200000000000003,observed
2025-10-01 10:00:00,19.4,0.0,67.0,9.2,observed
2025-10-01 11:00:00,20.6,0.0,60.0,11.5,observed
2025-10-01 12:00:00,20.5,3.1,68.0,13.25,imputed_gap
2025-10-01 13:00:00,20.4,6.2,76.0,15.0,observed
2025-10-01 14:00:00,24.6,0.0,53.0,12.9,observed
2025-10-01 15:00:00,21.6,5.2,72.0,10.7,observed
2025-10-01 16:00:00,21.7,1.2,78.0,11.8,observed
2025-10-01 17:00:00,21.15,0.0,56.5,7.6,observed
2025-10-01 18:00:00,22.3,0.2,55.0,6.5,observed
2025-10-01 19:00:00,21.4,0.0,64.0,10.1,observed
2025-10-01 20:00:00,18.2,0.55,74.0,9.0,imputed_gap
2025-10-01 21:00:00,15.0,1.1,84.0,7.9,observed
2025-10-01 22:00:00,15.8,0.0,75.0,5.3,observed
2025-10-01 23:00:00,14.5,0.0,84.0,10.4,observed
2025-10-02 00:00:00,10.8,0.0,85.0,11.0,observed
2025-10-02 01:00:00,10.7,0.0,79.0,18.3,observed
2025-10-02 02:00:00,11.3,0.0,88.0,12.2,observed
2025-10-02 03:00:00,10.5,0.0,80.0,10.7,observed
2025-10-02 04:00:00,10.3,0.0,84.0,15.1,observed
2025-10-02 05:00:00,10.6,0.0,95.0,11.7,observed
2025-10-02 06:00:00,14.200000000000001,0.0,87.0,14.05,observed
2025-10-02 07:00:00,15.950000000000001,0.0,74.0,9.7,observed
2025-10-02 08:00:00,14.8,0.0,72.0,10.4,observed
2025-10-02 09:00:00,18.033333333333335,0.0,69.0,10.133333333333333,imputed_gap
2025-10-02 10:00:00,21.266666666666666,0.0,66.0,9.866666666666667,imputed_gap
2025-10-02 11:00:00,24.5,0.0,63.0,9.6,observed
2025-10-02 12:00:00,21.9,0.0,61.0,13.9,observed
2025-10-02 13:00:00,23.65,0.0,56.5,6.55,observed
2025-10-02 14:00:00,23.924999999999997,0.0,57.75,10.025,imputed_gap
2025-10-02 15:00:00,24.2,0.0,59.0,13.5,observed
2025-10-02 16:00:00,23.75,0.0,53.5,12.5,imputed_gap
2025-10-02 17:00:00,23.3,0.0,48.0,11.5,observed
2025-10-02 18:00:00,21.7,0.0,71.0,14.2,observed
2025-10-02 19:00:00,18.299999999999997,0.0,65.5,11.6,observed
2025-10-02 20:00:00,18.7,0.0,60.0,19.8,observed
2025-10-02 21:00:00,13.25,0.0,78.5,10.35,observed
2025-10-02 22:00:00,8.9,0.0,96.0,8.8,observed
2025-10-02 23:00:00,13.4,0.0,79.0,9.1,observed
2025-10-03 00:00:00,11.833333333333334,0.0,84.0,11.233333333333334,imputed_gap
2025-10-03 01:00:00,10.266666666666666,0.0,89.0,13.366666666666667,imputed_gap
2025-10-03 02:00:00,8.7,0.0,94.0,15.5,observed
2025-10-03 03:00:00,7.4,0.0,96.0,14.0,observed
2025-10-03 04:00:00,8.0,0.0,94.0,15.1,observed
2025-10-03 05:00:00,8.8,0.0,99.0,13.7,observed
2025-10-03 06:00:00,9.4,0.0,88.0,8.3,observed
2025-10-03 07:00:00,11.8,0.0,81.0,16.3,observed
2025-10-03 08:00:00,13.0,0.0,91.0,15.6,observed
2025-10-03 09:00:00,14.1,0.0,75.0,7.9,observed
2025-10-03 10:00:00,17.1,0.0,69.0,6.8,observed
2025-10-03 11:00:00,18.7,0.0,67.0,16.2,observed
2025-10-03 12:00:00,19.1,0.0,61.0,5.2,observed
2025-10-03 13:00:00,20.9,0.0,67.0,8.4,observed
2025-10-03 14:00:00,21.7,0.0,64.0,12.1,observed
2025-10-03 15:00:00,21.6,0.0,71.0,8.5,observed
2025-10-03 16:00:00,21.3,0.0,63.0,16.7,observed
2025-10-03 17:00:00,21.1,0.0,63.0,12.8,observed
2025-10-03 18:00:00,19.7,0.0,68.0,14.0,observed
2025-10-03 19:00:00,18.3,0.0,74.0,6.1,observed
2025-10-03 20:00:00,16.6,0.0,65.0,11.3,observed
2025-10-03 21:00:00,14.8,0.0,75.0,14.6,observed
2025-10-03 22:00:00,10.55,0.0,90.0,11.75,observed
2025-10-03 23:00:00,11.5,0.0,87.0,7.0,observed
2025-10-04 00:00:00,9.7,0.0,96.0,12.0,observed
2025-10-04 01:00:00,9.05,0.0,96.0,11.1,imputed_gap
2025-10-04 02:00:00,8.4,0.0,96.0,10.2,observed
2025-10-04 03:00:00,8.1,0.0,94.0,7.4,observed
2025-10-04 04:00:00,7.5,0.0,98.0,11.1,observed
2025-10-04 05:00:00,10.7,0.0,82.5,10.2,observed
2025-10-04 06:00:00,9.5,0.0,89.0,9.9,observed
2025-10-04 07:00:00,11.2,0.0,94.0,9.7,observed
2025-10-04 08:00:00,12.75,0.0,84.0,8.75,imputed_gap
2025-10-04 09:00:00,14.3,0.0,74.0,7.8,observed
2025-10-04 10:00:00,17.2,0.0,63.0,13.2,observed
2025-10-04 11:00:00,17.8,0.0,77.0,14.9,observed
2025-10-04 12:00:00,19.5,0.0,58.0,9.7,observed
2025-10-04 13:00:00,20.6,0.0,60.0,11.5,observed
2025-10-04 14:00:00,21.0,0.0,62.0,12.7,observed
2025-10-04 15:00:00,21.4,0.0,55.0,6.4,observed
2025-10-04 16:00:00,18.4,3.3,80.0,13.9,observed
2025-10-04 17:00:00,18.3,11.5,77.0,5.8,observed
2025-10-04 18:00:00,19.8,0.0,65.0,12.1,observed
2025-10-04 19:00:00,17.8,0.0,66.0,9.8,observed
2025-10-04 20:00:00,12.95,1.7,81.5,10.15,observed
2025-10-04 21:00:00,12.575,0.8499999999999999,83.25,7.225,imputed_gap
2025-10-04 22:00:00,12.2,0.0,85.0,4.3,observed
2025-10-04 23:00:00,10.9,0.0,80.0,15.0,observed
2025-10-05 00:00:00,10.55,0.0,87.5,9.45,observed
2025-10-05 01:00:00,10.2,0.0,89.0,19.3,observed
2025-10-05 02:00:00,10.1,0.0,85.0,16.4,observed
2025-10-05 03:00:00,9.6,0.0,87.33333333333333,10.799999999999999,imputed_gap
2025-10-05 04:00:00,9.1,0.0,89.66666666666667,5.2,observed
2025-10-05 05:00:00,10.9,0.0,92.0,23.4,observed
2025-10-05 06:00:00,11.9,0.0,90.0,14.85,imputed_gap
2025-10-05 07:00:00,12.9,0.0,88.0,6.3,observed
2025-10-05 08:00:00,14.6,0.0,89.0,5.6,observed
2025-10-05 09:00:00,16.2,0.0,66.0,10.1,observed
2025-10-05 10:00:00,18.1,0.0,66.0,15.7,observed
2025-10-05 11:00:00,20.0,0.0,67.0,7.9,observed
2025-10-05 12:00:00,20.7,0.0,62.0,14.6,observed
2025-10-05 13:00:00,22.4,0.0,62.0,15.4,observed
2025-10-05 14:00:00,23.1,0.0,53.0,8.5,observed
2025-10-05 15:00:00,23.7,0.0,55.0,9.1,observed
2025-10-05 16:00:00,23.0,0.0,56.0,10.6,observed
2025-10-05 17:00:00,22.1,0.0,68.0,8.6,observed
2025-10-05 18:00:00,21.5,0.0,57.0,16.6,observed
2025-10-05 19:00:00,19.2,0.0,74.0,8.2,observed
2025-10-05 20:00:00,19.0,0.0,66.0,10.7,observed
2025-10-05 21:00:00,16.5,0.0,79.0,7.5,observed
2025-10-05 22:00:00,14.5,0.0,82.0,7.0,observed
2025-10-05 23:00:00,12.2,0.0,80.5,11.25,observed
2025-10-06 00:00:00,13.1,0.0,87.0,20.3,observed
2025-10-06 01:00:00,11.3,0.0,88.0,12.3,observed
2025-10-06 02:00:00,10.45,0.0,89.0,12.850000000000001,imputed_gap
2025-10-06 03:00:00,9.6,0.0,90.0,13.4,observed
2025-10-06 04:00:00,10.5,0.0,99.0,7.4,observed
2025-10-06 05:00:00,11.6,0.0,90.0,13.9,observed
2025-10-06 06:00:00,12.9,0.0,80.0,16.9,observed
2025-10-06 07:00:00,13.9,0.0,81.0,16.5,observed
2025-10-06 08:00:00,15.9,0.0,75.0,5.4,observed
2025-10-06 09:00:00,17.0,0.0,82.0,9.1,observed
2025-10-06 10:00:00,18.4,0.0,61.0,8.6,observed
2025-10-06 11:00:00,21.0,0.0,59.0,8.7,observed
2025-10-06 12:00:00,22.5,0.0,67.0,11.1,observed
2025-10-06 13:00:00,24.3,0.0,53.0,16.6,observed
2025-10-06 14:00:00,24.0,0.0,70.0,16.2,observed
2025-10-06 15:00:00,23.15,0.0,57.5,7.65,observed
2025-10-06 16:00:00,23.2,0.0,60.0,15.0,observed
2025-10-06 17:00:00,23.3,0.0,67.0,8.8,observed
2025-10-06 18:00:00,22.0,0.0,63.0,8.0,imputed_gap
2025-10-06 19:00:00,20.7,0.0,59.0,7.2,observed
2025-10-06 20:00:00,19.6,0.0,73.0,10.1,observed
2025-10-06 21:00:00,17.8,0.0,69.0,4.3,observed
2025-10-06 22:00:00,16.0,0.0,75.0,13.1,observed
2025-10-06 23:00:00,14.0,0.0,75.0,8.9,observed
2025-10-07 00:00:00,12.6,0.0,87.0,6.8,observed
2025-10-07 01:00:00,12.100000000000001,0.0,82.0,7.9,observed
2025-10-07 02:00:00,11.5,0.0,83.0,8.4,observed
2025-10-07 03:00:00,11.3,0.0,84.0,5.7,observed
2025-10-07 04:00:00,12.45,0.0,78.0,4.6,imputed_gap
2025-10-07 05:00:00,13.6,0.0,72.0,3.5,observed
2025-10-07 06:00:00,13.5,0.0,82.0,10.0,observed
2025-10-07 07:00:00,13.8,0.0,84.0,8.9,observed
2025-10-07 08:00:00,16.1,0.0,69.0,11.1,observed
2025-10-07 09:00:00,17.2,0.0,66.0,16.7,observed
2025-10-07 10:00:00,18.9,0.0,74.0,7.0,observed
2025-10-07 11:00:00,21.0,0.0,68.0,12.1,observed
2025-10-07 12:00:00,23.3,0.0,58.0,9.7,observed
2025-10-07 13:00:00,23.5,0.0,66.0,7.3,observed
2025-10-07 14:00:00,24.4,0.0,52.0,17.9,observed
2025-10-07 15:00:00,25.1,0.0,53.0,12.9,observed
2025-10-07 16:00:00,25.2,0.0,54.0,10.2,observed
2025-10-07 17:00:00,23.4,0.0,60.0,9.8,observed
2025-10-07 18:00:00,21.450000000000003,0.0,64.0,10.15,observed
2025-10-07 19:00:00,21.1,0.0,57.0,5.9,observed
2025-10-07 20:00:00,19.7,0.0,65.0,13.0,observed
2025-10-07 21:00:00,18.1,0.0,69.5,10.6,imputed_gap
2025-10-07 22:00:00,16.5,0.0,74.0,8.2,observed
2025-10-07 23:00:00,15.7,0.0,70.0,14.1,observed
2025-10-08 00:00:00,12.2,0.0,84.5,9.9,observed
2025-10-08 01:00:00,12.5,0.0,85.75,12.7,observed
2025-10-08 02:00:00,11.3,0.0,87.0,12.8,observed
2025-10-08 03:00:00,11.55,0.0,81.0,11.3,imputed_gap
2025-10-08 04:00:00,11.8,0.0,75.0,9.8,observed
2025-10-08 05:00:00,12.2,0.0,84.0,16.7,observed
2025-10-08 06:00:00,14.9,0.0,72.0,8.5,observed
2025-10-08 07:00:00,14.7,0.0,73.0,4.8,observed
2025-10-08 08:00:00,16.0,0.0,72.0,7.3,observed
2025-10-08 09:00:00,18.6,0.0,76.0,24.6,observed
2025-10-08 10:00:00,22.1,0.0,57.5,10.6,observed
2025-10-08 11:00:00,22.4,0.0,58.0,14.4,observed
2025-10-08 12:00:00,22.6,0.0,57.0,8.1,observed
2025-10-08 13:00:00,23.950000000000003,0.0,58.0,8.3,imputed_gap
2025-10-08 14:00:00,25.3,0.0,59.0,8.5,observed
2025-10-08 15:00:00,24.8,0.0,47.0,14.1,observed
2025-10-08 16:00:00,25.4,0.0,55.0,11.7,observed
2025-10-08 17:00:00,23.8,0.0,46.0,8.6,observed
2025-10-08 18:00:00,21.8,0.0,65.0,12.4,observed
2025-10-08 19:00:00,22.0,0.0,59.0,13.9,observed
2025-10-08 20:00:00,19.1,0.0,65.0,6.4,observed
2025-10-08 21:00:00,17.6,0.0,71.0,9.5,observed
2025-10-08 22:00:00,17.2,0.0,79.0,11.5,observed
2025-10-08 23:00:00,14.2,0.0,73.0,7.7,observed
2025-10-09 00:00:00,12.25,0.0,82.0,13.35,observed
2025-10-09 01:00:00,11.9,0.0,88.0,15.6,observed
2025-10-09 02:00:00,11.6,0.0,86.0,7.8,observed
2025-10-09 03:00:00,11.3,0.0,84.5,7.4,imputed_gap
2025-10-09 04:00:00,11.0,0.0,83.0,7.0,observed
2025-10-09 05:00:00,12.0,0.0,77.0,10.6,observed
2025-10-09 06:00:00,12.9,0.0,84.0,10.9,observed
2025-10-09 07:00:00,14.4,0.0,89.0,5.5,observed
2025-10-09 08:00:00,16.05,0.0,77.5,7.9,imputed_gap
2025-10-09 09:00:00,17.7,0.0,66.0,10.3,observed
2025-10-09 10:00:00,19.9,0.0,71.0,13.0,observed
2025-10-09 11:00:00,20.7,0.0,56.0,11.0,observed
2025-10-09 12:00:00,22.7,0.0,59.0,7.1,observed
2025-10-09 13:00:00,23.3,0.0,51.0,7.7,observed
2025-10-09 14:00:00,23.6,0.0,53.0,14.0,observed
2025-10-09 15:00:00,25.0,0.0,52.0,6.9,observed
2025-10-09 16:00:00,24.4,0.0,52.0,13.5,observed
2025-10-09 17:00:00,23.4,0.0,58.0,16.2,observed
2025-10-09 18:00:00,23.5,0.0,54.0,13.4,observed
2025-10-09 19:00:00,20.9,0.0,60.0,11.4,observed
2025-10-09 20:00:00,19.6,0.0,72.0,10.5,observed
2025-10-09 21:00:00,17.2,0.0,71.0,3.8,observed
2025-10-09 22:00:00,14.75,0.0,80.0,9.35,observed
2025-10-09 23:00:00,14.3,0.0,75.0,13.7,observed
2025-10-10 00:00:00,11.95,0.0,85.5,9.25,observed
2025-10-10 01:00:00,11.475,0.0,85.25,13.825,imputed_gap
2025-10-10 02:00:00,11.0,0.0,85.0,18.4,observed
2025-10-10 03:00:00,11.4,0.0,88.5,16.7,imputed_gap
2025-10-10 04:00:00,11.8,0.0,92.0,15.0,observed
2025-10-10 05:00:00,11.9,0.0,83.0,11.0,observed
2025-10-10 06:00:00,12.5,0.0,94.0,7.7,observed
2025-10-10 07:00:00,14.6,0.0,79.0,12.5,observed
2025-10-10 08:00:00,15.2,0.0,78.0,5.5,observed
2025-10-10 09:00:00,18.1,0.0,60.0,6.6,observed
2025-10-10 10:00:00,21.15,0.0,65.5,10.5,observed
2025-10-10 11:00:00,22.65,0.0,58.0,7.5,observed
2025-10-10 12:00:00,23.4,0.0,54.5,9.45,observed
2025-10-10 13:00:00,23.549999999999997,0.0,57.125,10.9375,imputed_gap
2025-10-10 14:00:00,23.7,0.0,59.75,12.425,imputed_gap
2025-10-10 15:00:00,23.849999999999998,0.0,62.375,13.9125,imputed_gap
2025-10-10 16:00:00,24.0,0.0,65.0,15.4,observed
2025-10-10 17:00:00,23.0,0.0,65.0,11.8,observed
2025-10-10 18:00:00,22.0,0.0,43.0,11.5,observed
2025-10-10 19:00:00,20.3,0.0,58.0,10.05,imputed_gap
2025-10-10 20:00:00,18.6,0.0,73.0,8.6,observed
2025-10-10 21:00:00,17.6,0.0,69.0,5.0,observed
2025-10-10 22:00:00,15.9,0.0,75.0,5.9,observed
2025-10-10 23:00:00,13.8,0.0,83.0,7.9,observed
2025-10-11 00:00:00,14.2,0.0,82.5,9.7,observed
2025-10-11 01:00:00,13.0,0.0,82.0,10.1,observed
2025-10-11 02:00:00,12.0,0.0,85.0,8.5,observed
2025-10-11 03:00:00,13.0,0.0,81.0,16.6,observed
2025-10-11 04:00:00,12.0,0.0,77.0,6.6,observed
2025-10-11 05:00:00,12.9,0.0,88.0,15.4,observed
2025-10-11 06:00:00,14.0,0.0,81.5,17.3,observed
2025-10-11 07:00:00,15.2,0.0,75.0,9.8,observed
2025-10-11 08:00:00,19.450000000000003,0.0,67.5,8.9,observed
2025-10-11 09:00:00,18.6,0.0,60.75,9.6,observed
2025-10-11 10:00:00,21.3,0.0,54.0,5.2,observed
2025-10-11 11:00:00,22.15,0.0,61.5,11.75,imputed_gap
2025-10-11 12:00:00,23.0,0.0,69.0,18.3,observed
2025-10-11 13:00:00,25.05,0.0,51.5,10.8,observed
2025-10-11 14:00:00,25.3,0.0,47.0,7.9,observed
2025-10-11 15:00:00,26.2,0.0,46.0,7.4,observed
2025-10-11 16:00:00,24.374999999999996,0.0,51.5,11.975000000000001,imputed_gap
2025-10-11 17:00:00,22.549999999999997,0.0,57.0,16.55,observed
2025-10-11 18:00:00,22.9,0.0,62.0,16.8,observed
2025-10-11 19:00:00,19.799999999999997,0.0,63.0,12.65,observed
2025-10-11 20:00:00,19.0,0.0,57.5,10.625,imputed_gap
2025-10-11 21:00:00,18.2,0.0,52.0,8.6,observed
2025-10-11 22:00:00,16.95,0.0,60.0,10.4,imputed_gap
2025-10-11 23:00:00,15.7,0.0,68.0,12.2,observed
2025-10-12 00:00:00,10.6,0.0,81.5,10.1,observed
2025-10-12 01:00:00,11.6,0.0,83.0,16.9,observed
2025-10-12 02:00:00,11.1,0.0,89.0,8.2,observed
2025-10-12 03:00:00,10.6,0.0,88.0,10.1,observed
2025-10-12 04:00:00,10.3,0.0,82.0,8.0,observed
2025-10-12 05:00:00,11.4,0.0,90.0,12.0,observed
2025-10-12 06:00:00,15.25,0.0,81.0,6.9,observed
2025-10-12 07:00:00,14.0,0.0,71.0,6.0,observed
2025-10-12 08:00:00,15.8,0.0,81.0,5.2,observed
2025-10-12 09:00:00,20.8,0.0,67.0,11.1,observed
2025-10-12 10:00:00,19.1,0.0,64.0,6.5,observed
2025-10-12 11:00:00,21.2,0.0,55.0,14.9,observed
2025-10-12 12:00:00,24.5,0.0,52.0,9.2,observed
2025-10-12 13:00:00,22.9,0.0,64.0,12.1,observed
2025-10-12 14:00:00,24.2,0.0,57.0,11.1,observed
2025-10-12 15:00:00,24.049999999999997,0.0,58.5,15.75,imputed_gap
2025-10-12 16:00:00,23.9,0.0,60.0,20.4,observed
2025-10-12 17:00:00,23.0,0.0,70.0,7.8,observed
2025-10-12 18:00:00,19.65,0.0,64.0,10.399999999999999,observed
2025-10-12 19:00:00,20.3,0.0,63.0,9.7,observed
2025-10-12 20:00:00,19.033333333333335,0.0,67.0,5.8,observed
2025-10-12 21:00:00,17.766666666666666,0.0,74.0,7.6,imputed_gap
2025-10-12 22:00:00,16.5,0.0,81.0,9.4,observed
2025-10-12 23:00:00,14.0,0.0,79.0,9.2,observed
2025-10-13 00:00:00,13.7,0.0,83.0,8.6,observed
2025-10-13 01:00:00,12.1,0.0,92.0,10.3,observed
2025-10-13 02:00:00,11.65,0.0,85.5,10.7,observed
2025-10-13 03:00:00,11.3,0.0,81.0,8.1,observed
2025-10-13 04:00:00,12.2,0.0,85.33333333333333,13.0,observed
2025-10-13 05:00:00,13.2,0.0,89.66666666666667,11.75,imputed_gap
2025-10-13 06:00:00,14.2,0.0,94.0,10.5,observed
2025-10-13 07:00:00,14.3,0.0,74.0,9.1,observed
2025-10-13 08:00:00,17.0,0.0,63.0,7.6,observed
2025-10-13 09:00:00,17.7,0.0,68.0,11.0,observed
2025-10-13 10:00:00,20.1,0.0,64.0,11.2,observed
2025-10-13 11:00:00,22.65,0.0,65.5,7.449999999999999,observed
2025-10-13 12:00:00,22.9,0.0,55.0,7.7,observed
2025-10-13 13:00:00,22.7,0.7,69.0,14.8,observed
2025-10-13 14:00:00,22.9,1.5,68.5,13.45,imputed_gap
2025-10-13 15:00:00,23.1,2.3,68.0,12.1,observed
2025-10-13 16:00:00,23.6,2.4,75.0,8.0,observed
2025-10-13 17:00:00,19.9,3.0500000000000003,79.0,8.05,observed
2025-10-13 18:00:00,21.7,5.9,72.0,11.7,observed
2025-10-13 19:00:00,21.4,0.0,62.0,8.3,observed
2025-10-13 20:00:00,19.799999999999997,0.0,66.0,10.7,imputed_gap
2025-10-13 21:00:00,18.2,0.0,70.0,13.1,observed
2025-10-13 22:00:00,16.7,0.0,76.0,7.7,observed
2025-10-13 23:00:00,14.9,0.0,79.0,7.3,observed
2025-10-14 00:00:00,13.8,0.0,75.0,11.4,observed
2025-10-14 01:00:00,11.6,0.0,83.0,12.0,observed
2025-10-14 02:00:00,11.85,0.0,86.5,7.85,observed
2025-10-14 03:00:00,11.3,0.0,94.0,9.4,observed
2025-10-14 04:00:00,11.15,0.0,86.0,14.1,observed
2025-10-14 05:00:00,12.725000000000001,0.0,83.0,13.1,imputed_gap
2025-10-14 06:00:00,14.3,0.0,80.0,12.1,observed
2025-10-14 07:00:00,14.6,0.0,84.0,23.2,observed
2025-10-14 08:00:00,16.7,0.0,65.0,6.0,observed
2025-10-14 09:00:00,18.5,0.0,65.0,11.0,observed
2025-10-14 10:00:00,19.7,0.0,71.0,9.2,observed
2025-10-14 11:00:00,21.299999999999997,0.0,62.0,7.85,imputed_gap
2025-10-14 12:00:00,22.9,0.0,53.0,6.5,observed
2025-10-14 13:00:00,24.4,0.0,57.0,9.2,observed
2025-10-14 14:00:00,24.2,0.0,50.0,12.2,observed
2025-10-14 15:00:00,25.8,0.0,53.0,9.6,observed
2025-10-14 16:00:00,24.8,0.0,51.0,5.5,observed
2025-10-14 17:00:00,24.0,0.0,59.0,6.4,observed
2025-10-14 18:00:00,23.5,0.0,62.0,9.6,observed
2025-10-14 19:00:00,21.8,0.0,53.0,12.1,observed
2025-10-14 20:00:00,19.8,0.0,68.0,8.1,observed
2025-10-14 21:00:00,18.7,0.0,73.0,7.3,observed
2025-10-14 22:00:00,16.4,0.0,79.0,6.8,observed
2025-10-14 23:00:00,15.1,0.0,80.0,7.7,observed
2025-10-15 00:00:00,12.7,0.0,84.0,4.6,observed
2025-10-15 01:00:00,11.0,0.0,88.0,5.9,observed
2025-10-15 02:00:00,10.8,0.0,85.0,10.6,observed
2025-10-15 03:00:00,9.9,0.0,86.0,13.7,observed
2025-10-15 04:00:00,9.7,0.0,88.0,6.2,observed
2025-10-15 05:00:00,11.2,0.0,90.0,10.0,observed
2025-10-15 06:00:00,12.3,0.0,78.0,8.7,observed
2025-10-15 07:00:00,13.5,0.0,84.0,12.4,observed
2025-10-15 08:00:00,14.9,0.0,81.0,8.1,observed
2025-10-15 09:00:00,17.2,0.0,72.0,12.1,observed
2025-10-15 10:00:00,18.9,0.0,69.0,13.1,observed
2025-10-15 11:00:00,20.7,0.0,62.0,4.8,observed
2025-10-15 12:00:00,21.7,0.0,61.0,12.4,observed
2025-10-15 13:00:00,23.3,0.0,62.0,14.9,observed
2025-10-15 14:00:00,23.2,0.0,58.0,6.9,observed
2025-10-15 15:00:00,22.85,0.0,56.0,8.2,imputed_gap
2025-10-15 16:00:00,22.5,0.0,54.0,9.5,observed
2025-10-15 17:00:00,24.0,0.0,52.0,15.3,observed
2025-10-15 18:00:00,22.0,0.0,56.0,10.4,observed
2025-10-15 19:00:00,20.4,0.0,70.0,17.9,observed
2025-10-15 20:00:00,18.7,0.0,59.0,8.1,observed
2025-10-15 21:00:00,17.1,0.0,75.0,12.1,observed
2025-10-15 22:00:00,12.45,0.0,92.5,9.7,observed
2025-10-15 23:00:00,13.8,0.0,75.0,20.6,observed
2025-10-16 00:00:00,13.3,0.0,84.0,7.4,observed
2025-10-16 01:00:00,12.100000000000001,0.0,90.0,14.149999999999999,imputed_gap
2025-10-16 02:00:00,10.9,0.0,96.0,20.9,observed
2025-10-16 03:00:00,10.5,0.0,86.0,16.1,observed
2025-10-16 04:00:00,11.0,0.0,85.0,10.2,observed
2025-10-16 05:00:00,11.7,0.0,81.0,11.3,observed
2025-10-16 06:00:00,12.1,0.0,84.0,10.4,observed
2025-10-16 07:00:00,13.7,0.0,85.0,5.4,observed
2025-10-16 08:00:00,15.8,0.0,74.0,9.7,observed
2025-10-16 09:00:00,17.5,0.0,67.0,18.7,observed
2025-10-16 10:00:00,19.5,0.0,66.0,4.5,observed
2025-10-16 11:00:00,21.05,0.0,61.0,8.8,observed
2025-10-16 12:00:00,21.775,0.0,63.0,8.2,imputed_gap
2025-10-16 13:00:00,22.5,0.0,65.0,7.6,observed
2025-10-16 14:00:00,24.5,0.0,57.0,7.0,observed
2025-10-16 15:00:00,23.8,0.0,63.0,10.6,observed
2025-10-16 16:00:00,23.7,0.0,54.0,9.1,observed
2025-10-16 17:00:00,23.0,0.0,63.0,11.0,observed
2025-10-16 18:00:00,21.9,0.0,48.0,6.8,observed
2025-10-16 19:00:00,18.05,0.0,74.5,11.95,observed
2025-10-16 20:00:00,18.8,0.0,68.0,5.5,observed
2025-10-16 21:00:00,16.6,0.0,83.0,11.9,observed
2025-10-16 22:00:00,14.8,0.0,84.0,12.75,imputed_gap
2025-10-16 23:00:00,13.0,0.0,85.0,13.6,observed
2025-10-17 00:00:00,11.2,0.0,86.0,15.95,observed
2025-10-17 01:00:00,11.3,0.0,87.0,10.5,observed
2025-10-17 02:00:00,10.9,0.0,82.0,11.6,observed
2025-10-17 03:00:00,11.25,0.0,86.5,11.35,imputed_gap
2025-10-17 04:00:00,11.6,0.0,91.0,11.1,observed
2025-10-17 05:00:00,12.766666666666666,0.0,85.0,13.166666666666666,observed
2025-10-17 06:00:00,13.4,0.0,79.0,12.4,observed
2025-10-17 07:00:00,14.0,0.0,81.0,7.3,observed
2025-10-17 08:00:00,15.9,0.0,73.0,6.0,imputed_gap
2025-10-17 09:00:00,17.8,0.0,65.0,4.7,observed
2025-10-17 10:00:00,21.5,0.0,60.5,14.149999999999999,observed
2025-10-17 11:00:00,23.1,0.0,58.5,9.55,observed
2025-10-17 12:00:00,23.7,0.0,57.0,15.5,observed
2025-10-17 13:00:00,23.466666666666665,0.0,59.666666666666664,17.433333333333334,imputed_gap
2025-10-17 14:00:00,23.233333333333334,0.0,62.333333333333336,19.366666666666667,imputed_gap
2025-10-17 15:00:00,23.0,0.0,65.0,21.3,observed
2025-10-17 16:00:00,22.7,0.0,61.0,10.600000000000001,observed
2025-10-17 17:00:00,23.7,0.0,53.0,12.5,observed
2025-10-17 18:00:00,22.3,0.0,55.666666666666664,11.933333333333334,imputed_gap
2025-10-17 19:00:00,20.9,0.0,58.333333333333336,11.366666666666667,imputed_gap
2025-10-17 20:00:00,19.5,0.0,61.0,10.8,observed
2025-10-17 21:00:00,17.3,0.0,69.0,7.3,observed
2025-10-17 22:00:00,16.2,0.0,79.0,11.3,observed
2025-10-17 23:00:00,12.35,0.0,85.0,15.799999999999999,observed
2025-10-18 00:00:00,11.95,0.0,82.0,5.55,observed
2025-10-18 01:00:00,10.7,0.0,89.0,10.7,observed
2025-10-18 02:00:00,10.766666666666666,0.0,90.0,9.6,imputed_gap
2025-10-18 03:00:00,10.833333333333334,0.0,91.0,8.5,imputed_gap
2025-10-18 04:00:00,10.9,0.0,92.0,7.4,observed
2025-10-18 05:00:00,11.0,0.0,83.0,13.2,observed
2025-10-18 06:00:00,13.6,0.0,84.0,14.7,observed
2025-10-18 07:00:00,16.85,0.0,74.5,16.75,observed
2025-10-18 08:00:00,18.6,0.0,69.0,13.0,observed
2025-10-18 09:00:00,17.4,0.0,77.0,17.7,observed
2025-10-18 10:00:00,18.966666666666665,0.0,70.33333333333333,14.666666666666666,imputed_gap
2025-10-18 11:00:00,20.533333333333335,0.0,63.66666666666667,11.633333333333333,imputed_gap
2025-10-18 12:00:00,22.1,0.0,57.0,8.6,observed
2025-10-18 13:00:00,23.7,0.0,63.0,19.5,observed
2025-10-18 14:00:00,23.5,0.0,47.0,9.4,observed
2025-10-18 15:00:00,23.6,0.0,51.0,14.600000000000001,imputed_gap
2025-10-18 16:00:00,23.7,0.0,55.0,19.8,observed
2025-10-18 17:00:00,23.7,0.0,57.0,14.9,observed
2025-10-18 18:00:00,21.9,0.0,64.0,9.1,observed
2025-10-18 19:00:00,21.9,0.0,64.0,5.5,observed
2025-10-18 20:00:00,19.7,0.0,63.0,9.9,observed
2025-10-18 21:00:00,17.85,0.0,71.0,7.45,imputed_gap
2025-10-18 22:00:00,16.0,0.0,79.0,5.0,observed
2025-10-18 23:00:00,14.1,0.0,84.0,12.6,observed
2025-10-19 00:00:00,12.75,0.0,86.0,10.0,observed
2025-10-19 01:00:00,11.4,0.0,89.0,6.5,observed
2025-10-19 02:00:00,10.8,0.0,87.0,8.6,observed
2025-10-19 03:00:00,9.9,0.0,93.0,8.8,observed
2025-10-19 04:00:00,11.399999999999999,0.0,81.5,10.85,observed
2025-10-19 05:00:00,11.2,0.0,85.0,12.6,observed
2025-10-19 06:00:00,14.7,0.0,80.0,13.8,observed
2025-10-19 07:00:00,14.95,0.0,81.5,8.95,imputed_gap
2025-10-19 08:00:00,15.2,0.0,83.0,4.1,observed
2025-10-19 09:00:00,21.3,0.0,63.0,10.0,observed
2025-10-19 10:00:00,17.9,0.0,72.0,11.6,observed
2025-10-19 11:00:00,19.6,0.0,64.0,13.3,observed
2025-10-19 12:00:00,23.2,0.0,51.0,16.2,observed
2025-10-19 13:00:00,22.7,0.0,60.0,5.1,observed
2025-10-19 14:00:00,22.3,0.0,63.0,11.0,observed
2025-10-19 15:00:00,20.9,0.0,65.0,9.6,observed
2025-10-19 16:00:00,23.4,0.0,60.0,7.3,observed
2025-10-19 17:00:00,22.6,0.0,60.0,6.4,observed
2025-10-19 18:00:00,21.65,0.0,54.0,10.7,imputed_gap
2025-10-19 19:00:00,20.7,0.0,48.0,15.0,observed
2025-10-19 20:00:00,18.7,0.0,76.0,11.9,observed
2025-10-19 21:00:00,16.7,0.0,74.0,9.0,observed
2025-10-19 22:00:00,15.1,0.0,84.0,10.3,observed
2025-10-19 23:00:00,11.3,0.0,83.5,7.9,observed
2025-10-20 00:00:00,11.0,0.0,90.0,9.5,observed
2025-10-20 01:00:00,10.1,0.0,90.0,7.3,observed
2025-10-20 02:00:00,9.8,0.0,92.5,9.85,imputed_gap
2025-10-20 03:00:00,9.5,0.0,95.0,12.4,observed
2025-10-20 04:00:00,9.3,0.0,87.0,18.0,observed
2025-10-20 05:00:00,9.8,0.0,89.0,12.6,observed
2025-10-20 06:00:00,11.05,0.0,79.0,14.0,imputed_gap
2025-10-20 07:00:00,12.3,0.0,69.0,15.4,observed
2025-10-20 08:00:00,13.7,0.0,73.66666666666667,13.4,observed
2025-10-20 09:00:00,15.2,0.0,77.0,12.4,observed
2025-10-20 10:00:00,17.4,0.0,69.0,11.6,observed
2025-10-20 11:00:00,19.1,0.0,67.0,15.2,imputed_gap
2025-10-20 12:00:00,20.8,0.0,65.0,18.8,observed
2025-10-20 13:00:00,21.3,0.0,63.0,10.9,observed
2025-10-20 14:00:00,21.4,0.0,58.0,14.7,observed
2025-10-20 15:00:00,21.2,0.0,58.0,6.7,observed
2025-10-20 16:00:00,22.2,0.0,56.0,19.7,observed
2025-10-20 17:00:00,22.0,0.0,59.0,4.1,observed
2025-10-20 18:00:00,20.8,0.0,66.0,17.8,observed
2025-10-20 19:00:00,18.7,0.0,62.0,8.3,observed
2025-10-20 20:00:00,15.65,0.0,79.0,10.9,observed
2025-10-20 21:00:00,15.9,0.0,75.0,5.5,observed
2025-10-20 22:00:00,13.4,0.0,83.0,14.2,observed
2025-10-20 23:00:00,11.9,0.0,84.5,13.649999999999999,imputed_gap
2025-10-21 00:00:00,10.4,0.0,86.0,13.1,observed
2025-10-21 01:00:00,9.3,0.0,89.0,9.9,observed
2025-10-21 02:00:00,8.5,0.0,95.0,16.8,observed
2025-10-21 03:00:00,9.9,0.0,87.0,13.1,observed
2025-10-21 04:00:00,8.7,0.0,90.0,8.8,observed
2025-10-21 05:00:00,9.0,0.0,96.0,7.5,observed
2025-10-21 06:00:00,10.1,0.0,87.0,8.3,observed
2025-10-21 07:00:00,12.774999999999999,0.0,81.0,9.125,imputed_gap
2025-10-21 08:00:00,15.45,0.0,75.0,9.95,observed
2025-10-21 09:00:00,14.6,0.0,71.0,14.8,observed
2025-10-21 10:00:00,17.0,0.0,69.0,7.5,observed
2025-10-21 11:00:00,18.5,0.0,65.5,8.55,imputed_gap
2025-10-21 12:00:00,20.0,0.0,62.0,9.6,observed
2025-10-21 13:00:00,20.9,0.0,59.0,10.6,observed
2025-10-21 14:00:00,21.6,0.0,63.0,7.0,observed
2025-10-21 15:00:00,22.2,0.0,58.0,6.1,observed
2025-10-21 16:00:00,21.6,0.0,66.0,9.6,observed
2025-10-21 17:00:00,21.1,0.0,68.0,6.1,observed
2025-10-21 18:00:00,19.5,0.0,68.0,7.3,observed
2025-10-21 19:00:00,18.6,0.0,68.0,11.0,observed
2025-10-21 20:00:00,16.6,0.0,64.0,10.1,observed
2025-10-21 21:00:00,14.2,0.0,75.0,11.1,observed
2025-10-21 22:00:00,13.6,0.0,68.0,8.3,observed
2025-10-21 23:00:00,11.7,0.0,77.0,13.3,observed
2025-10-22 00:00:00,10.9,0.0,87.0,9.8,observed
2025-10-22 01:00:00,8.8,0.0,87.0,10.4,observed
2025-10-22 02:00:00,7.7,0.0,97.0,17.8,observed
2025-10-22 03:00:00,8.7,0.0,89.0,4.4,observed
2025-10-22 04:00:00,9.0,0.0,98.0,6.9,observed
2025-10-22 05:00:00,8.7,0.0,90.0,8.9,observed
2025-10-22 06:00:00,10.7,0.0,85.0,11.5,observed
2025-10-22 07:00:00,10.8,0.0,89.0,10.5,observed
2025-10-22 08:00:00,13.0,0.0,78.0,19.4,observed
2025-10-22 09:00:00,15.6,0.0,78.0,9.6,observed
2025-10-22 10:00:00,16.7,0.0,74.0,10.3,observed
2025-10-22 11:00:00,19.6,0.0,63.0,8.5,observed
2025-10-22 12:00:00,21.549999999999997,0.0,59.0,15.149999999999999,observed
2025-10-22 13:00:00,21.0,0.0,67.0,10.4,observed
2025-10-22 14:00:00,22.4,0.0,56.0,10.5,observed
2025-10-22 15:00:00,22.45,0.0,52.5,9.25,imputed_gap
2025-10-22 16:00:00,22.5,0.0,49.0,8.0,observed
2025-10-22 17:00:00,19.1,0.0,66.0,11.85,observed
2025-10-22 18:00:00,19.9,0.0,69.0,12.5,observed
2025-10-22 19:00:00,18.3,0.0,71.0,8.7,observed
2025-10-22 20:00:00,16.9,0.0,72.5,8.25,imputed_gap
2025-10-22 21:00:00,15.5,0.0,74.0,7.8,observed
2025-10-22 22:00:00,12.8,0.0,84.0,11.0,observed
2025-10-22 23:00:00,11.8,0.0,87.0,8.7,observed
2025-10-23 00:00:00,9.25,0.0,94.5,13.05,observed
2025-10-23 01:00:00,8.4,0.0,91.0,17.8,observed
2025-10-23 02:00:00,8.1,0.0,98.0,9.4,observed
2025-10-23 03:00:00,8.7,0.0,97.0,9.75,imputed_gap
2025-10-23 04:00:00,9.3,0.0,96.0,10.1,observed
2025-10-23 05:00:00,9.7,0.0,95.0,12.3,observed
2025-10-23 06:00:00,10.1,0.0,94.0,10.3,observed
2025-10-23 07:00:00,11.7,0.0,89.0,14.8,observed
2025-10-23 08:00:00,15.15,0.0,81.0,9.25,observed
2025-10-23 09:00:00,14.9,0.0,75.0,10.8,observed
2025-10-23 10:00:00,17.3,0.0,70.0,8.7,observed
2025-10-23 11:00:00,18.450000000000003,0.0,67.0,8.1,imputed_gap
2025-10-23 12:00:00,19.6,0.0,64.0,7.5,observed
2025-10-23 13:00:00,21.75,0.0,64.0,6.050000000000001,observed
2025-10-23 14:00:00,21.6,0.0,65.0,9.4,observed
2025-10-23 15:00:00,20.0,0.0,64.5,10.05,observed
2025-10-23 16:00:00,20.35,0.0,64.75,10.275,imputed_gap
2025-10-23 17:00:00,20.7,0.0,65.0,10.5,observed
2025-10-23 18:00:00,19.35,0.0,72.0,8.85,imputed_gap
2025-10-23 19:00:00,18.0,0.0,79.0,7.2,observed
2025-10-23 20:00:00,16.8,0.0,78.0,10.4,observed
2025-10-23 21:00:00,13.55,0.0,79.5,8.7,observed
2025-10-23 22:00:00,13.0,0.0,81.0,12.2,observed
2025-10-23 23:00:00,11.7,0.0,83.0,5.8,observed
2025-10-24 00:00:00,11.399999999999999,0.0,87.5,10.149999999999999,imputed_gap
2025-10-24 01:00:00,11.1,0.0,92.0,14.5,observed
2025-10-24 02:00:00,9.9,0.0,93.0,14.0,observed
2025-10-24 03:00:00,9.9,0.0,86.0,11.2,observed
2025-10-24 04:00:00,10.5,0.0,87.0,18.2,observed
2025-10-24 05:00:00,10.8,0.0,87.0,7.7,observed
2025-10-24 06:00:00,12.7,0.0,84.5,9.8,observed
2025-10-24 07:00:00,13.3,0.0,82.0,13.9,observed
2025-10-24 08:00:00,14.7,0.0,82.0,14.0,observed
2025-10-24 09:00:00,16.35,0.0,71.0,11.1,observed
2025-10-24 10:00:00,18.0,0.0,80.0,5.2,observed
2025-10-24 11:00:00,19.8,0.0,71.0,6.2,observed
2025-10-24 12:00:00,20.4,0.0,75.0,8.9,observed
2025-10-24 13:00:00,23.0,0.0,57.0,10.8,observed
2025-10-24 14:00:00,23.0,0.0,52.0,7.6,observed
2025-10-24 15:00:00,23.8,0.0,46.0,14.5,observed
2025-10-24 16:00:00,22.8,0.0,56.0,10.1,observed
2025-10-24 17:00:00,21.6,0.0,63.0,9.6,observed
2025-10-24 18:00:00,21.2,0.0,53.0,8.4,observed
2025-10-24 19:00:00,19.4,0.0,70.0,5.9,observed
2025-10-24 20:00:00,18.6,0.0,69.0,21.3,observed
2025-10-24 21:00:00,17.0,0.0,78.0,18.8,observed
2025-10-24 22:00:00,14.5,0.0,87.0,4.4,observed
2025-10-24 23:00:00,12.8,0.0,85.0,14.7,observed
2025-10-25 00:00:00,12.8,0.0,79.0,15.4,observed
2025-10-25 01:00:00,11.0,0.0,80.0,9.7,observed
2025-10-25 02:00:00,10.5,0.0,95.0,7.1,observed
2025-10-25 03:00:00,9.9,0.0,83.0,13.4,observed
2025-10-25 04:00:00,10.0,0.0,94.0,7.5,observed
2025-10-25 05:00:00,11.3,0.0,85.0,13.5,observed
2025-10-25 06:00:00,12.7,0.0,83.0,11.1,observed
2025-10-25 07:00:00,13.2,0.0,81.0,17.9,observed
2025-10-25 08:00:00,14.7,0.0,83.0,3.9,observed
2025-10-25 09:00:00,16.6,0.0,70.0,5.2,observed
2025-10-25 10:00:00,18.6,0.0,73.0,6.9,observed
2025-10-25 11:00:00,19.6,0.0,67.0,7.6,observed
2025-10-25 12:00:00,21.0,0.0,61.0,11.4,observed
2025-10-25 13:00:00,22.6,0.0,57.0,7.1,observed
2025-10-25 14:00:00,23.3,0.0,66.0,17.3,observed
2025-10-25 15:00:00,23.6,0.0,49.0,12.3,observed
2025-10-25 16:00:00,23.4,0.0,45.0,12.1,observed
2025-10-25 17:00:00,22.6,0.0,53.0,7.1,observed
2025-10-25 18:00:00,21.4,0.0,69.0,11.7,observed
2025-10-25 19:00:00,20.4,0.0,64.0,16.6,observed
2025-10-25 20:00:00,18.6,0.0,66.0,5.9,observed
2025-10-25 21:00:00,17.2,0.0,71.0,4.5,observed
2025-10-25 22:00:00,15.7,0.0,78.0,5.4,observed
2025-10-25 23:00:00,13.8,0.0,77.0,9.0,observed
2025-10-26 00:00:00,10.6,0.0,90.0,12.7,observed
2025-10-26 01:00:00,9.1,0.0,88.0,12.7,observed
2025-10-26 02:00:00,9.3,0.0,89.0,5.4,observed
2025-10-26 03:00:00,8.4,0.0,91.0,15.6,observed
2025-10-26 04:00:00,8.4,0.0,95.0,3.8,observed
2025-10-26 05:00:00,10.75,0.0,87.75,5.975,imputed_gap
2025-10-26 06:00:00,13.1,0.0,80.5,8.15,observed
2025-10-26 07:00:00,13.35,0.0,86.0,10.2,observed
2025-10-26 08:00:00,13.6,0.0,84.0,17.4,observed
2025-10-26 09:00:00,16.325,0.0,73.75,13.549999999999999,imputed_gap
2025-10-26 10:00:00,19.05,0.0,63.5,9.7,observed
2025-10-26 11:00:00,18.7,0.0,61.0,12.8,observed
2025-10-26 12:00:00,20.8,0.0,54.0,8.0,observed
2025-10-26 13:00:00,21.4,0.0,58.0,7.3,imputed_gap
2025-10-26 14:00:00,22.0,0.0,62.0,6.6,observed
2025-10-26 15:00:00,20.95,0.0,64.5,12.75,observed
2025-10-26 16:00:00,22.1,0.0,60.0,8.2,observed
2025-10-26 17:00:00,21.7,0.0,62.0,9.2,observed
2025-10-26 18:00:00,20.4,0.0,59.5,7.6,imputed_gap
2025-10-26 19:00:00,19.1,0.0,57.0,6.0,observed
2025-10-26 20:00:00,16.9,0.0,75.0,20.3,observed
2025-10-26 21:00:00,14.8,0.0,75.0,10.9,observed
2025-10-26 22:00:00,12.55,0.0,85.0,7.25,observed
2025-10-26 23:00:00,11.6,0.0,74.0,6.0,observed
2025-10-27 00:00:00,11.5,0.0,90.0,6.4,observed
2025-10-27 01:00:00,10.65,0.0,94.0,6.75,imputed_gap
2025-10-27 02:00:00,9.8,0.0,98.0,7.1,observed
2025-10-27 03:00:00,10.1,0.0,80.0,8.9,observed
2025-10-27 04:00:00,8.3,0.0,87.0,5.3,observed
2025-10-27 05:00:00,10.5,0.0,84.0,5.2,observed
2025-10-27 06:00:00,11.8,0.0,86.0,12.3,observed
2025-10-27 07:00:00,13.9,0.0,72.0,4.9,observed
2025-10-27 08:00:00,14.7,0.0,72.0,15.1,observed
2025-10-27 09:00:00,18.5,0.0,67.0,9.4,observed
2025-10-27 10:00:00,17.9,0.0,70.0,10.6,observed
2025-10-27 11:00:00,20.1,0.0,73.0,9.7,observed
2025-10-27 12:00:00,21.25,0.0,65.0,7.25,imputed_gap
2025-10-27 13:00:00,22.4,0.0,57.0,4.8,observed
2025-10-27 14:00:00,22.9,0.0,55.0,11.2,observed
2025-10-27 15:00:00,22.15,0.0,56.5,10.0,observed
2025-10-27 16:00:00,23.1,0.0,69.0,10.2,observed
2025-10-27 17:00:00,22.8,0.0,53.0,13.5,observed
2025-10-27 18:00:00,21.200000000000003,0.0,55.5,16.25,imputed_gap
2025-10-27 19:00:00,19.6,0.0,58.0,19.0,observed
2025-10-27 20:00:00,17.8,0.0,63.0,12.0,observed
2025-10-27 21:00:00,15.9,0.0,67.0,12.3,observed
2025-10-27 22:00:00,14.3,0.0,84.0,10.6,observed
2025-10-27 23:00:00,12.7,0.0,81.0,8.8,observed
2025-10-28 00:00:00,12.7,0.0,85.5,21.4,observed
2025-10-28 01:00:00,10.3,0.0,90.0,5.8,observed
2025-10-28 02:00:00,10.7,0.0,89.0,11.5,observed
2025-10-28 03:00:00,9.5,0.0,89.0,9.5,observed
2025-10-28 04:00:00,10.0,0.0,88.0,10.2,observed
2025-10-28 05:00:00,11.2,0.0,82.0,14.0,observed
2025-10-28 06:00:00,12.8,0.0,87.0,7.4,observed
2025-10-28 07:00:00,13.1,0.0,81.0,11.3,observed
2025-10-28 08:00:00,14.4,0.0,76.0,12.0,observed
2025-10-28 09:00:00,17.5,0.0,74.0,14.1,observed
2025-10-28 10:00:00,17.8,0.0,72.0,13.3,observed
2025-10-28 11:00:00,19.9,0.0,62.5,11.850000000000001,imputed_gap
2025-10-28 12:00:00,22.0,0.0,53.0,10.4,observed
2025-10-28 13:00:00,19.6,4.8,75.0,13.3,observed
2025-10-28 14:00:00,20.0,12.1,87.0,21.7,observed
2025-10-28 15:00:00,21.1,3.25,74.5,7.45,observed
2025-10-28 16:00:00,21.6,1.2,74.0,8.2,observed
2025-10-28 17:00:00,23.5,0.0,63.0,5.2,observed
2025-10-28 18:00:00,15.7,0.0,67.0,8.1,observed
2025-10-28 19:00:00,20.5,0.3,66.0,17.0,observed
2025-10-28 20:00:00,19.2,0.0,64.0,5.4,observed
2025-10-28 21:00:00,17.4,0.0,69.5,5.75,imputed_gap
2025-10-28 22:00:00,15.6,0.0,75.0,6.1,observed
2025-10-28 23:00:00,13.4,0.0,80.0,9.2,observed
2025-10-29 00:00:00,11.95,0.0,86.0,18.1,observed
2025-10-29 01:00:00,10.5,0.0,91.0,10.5,observed
2025-10-29 02:00:00,9.8,0.0,86.0,17.5,observed
2025-10-29 03:00:00,10.850000000000001,0.0,92.5,11.85,observed
2025-10-29 04:00:00,9.9,0.0,88.0,11.6,observed
2025-10-29 05:00:00,11.5,0.0,90.0,10.2,observed
2025-10-29 06:00:00,12.8,0.0,84.0,11.85,imputed_gap
2025-10-29 07:00:00,14.1,0.0,78.0,13.5,observed
2025-10-29 08:00:00,15.2,0.0,75.0,6.1,observed
2025-10-29 09:00:00,17.0,0.0,80.0,12.5,observed
2025-10-29 10:00:00,21.55,0.0,60.5,13.9,observed
2025-10-29 11:00:00,20.1,0.0,69.0,6.5,observed
2025-10-29 12:00:00,21.1,0.0,67.0,7.6,observed
2025-10-29 13:00:00,22.4,0.0,60.0,6.199999999999999,imputed_gap
2025-10-29 14:00:00,23.7,0.0,53.0,4.8,observed
2025-10-29 15:00:00,23.6,0.0,48.0,15.3,observed
2025-10-29 16:00:00,21.5,4.6,84.0,8.8,observed
2025-10-29 17:00:00,21.2,1.0,74.0,14.6,observed
2025-10-29 18:00:00,19.6,3.5,87.0,5.9,observed
2025-10-29 19:00:00,20.0,0.0,69.0,11.8,observed
2025-10-29 20:00:00,15.149999999999999,1.15,87.0,10.45,observed
2025-10-29 21:00:00,17.2,0.0,75.0,12.9,observed
2025-10-29 22:00:00,15.4,0.0,75.0,10.1,observed
2025-10-29 23:00:00,13.850000000000001,0.0,77.5,10.5,imputed_gap
2025-10-30 00:00:00,12.3,0.0,80.0,10.9,observed
2025-10-30 01:00:00,11.6,0.0,81.0,15.3,observed
2025-10-30 02:00:00,11.2,0.0,89.0,7.4,observed
2025-10-30 03:00:00,11.0,0.0,81.0,6.4,observed
2025-10-30 04:00:00,12.75,0.0,91.5,5.65,observed
2025-10-30 05:00:00,11.5,0.0,79.0,15.2,observed
2025-10-30 06:00:00,12.0,0.0,97.0,9.8,observed
2025-10-30 07:00:00,13.7,0.0,86.0,11.0,imputed_gap
2025-10-30 08:00:00,15.4,0.0,75.0,12.2,observed
2025-10-30 09:00:00,19.35,0.0,65.5,10.25,observed
2025-10-30 10:00:00,19.1,0.0,68.0,13.2,observed
2025-10-30 11:00:00,21.9,0.0,53.0,12.9,observed
2025-10-30 12:00:00,22.849999999999998,0.0,54.0,10.975000000000001,imputed_gap
2025-10-30 13:00:00,23.799999999999997,0.0,55.0,9.05,observed
2025-10-30 14:00:00,24.6,0.0,49.0,7.1,observed
2025-10-30 15:00:00,23.1875,0.0,53.375,8.0375,imputed_gap
2025-10-30 16:00:00,21.775,0.0,57.75,8.975,imputed_gap
2025-10-30 17:00:00,20.3625,0.0,62.125,9.9125,imputed_gap
2025-10-30 18:00:00,18.95,0.0,66.5,10.85,observed
2025-10-30 19:00:00,21.0,0.0,66.0,12.6,observed
2025-10-30 20:00:00,18.6,0.0,68.0,10.4,observed
2025-10-30 21:00:00,17.1,0.0,71.0,8.25,imputed_gap
2025-10-30 22:00:00,15.6,0.0,74.0,6.1,observed
2025-10-30 23:00:00,14.2,0.0,81.0,8.9,observed
2025-10-31 00:00:00,12.9,0.0,81.0,5.7,observed
2025-10-31 01:00:00,12.0,0.0,84.0,10.3,observed
2025-10-31 02:00:00,11.5,0.0,91.0,20.2,observed
2025-10-31 03:00:00,10.9,0.0,91.0,8.6,observed
2025-10-31 04:00:00,10.4,0.0,90.0,12.1,observed
2025-10-31 05:00:00,12.4,0.0,84.0,15.2,observed
2025-10-31 06:00:00,13.7,0.0,79.0,3.8,observed
2025-10-31 07:00:00,15.1,0.0,73.0,6.5,observed
2025-10-31 08:00:00,16.3,0.0,78.0,10.0,observed
2025-10-31 09:00:00,16.8,0.0,69.0,6.4,observed
2025-10-31 10:00:00,20.3,0.0,67.0,7.6,observed
2025-10-31 11:00:00,23.200000000000003,0.0,59.0,13.700000000000001,observed
2025-10-31 12:00:00,22.6,0.0,60.0,10.4,observed
2025-10-31 13:00:00,23.5,0.0,49.0,11.2,observed
2025-10-31 14:00:00,23.85,0.0,50.0,14.5,imputed_gap
2025-10-31 15:00:00,24.2,0.0,51.0,17.8,observed
2025-10-31 16:00:00,24.1,0.0,56.0,23.8,observed
2025-10-31 17:00:00,23.5,0.0,54.0,12.8,observed
2025-10-31 18:00:00,20.2,0.0,65.0,11.149999999999999,observed
2025-10-31 19:00:00,21.8,0.0,67.0,5.5,observed
2025-10-31 20:00:00,19.1,0.0,67.0,5.3,observed
2025-10-31 21:00:00,16.375,0.0,75.0,7.85,imputed_gap
2025-10-31 22:00:00,13.649999999999999,0.0,83.0,10.4,observed
2025-10-31 23:00:00,14.5,0.0,85.0,10.0,observed
2025-11-01 00:00:00,14.2,0.0,85.0,5.7,forecast
2025-11-01 01:00:00,12.7,0.0,82.66666666666667,7.55,imputed_gap
2025-11-01 02:00:00,11.2,0.0,80.33333333333333,9.4,forecast
2025-11-01 03:00:00,10.4,0.0,78.0,9.8,forecast
2025-11-01 04:00:00,11.5,0.0,83.0,13.4,forecast
2025-11-01 05:00:00,12.2,0.0,87.0,7.0,forecast
2025-11-01 06:00:00,13.2,0.0,84.0,7.8,forecast
2025-11-01 07:00:00,15.1,0.0,67.0,13.3,forecast
2025-11-01 08:00:00,18.6,0.0,69.0,11.3,forecast
2025-11-01 09:00:00,17.8,0.0,69.0,7.8,forecast
2025-11-01 10:00:00,19.3,0.0,67.0,7.2,forecast
2025-11-01 11:00:00,21.1,0.0,61.5,6.65,imputed_gap
2025-11-01 12:00:00,22.9,0.0,56.0,6.1,forecast
2025-11-01 13:00:00,21.8,0.0,48.0,17.9,forecast
2025-11-01 14:00:00,24.15,0.0,57.0,7.7,forecast
2025-11-01 15:00:00,23.9,0.0,56.0,6.4,forecast
2025-11-01 16:00:00,23.5,0.0,53.5,12.850000000000001,forecast
2025-11-01 17:00:00,20.1,0.0,64.0,10.9,forecast
2025-11-01 18:00:00,22.4,0.0,65.0,9.3,forecast
2025-11-01 19:00:00,20.599999999999998,0.0,65.0,10.5,imputed_gap
2025-11-01 20:00:00,18.8,0.0,65.0,11.700000000000001,imputed_gap
2025-11-01 21:00:00,17.0,0.0,65.0,12.9,forecast
2025-11-01 22:00:00,13.2,0.0,78.5,7.4,forecast
2025-11-01 23:00:00,14.6,0.0,80.0,14.1,forecast
2025-11-02 00:00:00,13.1,0.0,84.0,14.9,forecast
2025-11-02 01:00:00,11.7,0.0,94.0,10.4,forecast
2025-11-02 02:00:00,10.7,0.0,82.0,16.2,forecast
2025-11-02 03:00:00,11.95,0.0,77.0,12.3,forecast
2025-11-02 04:00:00,12.975,0.0,77.5,14.425,imputed_gap
2025-11-02 05:00:00,14.0,0.0,78.0,16.55,forecast
2025-11-02 06:00:00,15.0,0.0,80.5,12.825,imputed_gap
2025-11-02 07:00:00,16.0,0.0,83.0,9.1,forecast
2025-11-02 08:00:00,17.25,0.1,75.0,10.149999999999999,imputed_gap
2025-11-02 09:00:00,18.5,0.2,67.0,11.2,forecast
2025-11-02 10:00:00,20.1,0.0,65.0,13.7,forecast
2025-11-02 11:00:00,21.5,0.0,60.0,15.3,forecast
2025-11-02 12:00:00,23.5,0.3,53.0,5.6,forecast
2025-11-02 13:00:00,23.675,3.4,58.25,5.05,imputed_gap
2025-11-02 14:00:00,23.85,6.5,63.5,4.5,forecast
2025-11-02 15:00:00,24.3,0.6,69.0,15.0,forecast
2025-11-02 16:00:00,24.9,0.0,56.0,6.9,forecast
2025-11-02 17:00:00,24.299999999999997,0.0,56.5,9.45,imputed_gap
2025-11-02 18:00:00,23.7,0.0,57.0,12.0,forecast
2025-11-02 19:00:00,18.3,0.0,66.0,11.05,forecast
2025-11-02 20:00:00,18.9,0.0,62.0,20.8,forecast
2025-11-02 21:00:00,18.3,0.0,64.0,6.8,forecast
2025-11-02 22:00:00,17.0,0.0,69.5,7.85,imputed_gap
2025-11-02 23:00:00,15.7,0.0,75.0,8.9,forecast
2025-11-03 00:00:00,13.8,0.0,80.0,15.5,forecast
2025-11-03 01:00:00,12.15,0.0,85.0,7.45,forecast
2025-11-03 02:00:00,12.9,0.0,78.0,7.0,forecast
2025-11-03 03:00:00,14.3,0.0,85.0,14.8,forecast
2025-11-03 04:00:00,13.55,0.0,84.5,11.3,imputed_gap
2025-11-03 05:00:00,12.8,0.0,84.0,7.8,forecast
2025-11-03 06:00:00,14.2,0.0,82.0,13.7,forecast
2025-11-03 07:00:00,15.2,0.0,65.0,10.3,forecast
2025-11-03 08:00:00,17.95,0.0,68.0,11.399999999999999,forecast
2025-11-03 09:00:00,19.9,0.0,71.0,12.8,forecast
2025-11-03 10:00:00,18.0,0.0,64.0,17.1,forecast
2025-11-03 11:00:00,20.4,0.0,61.0,12.15,imputed_gap
2025-11-03 12:00:00,22.8,0.0,58.0,7.2,forecast
2025-11-03 13:00:00,25.05,0.0,52.5,14.05,forecast
2025-11-03 14:00:00,24.8,0.0,46.0,13.3,forecast
2025-11-03 15:00:00,25.6,0.0,41.0,11.9,forecast
2025-11-03 16:00:00,21.6,0.0,63.0,7.9,forecast
2025-11-03 17:00:00,24.0,0.0,55.0,11.0,forecast
2025-11-03 18:00:00,24.4,0.0,61.0,8.3,forecast
2025-11-03 19:00:00,20.575,0.0,67.25,7.525,imputed_gap
2025-11-03 20:00:00,16.75,0.0,73.5,6.75,forecast
2025-11-03 21:00:00,19.9,0.0,61.0,6.6,forecast
2025-11-03 22:00:00,18.3,0.0,66.0,10.8,forecast
2025-11-03 23:00:00,15.25,0.0,73.25,12.850000000000001,imputed_gap
2025-11-04 00:00:00,12.2,0.0,80.5,14.9,forecast
2025-11-04 01:00:00,13.2,0.0,69.0,9.0,forecast
2025-11-04 02:00:00,11.8,0.0,78.0,10.9,forecast
2025-11-04 03:00:00,11.5,0.15,81.5,9.2,imputed_gap
2025-11-04 04:00:00,11.2,0.3,85.0,7.5,forecast
2025-11-04 05:00:00,13.2,0.0,86.0,8.4,forecast
2025-11-04 06:00:00,14.0,0.0,81.0,10.9,forecast
2025-11-04 07:00:00,18.1,0.0,74.5,11.2,forecast
2025-11-04 08:00:00,16.9,0.0,71.0,16.3,forecast
2025-11-04 09:00:00,18.5,0.0,64.0,13.7,forecast
2025-11-04 10:00:00,20.25,0.0,62.5,10.149999999999999,imputed_gap
2025-11-04 11:00:00,22.0,0.0,61.0,6.6,forecast
2025-11-04 12:00:00,23.7,0.0,63.0,12.5,forecast
2025-11-04 13:00:00,23.6,0.3,54.0,14.0,forecast
2025-11-04 14:00:00,26.3,0.0,45.0,6.6,forecast
2025-11-04 15:00:00,24.049999999999997,0.0,48.0,10.7,forecast
2025-11-04 16:00:00,25.5,0.3,42.0,8.6,forecast
2025-11-04 17:00:00,24.1,0.0,54.0,12.8,forecast
2025-11-04 18:00:00,22.325,0.0,61.5,14.05,imputed_gap
2025-11-04 19:00:00,20.55,0.0,69.0,15.3,forecast
2025-11-04 20:00:00,21.1,0.0,69.0,7.7,forecast
2025-11-04 21:00:00,18.6,0.0,70.0,15.3,forecast
2025-11-04 22:00:00,17.75,0.0,70.0,10.65,imputed_gap
2025-11-04 23:00:00,16.9,0.0,70.0,6.0,forecast
2025-11-05 00:00:00,13.8,0.0,80.0,9.9,forecast
2025-11-05 01:00:00,12.6,0.0,78.0,5.0,forecast
2025-11-05 02:00:00,11.2,0.0,77.0,25.5,forecast
2025-11-05 03:00:00,12.3,0.0,83.0,12.9,forecast
2025-11-05 04:00:00,12.9,0.0,80.0,8.5,forecast
2025-11-05 05:00:00,13.0,0.0,86.0,13.5,forecast
2025-11-05 06:00:00,13.9,0.0,75.0,9.9,forecast
2025-11-05 07:00:00,15.7,0.0,86.0,7.4,forecast
2025-11-05 08:00:00,19.55,0.0,68.5,8.0,forecast
2025-11-05 09:00:00,19.3,0.0,61.0,12.6,forecast
2025-11-05 10:00:00,20.7,0.0,61.0,11.2,forecast
2025-11-05 11:00:00,25.2,0.0,53.0,8.3,forecast
2025-11-05 12:00:00,23.8,0.0,58.0,15.0,forecast
2025-11-05 13:00:00,22.9,0.0,56.0,7.5,forecast
2025-11-05 14:00:00,23.5,0.0,50.5,13.75,imputed_gap
2025-11-05 15:00:00,24.1,0.0,45.0,20.0,forecast
2025-11-05 16:00:00,25.4,0.0,56.0,5.1,forecast
2025-11-05 17:00:00,24.9,0.0,49.0,8.3,forecast
2025-11-05 18:00:00,20.3,0.0,66.5,9.4,forecast
2025-11-05 19:00:00,20.8,0.0,55.0,12.0,forecast
2025-11-05 20:00:00,17.9,0.0,54.0,10.9,forecast
2025-11-05 21:00:00,17.0,0.0,59.5,10.5,imputed_gap
2025-11-05 22:00:00,16.1,0.0,65.0,10.1,forecast
2025-11-05 23:00:00,14.7,0.0,70.0,8.1,forecast
2025-11-06 00:00:00,11.3,0.05,87.0,11.75,forecast
2025-11-06 01:00:00,10.5,0.0,85.0,10.5,forecast
2025-11-06 02:00:00,9.8,0.0,91.0,11.0,forecast
2025-11-06 03:00:00,10.6,0.0,85.33333333333333,10.0,imputed_gap
2025-11-06 04:00:00,11.4,0.0,79.66666666666667,9.0,imputed_gap
2025-11-06 05:00:00,12.2,0.0,74.0,8.0,forecast
2025-11-06 06:00:00,13.0,0.0,82.0,12.5,forecast
2025-11-06 07:00:00,14.3,0.0,71.0,13.1,forecast
2025-11-06 08:00:00,17.7,0.0,69.0,15.0,forecast
2025-11-06 09:00:00,18.8,0.0,65.0,7.3,forecast
2025-11-06 10:00:00,19.3,0.0,69.0,6.9,forecast
2025-11-06 11:00:00,19.4,0.0,57.0,8.3,forecast
2025-11-06 12:00:00,23.7,0.0,55.0,12.4,forecast
2025-11-06 13:00:00,23.2,0.0,58.0,7.7,forecast
2025-11-06 14:00:00,25.1,0.0,51.0,6.2,forecast
2025-11-06 15:00:00,25.4,0.0,50.0,9.2,imputed_gap
2025-11-06 16:00:00,25.7,0.0,49.0,12.2,forecast
2025-11-06 17:00:00,22.1,0.0,65.0,8.6,forecast
2025-11-06 18:00:00,21.1,0.0,59.0,16.7,forecast
2025-11-06 19:00:00,20.6,0.0,64.0,9.3,forecast
2025-11-06 20:00:00,19.2,0.0,66.0,14.1,forecast
2025-11-06 21:00:00,15.9,0.0,65.0,7.8,forecast
2025-11-06 22:00:00,14.15,0.0,80.5,9.6,forecast
2025-11-06 23:00:00,15.8,0.0,76.0,12.3,forecast
2025-11-07 00:00:00,12.4,0.0,86.0,4.7,forecast
2025-11-07 01:00:00,12.15,0.0,89.0,5.550000000000001,imputed_gap
2025-11-07 02:00:00,11.9,0.0,92.0,6.4,forecast
2025-11-07 03:00:00,10.7,0.0,87.0,11.2,forecast
2025-11-07 04:00:00,10.1,0.0,84.0,6.8,forecast
2025-11-07 05:00:00,13.5,0.0,77.0,13.1,forecast
2025-11-07 06:00:00,14.0,0.0,75.0,8.5,forecast
2025-11-07 07:00:00,13.9,0.0,87.0,13.4,forecast
2025-11-07 08:00:00,15.3,1.2,74.0,12.2,forecast
2025-11-07 09:00:00,19.4,0.0,66.5,8.5,forecast
2025-11-07 10:00:00,19.4,0.0,59.0,4.9,forecast
2025-11-07 11:00:00,20.3,0.0,71.0,9.9,forecast
2025-11-07 12:00:00,21.5,0.0,57.0,11.8,forecast
2025-11-07 13:00:00,23.1,0.0,50.0,18.1,forecast
2025-11-07 14:00:00,23.2,0.0,44.0,13.3,forecast
2025-11-07 15:00:00,24.9,0.0,58.0,7.4,forecast
2025-11-07 16:00:00,25.7,0.0,52.0,11.2,forecast
2025-11-07 17:00:00,23.4,0.0,64.0,14.9,forecast
2025-11-07 18:00:00,22.1,0.0,65.0,13.0,forecast
2025-11-07 19:00:00,20.2,0.0,67.0,11.6,forecast
2025-11-07 20:00:00,21.5,0.0,63.0,26.2,forecast
2025-11-07 21:00:00,17.0,0.0,69.0,7.2,forecast
2025-11-07 22:00:00,16.0,0.0,81.0,19.3,forecast
2025-11-07 23:00:00,12.8,0.0,77.0,10.2,forecast
2025-11-08 00:00:00,12.9,0.0,79.0,10.5,forecast
2025-11-08 01:00:00,12.3,0.0,84.0,15.4,forecast
2025-11-08 02:00:00,11.6,0.0,83.0,5.4,forecast
2025-11-08 03:00:00,10.5,0.0,95.0,13.8,forecast
2025-11-08 04:00:00,9.8,0.0,84.0,7.3,forecast
2025-11-08 05:00:00,11.1,0.0,85.0,18.7,forecast
2025-11-08 06:00:00,12.5,0.0,77.0,19.2,forecast
2025-11-08 07:00:00,13.3,0.0,71.0,9.1,forecast
2025-11-08 08:00:00,14.5,0.0,73.0,7.0,forecast
2025-11-08 09:00:00,19.1,0.0,63.0,13.4,forecast
2025-11-08 10:00:00,19.3,0.0,66.0,6.4,forecast
2025-11-08 11:00:00,22.0,0.0,60.5,8.1,forecast
2025-11-08 12:00:00,22.85,0.0,62.5,13.05,forecast
2025-11-08 13:00:00,24.0,0.0,58.0,6.3,forecast
2025-11-08 14:00:00,23.45,0.0,57.0,10.850000000000001,imputed_gap
2025-11-08 15:00:00,22.9,0.0,56.0,15.4,forecast
2025-11-08 16:00:00,23.4,0.0,59.0,8.4,forecast
2025-11-08 17:00:00,23.2,0.0,56.0,7.7,forecast
2025-11-08 18:00:00,22.066666666666666,0.0,60.666666666666664,9.333333333333334,imputed_gap
2025-11-08 19:00:00,20.933333333333334,0.0,65.33333333333333,10.966666666666667,imputed_gap
2025-11-08 20:00:00,19.8,0.0,70.0,12.6,forecast
2025-11-08 21:00:00,17.7,0.0,73.0,8.6,forecast
2025-11-08 22:00:00,15.2,0.0,75.0,9.0,forecast
2025-11-08 23:00:00,14.2,0.0,81.0,3.8,forecast
2025-11-09 00:00:00,11.3,0.0,83.0,11.4,forecast
2025-11-09 01:00:00,9.3,0.0,89.0,8.3,forecast
2025-11-09 02:00:00,9.1,0.0,91.0,13.7,forecast
2025-11-09 03:00:00,9.3,0.0,92.0,12.9,forecast
2025-11-09 04:00:00,9.3,0.0,88.0,9.5,forecast
2025-11-09 05:00:00,9.5,0.0,97.0,17.2,forecast
2025-11-09 06:00:00,10.85,0.0,86.5,10.45,imputed_gap
2025-11-09 07:00:00,12.2,0.0,76.0,3.7,forecast
2025-11-09 08:00:00,15.2,0.0,77.0,6.7,forecast
2025-11-09 09:00:00,16.1,0.0,78.0,12.7,forecast
2025-11-09 10:00:00,18.3,0.0,63.0,11.6,forecast
2025-11-09 11:00:00,19.9,0.0,64.0,12.1,forecast
2025-11-09 12:00:00,19.0,0.0,63.0,12.1,forecast
2025-11-09 13:00:00,21.4,0.0,53.0,10.2,forecast
2025-11-09 14:00:00,23.0,0.0,56.0,8.6,forecast
2025-11-09 15:00:00,22.549999999999997,0.0,65.5,12.15,forecast
2025-11-09 16:00:00,20.6,0.0,62.0,8.2,forecast
2025-11-09 17:00:00,20.8,0.0,59.0,22.5,forecast
2025-11-09 18:00:00,20.6,0.0,61.5,16.55,imputed_gap
2025-11-09 19:00:00,20.4,0.0,64.0,10.6,forecast
2025-11-09 20:00:00,15.6,0.0,73.0,7.2,forecast
2025-11-09 21:00:00,17.4,0.0,79.0,13.2,forecast
2025-11-09 22:00:00,15.9,0.0,82.0,12.5,forecast
2025-11-09 23:00:00,14.7,0.0,85.0,15.0,forecast
2025-11-10 00:00:00,10.3,0.0,90.0,11.9,forecast
2025-11-10 01:00:00,7.8,2.1,94.0,7.5,forecast
2025-11-10 02:00:00,8.8,0.0,90.0,13.7,forecast
2025-11-10 03:00:00,8.8,0.0,91.5,7.0,forecast
2025-11-10 04:00:00,10.15,0.0,93.0,11.9,forecast
2025-11-10 05:00:00,9.7,0.0,79.0,10.1,forecast
2025-11-10 06:00:00,8.0,0.0,91.0,3.1,forecast
2025-11-10 07:00:00,9.95,0.0,87.5,4.85,imputed_gap
2025-11-10 08:00:00,11.9,0.0,84.0,6.6,forecast
2025-11-10 09:00:00,15.4,0.0,80.0,14.4,forecast
2025-11-10 10:00:00,16.1,0.0,76.0,8.3,forecast
2025-11-10 11:00:00,17.9,0.0,73.0,9.3,forecast
2025-11-10 12:00:00,20.8,0.0,61.0,14.6,forecast
2025-11-10 13:00:00,21.0,0.0,58.0,5.7,forecast
2025-11-10 14:00:00,19.7,0.0,65.0,12.9,forecast
2025-11-10 15:00:00,21.9,0.0,63.0,17.5,forecast
2025-11-10 16:00:00,21.4,0.0,57.0,11.8,forecast
2025-11-10 17:00:00,20.3,0.0,60.0,6.1,forecast
2025-11-10 18:00:00,17.15,0.0,67.0,7.05,forecast
2025-11-10 19:00:00,17.2,0.0,71.0,26.7,forecast
2025-11-10 20:00:00,15.299999999999999,0.0,79.5,10.1,forecast
2025-11-10 21:00:00,14.55,0.0,71.75,11.1,imputed_gap
2025-11-10 22:00:00,13.8,0.0,64.0,12.1,forecast
2025-11-10 23:00:00,11.45,0.0,76.0,10.35,imputed_gap
2025-11-11 00:00:00,9.1,0.0,88.0,8.6,forecast
2025-11-11 01:00:00,8.3,0.0,82.0,11.6,forecast
2025-11-11 02:00:00,8.5,0.0,96.0,8.6,forecast
2025-11-11 03:00:00,8.05,0.0,92.0,10.45,forecast
2025-11-11 04:00:00,6.9,0.0,93.0,9.0,forecast
2025-11-11 05:00:00,8.4,0.0,86.0,11.2,forecast
2025-11-11 06:00:00,9.100000000000001,0.0,88.5,8.55,imputed_gap
2025-11-11 07:00:00,9.8,0.0,91.0,5.9,forecast
2025-11-11 08:00:00,14.0,0.0,86.0,7.8,forecast
2025-11-11 09:00:00,15.2,0.0,82.0,6.5,forecast
2025-11-11 10:00:00,16.4,0.0,72.0,12.1,forecast
2025-11-11 11:00:00,17.4,0.0,66.0,11.7,forecast
2025-11-11 12:00:00,20.1,0.0,71.0,15.1,forecast
2025-11-11 13:00:00,19.8,0.0,77.0,9.4,forecast
2025-11-11 14:00:00,19.6,0.0,60.0,10.7,forecast
2025-11-11 15:00:00,22.6,0.0,58.0,12.4,forecast
2025-11-11 16:00:00,18.9,0.1,66.0,9.3,forecast
2025-11-11 17:00:00,20.4,0.0,62.0,8.3,forecast
2025-11-11 18:00:00,17.1,0.0,59.0,11.2,forecast
2025-11-11 19:00:00,17.200000000000003,0.0,70.5,9.2,imputed_gap
2025-11-11 20:00:00,17.3,0.0,82.0,7.2,forecast
2025-11-11 21:00:00,13.7,0.0,85.0,11.7,forecast
2025-11-11 22:00:00,12.6,0.0,86.0,4.0,forecast
2025-11-11 23:00:00,10.899999999999999,0.0,87.0,10.399999999999999,forecast
2025-11-12 00:00:00,10.2,0.0,83.0,10.5,forecast
2025-11-12 01:00:00,10.3,0.0,83.0,11.7,forecast
2025-11-12 02:00:00,9.0,0.0,89.0,8.95,imputed_gap
2025-11-12 03:00:00,7.7,0.0,95.0,6.2,forecast
2025-11-12 04:00:00,9.3,0.0,88.0,14.75,forecast
2025-11-12 05:00:00,7.4,0.0,95.0,4.4,forecast
2025-11-12 06:00:00,11.2,0.0,88.0,9.0,forecast
2025-11-12 07:00:00,11.95,0.0,86.5,10.1,imputed_gap
2025-11-12 08:00:00,12.7,0.0,85.0,11.2,forecast
2025-11-12 09:00:00,13.1,2.6,82.0,10.4,forecast
2025-11-12 10:00:00,16.7,0.0,71.0,12.3,forecast
2025-11-12 11:00:00,18.4,0.2,67.0,5.5,forecast
2025-11-12 12:00:00,18.0,0.0,62.0,13.0,forecast
2025-11-12 13:00:00,21.7,0.0,60.0,6.5,forecast
2025-11-12 14:00:00,21.6,0.0,75.0,12.5,forecast
2025-11-12 15:00:00,21.4,0.1,71.0,10.6,forecast
2025-11-12 16:00:00,21.9,0.0,59.0,5.2,forecast
2025-11-12 17:00:00,18.9,0.0,66.0,14.0,forecast
2025-11-12 18:00:00,17.4,0.0,68.0,6.8,forecast
2025-11-12 19:00:00,16.5,0.0,61.0,10.2,forecast
2025-11-12 20:00:00,16.7,0.0,64.0,8.7,forecast
2025-11-12 21:00:00,13.3,0.4,74.0,11.3,forecast
2025-11-12 22:00:00,13.2,1.2,71.0,14.1,forecast
2025-11-12 23:00:00,10.6,0.0,90.0,21.8,forecast
2025-11-13 00:00:00,10.899999999999999,0.0,88.5,17.9,imputed_gap
2025-11-13 01:00:00,11.2,0.0,87.0,14.0,forecast
2025-11-13 02:00:00,9.0,0.0,99.0,14.4,forecast
2025-11-13 03:00:00,9.0,0.0,92.5,9.1,forecast
2025-11-13 04:00:00,7.9,1.2,96.0,5.7,forecast
2025-11-13 05:00:00,9.1,0.0,91.0,8.1,forecast
2025-11-13 06:00:00,11.25,0.0,88.0,6.4,imputed_gap
2025-11-13 07:00:00,13.4,0.0,85.0,4.7,forecast
2025-11-13 08:00:00,15.0,0.0,77.0,14.1,forecast
2025-11-13 09:00:00,15.1,0.0,73.0,4.6,forecast
2025-11-13 10:00:00,18.3,0.0,62.0,8.9,forecast
2025-11-13 11:00:00,18.2,1.8,73.5,6.050000000000001,forecast
2025-11-13 12:00:00,18.6,0.0,64.0,13.1,forecast
2025-11-13 13:00:00,19.0,0.8,86.0,14.7,forecast
2025-11-13 14:00:00,20.1,13.25,85.0,12.25,imputed_gap
2025-11-13 15:00:00,21.2,25.7,84.0,9.8,forecast
2025-11-13 16:00:00,19.9,1.65,76.5,10.8,forecast
2025-11-13 17:00:00,19.3,3.6,82.0,15.5,forecast
2025-11-13 18:00:00,19.5,3.6,82.0,9.1,forecast
2025-11-13 19:00:00,18.05,1.8,72.0,12.950000000000001,imputed_gap
2025-11-13 20:00:00,16.6,0.0,62.0,16.8,forecast
2025-11-13 21:00:00,15.2,0.0,81.0,15.7,forecast
2025-11-13 22:00:00,14.9,0.0,87.0,24.1,forecast
2025-11-13 23:00:00,11.9,1.0,91.0,6.9,forecast
2025-11-14 00:00:00,12.3,0.0,82.0,8.6,forecast
2025-11-14 01:00:00,10.9,0.0,90.0,13.8,forecast
2025-11-14 02:00:00,9.8,0.0,97.0,3.6,forecast
2025-11-14 03:00:00,8.9,0.0,82.0,11.6,forecast
2025-11-14 04:00:00,9.3,0.0,92.0,15.9,forecast
2025-11-14 05:00:00,8.8,0.0,90.0,15.5,forecast
2025-11-14 06:00:00,14.35,0.0,75.0,12.649999999999999,forecast
2025-11-14 07:00:00,13.5,0.0,89.0,3.7,forecast
2025-11-14 08:00:00,14.9,0.0,78.0,22.1,forecast
2025-11-14 09:00:00,16.46666666666667,0.0,74.0,19.46666666666667,imputed_gap
2025-11-14 10:00:00,18.033333333333335,0.0,70.0,16.833333333333332,imputed_gap
2025-11-14 11:00:00,19.6,0.0,66.0,14.2,forecast
2025-11-14 12:00:00,21.2,0.0,60.5,7.9,forecast
2025-11-14 13:00:00,21.5,0.0,55.0,16.1,forecast
2025-11-14 14:00:00,22.6,0.0,64.0,10.8,forecast
2025-11-14 15:00:00,21.7,0.0,61.0,18.0,forecast
2025-11-14 16:00:00,22.5,0.0,66.0,18.3,forecast
2025-11-14 17:00:00,21.45,0.0,63.5,14.45,imputed_gap
2025-11-14 18:00:00,20.4,0.0,61.0,10.6,forecast
2025-11-14 19:00:00,17.5,0.0,73.0,5.9,forecast
2025-11-14 20:00:00,17.6,0.0,71.0,6.0,forecast
2025-11-14 21:00:00,16.1,0.0,84.0,4.4,forecast
2025-11-14 22:00:00,13.8,0.0,85.0,6.4,imputed_gap
2025-11-14 23:00:00,11.5,0.0,86.0,8.4,forecast
